   y/x      0.0000    7.5000   15.0000   22.5000   30.0000   37.5000   45.0000   52.5000   60.0000   67.5000   75.0000   82.5000   90.0000   97.5000  105.0000  112.5000  120.0000  127.5000  135.0000  142.5000  150.0000  157.5000  165.0000  172.5000  180.0000  187.5000  195.0000  202.5000  210.0000  217.5000  225.0000  232.5000  240.0000  247.5000  255.0000  262.5000  270.0000  277.5000  285.0000  292.5000  300.0000  307.5000  315.0000  322.5000  330.0000  337.5000  345.0000  352.5000  360.0000  367.5000  375.0000  382.5000  390.0000  397.5000  405.0000  412.5000  420.0000  427.5000  435.0000  442.5000  450.0000  457.5000  465.0000  472.5000  480.0000  487.5000  495.0000  502.5000  510.0000  517.5000  525.0000  532.5000  540.0000  547.5000  555.0000  562.5000  570.0000  577.5000  585.0000  592.5000  600.0000  607.5000  615.0000  622.5000  630.0000  637.5000  645.0000  652.5000  660.0000  667.5000  675.0000  682.5000  690.0000  697.5000  705.0000  712.5000  720.0000  727.5000  735.0000  742.5000  750.0000  757.5000  765.0000  772.5000  780.0000  787.5000  795.0000  802.5000  810.0000  817.5000  825.0000  832.5000  840.0000  847.5000  855.0000  862.5000  870.0000  877.5000  885.0000  892.5000  900.0000  907.5000  915.0000  922.5000  930.0000  937.5000  945.0000  952.5000  960.0000  967.5000  975.0000  982.5000  990.0000  997.5000 1005.0000 1012.5000 1020.0000 1027.5000 1035.0000 1042.5000 1050.0000 1057.5000 1065.0000 1072.5000 1080.0000 1087.5000 1095.0000 1102.5000 1110.0000 1117.5000 1125.0000 1132.5000 1140.0000 1147.5000 1155.0000 1162.5000 1170.0000 1177.5000 1185.0000 1192.5000 1200.0000 1207.5000 1215.0000 1222.5000 1230.0000 1237.5000 1245.0000 1252.5000 1260.0000 1267.5000 1275.0000 1282.5000 1290.0000 1297.5000 1305.0000 1312.5000 1320.0000 1327.5000 1335.0000 1342.5000 1350.0000 1357.5000 1365.0000 1372.5000 1380.0000 1387.5000 1395.0000 1402.5000 1410.0000 1417.5000 1425.0000 1432.5000 1440.0000 1447.5000 1455.0000 1462.5000 1470.0000 1477.5000 1485.0000 1492.5000 1500.0000 1507.5000 1515.0000 1522.5000 1530.0000 1537.5000 1545.0000 1552.5000 1560.0000 1567.5000 1575.0000 1582.5000 1590.0000 1597.5000 1605.0000 1612.5000 1620.0000 1627.5000 1635.0000 1642.5000 1650.0000 1657.5000 1665.0000 1672.5000 1680.0000 1687.5000 1695.0000 1702.5000 1710.0000
 -0.6250   1.04300   1.04082   1.04082   1.04082   1.04082   1.04082   1.04082   1.04082   1.04082   1.04082   1.04082   1.04082   1.04082   1.04082   1.04082   1.04082   1.04083   1.04084   1.04085   1.04087   1.04099   1.04302   1.04791   1.05033   1.05182   1.05320   1.05456   1.05586   1.05707   1.05817   1.05916   1.06005   1.06084   1.06156   1.06222   1.06283   1.06342   1.06400   1.06458   1.06518   1.06580   1.06645   1.06716   1.06793   1.06878   1.06971   1.07074   1.07188   1.07315   1.07455   1.07612   1.07787   1.07984   1.08205   1.08455   1.08738   1.09058   1.09418   1.09823   1.10274   1.10772   1.11319   1.11914   1.12558   1.13252   1.13997   1.14790   1.15633   1.16520   1.17446   1.18405   1.19388   1.20387   1.21393   1.22402   1.23409   1.24410   1.25404   1.26392   1.27374   1.28350   1.29320   1.30284   1.31244   1.32201   1.33158   1.34120   1.35088   1.36064   1.37050   1.38047   1.39059   1.40088   1.41138   1.42212   1.43315   1.44452   1.45628   1.46851   1.48128   1.49467   1.50875   1.52358   1.53923   1.55574   1.57317   1.59152   1.61080   1.63104   1.65221   1.67432   1.69738   1.72143   1.74651   1.77269   1.80011   1.82886   1.85909   1.89097   1.92464   1.96028   1.99805   2.03803   2.08030   2.12486   2.17175   2.22106   2.27299   2.32797   2.38657   2.44929   2.51640   2.58813   2.66501   2.74795   2.83723   2.93168   3.02987   3.12965   3.22836   3.32396   3.41448   3.49851   3.57590   3.64685   3.71129   3.76887   3.82074   3.86862   3.91359   3.95625   3.99698   4.03608   4.07375   4.11015   4.14540   4.17962   4.21286   4.24520   4.27667   4.30734   4.33723   4.36640   4.39487   4.42267   4.44982   4.47635   4.50227   4.52760   4.55236   4.57657   4.60023   4.62337   4.64599   4.66812   4.68977   4.71095   4.73167   4.75194   4.77176   4.79116   4.81013   4.82869   4.84686   4.86464   4.88205   4.89910   4.91580   4.93216   4.94818   4.96386   4.97922   4.99426   5.00900   5.02345   5.03762   5.05155   5.06525   5.07874   5.09195   5.10480   5.11723   5.12921   5.14092   5.15245   5.16299   5.17219   5.18038   5.18798   5.19531   5.20250   5.20960   5.21664   5.22367   5.23073   5.23790   5.24523   5.25279   5.26062   5.26876   5.27722   5.28600   5.29507   5.30438   5.31382   5.32330   5.33271   5.34190   5.35074
  0.6250   1.04063   1.04082   1.04082   1.04082   1.04082   1.04082   1.04082   1.04082   1.04082   1.04082   1.04082   1.04082   1.04082   1.04082   1.04082   1.04082   1.04083   1.04084   1.04085   1.04087   1.04099   1.04302   1.04791   1.05033   1.05182   1.05320   1.05456   1.05586   1.05707   1.05817   1.05916   1.06005   1.06084   1.06156   1.06222   1.06283   1.06342   1.06400   1.06458   1.06518   1.06580   1.06645   1.06716   1.06793   1.06878   1.06971   1.07074   1.07188   1.07315   1.07455   1.07612   1.07787   1.07984   1.08205   1.08455   1.08738   1.09058   1.09418   1.09823   1.10274   1.10772   1.11319   1.11914   1.12558   1.13252   1.13997   1.14790   1.15633   1.16520   1.17446   1.18405   1.19388   1.20387   1.21393   1.22402   1.23409   1.24410   1.25404   1.26392   1.27374   1.28350   1.29320   1.30284   1.31244   1.32201   1.33158   1.34120   1.35088   1.36064   1.37050   1.38047   1.39059   1.40088   1.41138   1.42212   1.43315   1.44452   1.45628   1.46851   1.48128   1.49467   1.50875   1.52358   1.53923   1.55574   1.57317   1.59152   1.61080   1.63104   1.65221   1.67432   1.69738   1.72143   1.74651   1.77269   1.80011   1.82886   1.85909   1.89097   1.92464   1.96028   1.99805   2.03803   2.08030   2.12486   2.17175   2.22106   2.27299   2.32797   2.38657   2.44929   2.51640   2.58813   2.66501   2.74795   2.83723   2.93168   3.02987   3.12965   3.22836   3.32396   3.41448   3.49851   3.57590   3.64685   3.71129   3.76887   3.82074   3.86862   3.91359   3.95625   3.99698   4.03608   4.07375   4.11015   4.14540   4.17962   4.21286   4.24520   4.27667   4.30734   4.33723   4.36640   4.39487   4.42267   4.44982   4.47635   4.50227   4.52760   4.55236   4.57657   4.60023   4.62337   4.64599   4.66812   4.68977   4.71095   4.73167   4.75194   4.77176   4.79116   4.81013   4.82869   4.84686   4.86464   4.88205   4.89910   4.91580   4.93216   4.94818   4.96386   4.97922   4.99426   5.00900   5.02345   5.03762   5.05155   5.06525   5.07874   5.09195   5.10480   5.11723   5.12921   5.14092   5.15245   5.16299   5.17219   5.18038   5.18798   5.19531   5.20250   5.20960   5.21664   5.22367   5.23073   5.23790   5.24523   5.25279   5.26062   5.26876   5.27722   5.28600   5.29507   5.30438   5.31382   5.32330   5.33271   5.34190   5.35074
  1.8750   1.04063   1.04082   1.04082   1.04082   1.04082   1.04082   1.04082   1.04082   1.04082   1.04082   1.04082   1.04082   1.04082   1.04082   1.04082   1.04082   1.04083   1.04084   1.04085   1.04087   1.04100   1.04283   1.04767   1.05015   1.05178   1.05334   1.05481   1.05614   1.05734   1.05841   1.05936   1.06021   1.06097   1.06167   1.06232   1.06293   1.06352   1.06410   1.06468   1.06527   1.06590   1.06656   1.06727   1.06805   1.06891   1.06985   1.07090   1.07205   1.07333   1.07476   1.07635   1.07813   1.08013   1.08238   1.08492   1.08780   1.09105   1.09472   1.09884   1.10342   1.10848   1.11402   1.12005   1.12657   1.13359   1.14111   1.14913   1.15763   1.16658   1.17591   1.18555   1.19541   1.20542   1.21551   1.22560   1.23566   1.24565   1.25558   1.26544   1.27524   1.28498   1.29465   1.30427   1.31384   1.32339   1.33295   1.34256   1.35223   1.36198   1.37184   1.38181   1.39193   1.40223   1.41274   1.42351   1.43457   1.44597   1.45779   1.47007   1.48292   1.49639   1.51056   1.52551   1.54127   1.55792   1.57549   1.59398   1.61342   1.63381   1.65514   1.67741   1.70064   1.72486   1.75012   1.77650   1.80414   1.83315   1.86368   1.89589   1.92994   1.96603   2.00427   2.04475   2.08750   2.13246   2.17967   2.22932   2.28171   2.33725   2.39658   2.46035   2.52901   2.60271   2.68203   2.76773   2.85961   2.95625   3.05552   3.15444   3.25061   3.34272   3.42964   3.51059   3.58531   3.65386   3.71614   3.77237   3.82366   3.87124   3.91597   3.95842   3.99899   4.03794   4.07547   4.11176   4.14691   4.18103   4.21419   4.24644   4.27784   4.30844   4.33827   4.36738   4.39580   4.42354   4.45064   4.47713   4.50300   4.52830   4.55302   4.57719   4.60082   4.62393   4.64653   4.66863   4.69025   4.71140   4.73210   4.75235   4.77215   4.79153   4.81048   4.82902   4.84717   4.86494   4.88233   4.89937   4.91606   4.93240   4.94841   4.96408   4.97942   4.99445   5.00918   5.02362   5.03778   5.05169   5.06537   5.07884   5.09205   5.10490   5.11732   5.12930   5.14103   5.15253   5.16306   5.17226   5.18046   5.18807   5.19541   5.20261   5.20972   5.21678   5.22382   5.23089   5.23808   5.24542   5.25299   5.26084   5.26899   5.27747   5.28627   5.29535   5.30467   5.31412   5.32362   5.33304   5.34225   5.35110
  3.1250   1.04063   1.04082   1.04082   1.04082   1.04082   1.04082   1.04082   1.04082   1.04082   1.04082   1.04082   1.04082   1.04082   1.04082   1.04082   1.04083   1.04083   1.04084   1.04086   1.04089   1.04100   1.04260   1.04727   1.04985   1.05177   1.05358   1.05520   1.05659   1.05778   1.05881   1.05972   1.06052   1.06126   1.06193   1.06256   1.06315   1.06373   1.06430   1.06487   1.06547   1.06609   1.06676   1.06749   1.06828   1.06915   1.07012   1.07118   1.07237   1.07368   1.07515   1.07679   1.07862   1.08068   1.08300   1.08563   1.08861   1.09198   1.09577   1.10001   1.10473   1.10992   1.11560   1.12177   1.12843   1.13560   1.14327   1.15143   1.16008   1.16916   1.17861   1.18835   1.19829   1.20835   1.21846   1.22857   1.23864   1.24864   1.25857   1.26843   1.27824   1.28798   1.29765   1.30727   1.31684   1.32640   1.33598   1.34561   1.35531   1.36510   1.37500   1.38502   1.39520   1.40558   1.41618   1.42705   1.43822   1.44977   1.46174   1.47422   1.48729   1.50101   1.51547   1.53072   1.54681   1.56382   1.58175   1.60062   1.62045   1.64124   1.66294   1.68560   1.70922   1.73384   1.75955   1.78641   1.81459   1.84422   1.87545   1.90844   1.94338   1.98044   2.01964   2.06107   2.10469   2.15049   2.19853   2.24918   2.30281   2.35992   2.42128   2.48765   2.55942   2.63682   2.72018   2.80990   2.90468   3.00223   3.09961   3.19430   3.28530   3.37196   3.45352   3.52960   3.60003   3.66488   3.72438   3.77896   3.82934   3.87631   3.92059   3.96266   4.00291   4.04158   4.07888   4.11494   4.14990   4.18384   4.21682   4.24892   4.28017   4.31063   4.34034   4.36933   4.39764   4.42528   4.45229   4.47868   4.50447   4.52968   4.55433   4.57843   4.60200   4.62504   4.64758   4.66963   4.69120   4.71231   4.73296   4.75316   4.77293   4.79226   4.81118   4.82969   4.84780   4.86554   4.88290   4.89991   4.91657   4.93289   4.94887   4.96451   4.97984   4.99484   5.00954   5.02396   5.03809   5.05198   5.06564   5.07907   5.09225   5.10508   5.11750   5.12948   5.14122   5.15270   5.16320   5.17240   5.18061   5.18824   5.19560   5.20283   5.20997   5.21705   5.22411   5.23122   5.23843   5.24581   5.25341   5.26128   5.26946   5.27797   5.28679   5.29591   5.30525   5.31473   5.32426   5.33371   5.34295   5.35184
  4.3750   1.04063   1.04081   1.04082   1.04082   1.04082   1.04082   1.04082   1.04082   1.04082   1.04082   1.04082   1.04082   1.04082   1.04082   1.04082   1.04083   1.04084   1.04085   1.04087   1.04091   1.04102   1.04236   1.04681   1.04949   1.05183   1.05395   1.05572   1.05715   1.05832   1.05931   1.06016   1.06092   1.06161   1.06224   1.06284   1.06341   1.06396   1.06452   1.06509   1.06568   1.06631   1.06699   1.06773   1.06855   1.06944   1.07044   1.07154   1.07276   1.07413   1.07565   1.07735   1.07926   1.08141   1.08384   1.08658   1.08970   1.09321   1.09717   1.10159   1.10648   1.11185   1.11771   1.12407   1.13092   1.13827   1.14613   1.15448   1.16331   1.17255   1.18213   1.19198   1.20200   1.21211   1.22224   1.23235   1.24240   1.25238   1.26229   1.27214   1.28193   1.29166   1.30132   1.31093   1.32051   1.33007   1.33966   1.34931   1.35905   1.36889   1.37884   1.38894   1.39920   1.40968   1.42040   1.43140   1.44273   1.45446   1.46666   1.47939   1.49276   1.50682   1.52165   1.53731   1.55385   1.57134   1.58978   1.60918   1.62955   1.65087   1.67312   1.69634   1.72055   1.74579   1.77217   1.79981   1.82889   1.85953   1.89191   1.92617   1.96255   2.00111   2.04186   2.08480   2.12992   2.17733   2.22701   2.27946   2.33539   2.39562   2.46093   2.53142   2.60721   2.68860   2.77634   2.86907   2.96350   3.05744   3.14921   3.23764   3.32258   3.40358   3.47993   3.55122   3.61736   3.67868   3.73554   3.78833   3.83752   3.88365   3.92728   3.96883   4.00863   4.04692   4.08387   4.11963   4.15430   4.18798   4.22073   4.25260   4.28364   4.31391   4.34343   4.37225   4.40040   4.42789   4.45475   4.48101   4.50668   4.53178   4.55631   4.58031   4.60378   4.62673   4.64918   4.67115   4.69264   4.71367   4.73425   4.75439   4.77409   4.79337   4.81223   4.83069   4.84875   4.86644   4.88376   4.90073   4.91734   4.93362   4.94956   4.96517   4.98046   4.99543   5.01009   5.02447   5.03857   5.05242   5.06604   5.07943   5.09257   5.10537   5.11777   5.12976   5.14151   5.15294   5.16340   5.17261   5.18084   5.18850   5.19590   5.20316   5.21034   5.21746   5.22456   5.23171   5.23896   5.24638   5.25403   5.26194   5.27017   5.27871   5.28758   5.29674   5.30613   5.31566   5.32522   5.33473   5.34401   5.35295
  5.6250   1.04063   1.04081   1.04082   1.04082   1.04082   1.04082   1.04082   1.04082   1.04082   1.04082   1.04082   1.04082   1.04082   1.04082   1.04083   1.04083   1.04084   1.04086   1.04089   1.04094   1.04106   1.04214   1.04627   1.04921   1.05206   1.05448   1.05636   1.05779   1.05892   1.05985   1.06065   1.06135   1.06200   1.06259   1.06316   1.06371   1.06425   1.06480   1.06537   1.06598   1.06663   1.06733   1.06811   1.06896   1.06991   1.07096   1.07212   1.07343   1.07488   1.07649   1.07831   1.08034   1.08263   1.08523   1.08817   1.09149   1.09525   1.09946   1.10414   1.10931   1.11496   1.12109   1.12772   1.13485   1.14249   1.15063   1.15925   1.16833   1.17780   1.18756   1.19754   1.20765   1.21781   1.22795   1.23804   1.24805   1.25798   1.26784   1.27764   1.28739   1.29707   1.30670   1.31628   1.32583   1.33538   1.34498   1.35467   1.36445   1.37435   1.38438   1.39457   1.40496   1.41557   1.42645   1.43764   1.44919   1.46118   1.47368   1.48677   1.50055   1.51507   1.53041   1.54662   1.56377   1.58189   1.60095   1.62102   1.64207   1.66404   1.68695   1.71087   1.73580   1.76182   1.78907   1.81775   1.84799   1.87998   1.91387   1.94979   1.98798   2.02832   2.07077   2.11529   2.16196   2.21117   2.26316   2.31860   2.37846   2.44376   2.51459   2.59005   2.66981   2.75428   2.84331   2.93394   3.02328   3.11090   3.19673   3.28005   3.36011   3.43606   3.50744   3.57416   3.63640   3.69453   3.74890   3.79983   3.84766   3.89280   3.93565   3.97657   4.01584   4.05367   4.09021   4.12560   4.15994   4.19331   4.22577   4.25737   4.28816   4.31819   4.34749   4.37610   4.40404   4.43135   4.45803   4.48412   4.50963   4.53458   4.55897   4.58283   4.60617   4.62900   4.65133   4.67319   4.69458   4.71552   4.73600   4.75605   4.77567   4.79487   4.81365   4.83204   4.85004   4.86766   4.88492   4.90183   4.91839   4.93462   4.95051   4.96606   4.98130   4.99622   5.01084   5.02517   5.03922   5.05303   5.06659   5.07994   5.09302   5.10578   5.11816   5.13016   5.14190   5.15326   5.16368   5.17288   5.18114   5.18884   5.19629   5.20360   5.21083   5.21800   5.22516   5.23236   5.23967   5.24715   5.25485   5.26283   5.27111   5.27972   5.28864   5.29786   5.30730   5.31689   5.32652   5.33608   5.34544   5.35444
  6.8750   1.04063   1.04080   1.04082   1.04082   1.04082   1.04082   1.04082   1.04082   1.04082   1.04082   1.04082   1.04082   1.04082   1.04082   1.04083   1.04084   1.04086   1.04088   1.04092   1.04099   1.04114   1.04203   1.04562   1.04919   1.05258   1.05521   1.05710   1.05849   1.05956   1.06043   1.06117   1.06182   1.06242   1.06298   1.06353   1.06406   1.06460   1.06515   1.06573   1.06636   1.06703   1.06777   1.06859   1.06949   1.07050   1.07161   1.07285   1.07423   1.07577   1.07749   1.07942   1.08158   1.08403   1.08679   1.08992   1.09346   1.09745   1.10191   1.10685   1.11228   1.11818   1.12457   1.13146   1.13884   1.14673   1.15511   1.16396   1.17324   1.18288   1.19276   1.20281   1.21294   1.22309   1.23320   1.24324   1.25321   1.26311   1.27294   1.28272   1.29246   1.30214   1.31178   1.32137   1.33095   1.34055   1.35021   1.35998   1.36987   1.37991   1.39009   1.40047   1.41106   1.42192   1.43308   1.44459   1.45651   1.46892   1.48191   1.49557   1.50998   1.52521   1.54132   1.55837   1.57641   1.59546   1.61548   1.63653   1.65855   1.68148   1.70538   1.73034   1.75638   1.78360   1.81219   1.84247   1.87440   1.90826   1.94415   1.98213   2.02225   2.06434   2.10843   2.15467   2.20367   2.25573   2.31173   2.37244   2.43820   2.50871   2.58325   2.66104   2.74196   2.82591   2.91121   2.99590   3.07953   3.16239   3.24379   3.32261   3.39785   3.46887   3.53552   3.59802   3.65671   3.71190   3.76388   3.81293   3.85932   3.90334   3.94532   3.98554   4.02422   4.06152   4.09761   4.13260   4.16658   4.19961   4.23174   4.26305   4.29356   4.32332   4.35238   4.38076   4.40848   4.43558   4.46206   4.48796   4.51328   4.53805   4.56228   4.58598   4.60916   4.63185   4.65404   4.67577   4.69704   4.71785   4.73823   4.75817   4.77768   4.79678   4.81547   4.83376   4.85168   4.86922   4.88640   4.90324   4.91973   4.93589   4.95171   4.96721   4.98238   4.99724   5.01179   5.02606   5.04006   5.05381   5.06732   5.08060   5.09362   5.10633   5.11868   5.13068   5.14239   5.15367   5.16403   5.17323   5.18151   5.18926   5.19677   5.20415   5.21144   5.21868   5.22590   5.23318   5.24056   5.24811   5.25589   5.26394   5.27229   5.28097   5.28997   5.29926   5.30878   5.31845   5.32816   5.33780   5.34724   5.35633
  8.1250   1.04063   1.04080   1.04082   1.04082   1.04082   1.04082   1.04082   1.04082   1.04082   1.04082   1.04082   1.04082   1.04082   1.04083   1.04084   1.04085   1.04087   1.04091   1.04097   1.04107   1.04127   1.04216   1.04545   1.04978   1.05348   1.05611   1.05792   1.05922   1.06021   1.06101   1.06170   1.06231   1.06287   1.06341   1.06393   1.06445   1.06498   1.06554   1.06614   1.06679   1.06750   1.06828   1.06914   1.07010   1.07117   1.07235   1.07368   1.07515   1.07679   1.07863   1.08070   1.08302   1.08564   1.08861   1.09198   1.09579   1.10006   1.10482   1.11007   1.11580   1.12202   1.12872   1.13590   1.14358   1.15176   1.16042   1.16954   1.17904   1.18885   1.19884   1.20894   1.21906   1.22915   1.23919   1.24915   1.25903   1.26885   1.27862   1.28835   1.29804   1.30769   1.31730   1.32688   1.33645   1.34607   1.35577   1.36560   1.37559   1.38575   1.39609   1.40665   1.41746   1.42858   1.44003   1.45189   1.46420   1.47708   1.49063   1.50494   1.52007   1.53610   1.55310   1.57112   1.59023   1.61039   1.63160   1.65388   1.67713   1.70134   1.72658   1.75298   1.78057   1.80957   1.84009   1.87247   1.90660   1.94278   1.98094   2.02120   2.06337   2.10766   2.15429   2.20385   2.25712   2.31420   2.37566   2.44161   2.51173   2.58457   2.65990   2.73707   2.81573   2.89527   2.97521   3.05505   3.13477   3.21406   3.29154   3.36573   3.43586   3.50190   3.56408   3.62270   3.67807   3.73045   3.78011   3.82727   3.87215   3.91499   3.95603   3.99549   4.03351   4.07026   4.10586   4.14041   4.17398   4.20664   4.23844   4.26943   4.29964   4.32913   4.35793   4.38607   4.41356   4.44044   4.46671   4.49241   4.51754   4.54212   4.56617   4.58970   4.61272   4.63524   4.65729   4.67887   4.69999   4.72067   4.74092   4.76073   4.78013   4.79911   4.81768   4.83587   4.85368   4.87113   4.88822   4.90497   4.92138   4.93745   4.95320   4.96861   4.98371   4.99849   5.01298   5.02718   5.04111   5.05478   5.06822   5.08143   5.09439   5.10704   5.11936   5.13133   5.14298   5.15418   5.16447   5.17365   5.18197   5.18979   5.19737   5.20482   5.21218   5.21949   5.22680   5.23416   5.24163   5.24927   5.25714   5.26528   5.27372   5.28250   5.29159   5.30097   5.31058   5.32034   5.33014   5.33989   5.34943   5.35863
  9.3750   1.04063   1.04079   1.04082   1.04082   1.04082   1.04082   1.04082   1.04082   1.04082   1.04082   1.04082   1.04082   1.04083   1.04083   1.04085   1.04087   1.04090   1.04095   1.04104   1.04119   1.04156   1.04305   1.04681   1.05122   1.05473   1.05713   1.05877   1.05995   1.06086   1.06160   1.06224   1.06281   1.06334   1.06385   1.06436   1.06488   1.06542   1.06600   1.06662   1.06730   1.06805   1.06888   1.06981   1.07085   1.07200   1.07328   1.07471   1.07631   1.07809   1.08009   1.08234   1.08487   1.08774   1.09100   1.09469   1.09885   1.10351   1.10868   1.11434   1.12048   1.12710   1.13421   1.14180   1.14988   1.15846   1.16752   1.17699   1.18679   1.19682   1.20697   1.21713   1.22725   1.23728   1.24722   1.25706   1.26683   1.27652   1.28618   1.29580   1.30539   1.31496   1.32449   1.33401   1.34354   1.35313   1.36283   1.37269   1.38275   1.39300   1.40348   1.41422   1.42525   1.43662   1.44839   1.46061   1.47338   1.48679   1.50097   1.51602   1.53196   1.54891   1.56696   1.58610   1.60645   1.62789   1.65045   1.67413   1.69877   1.72441   1.75117   1.77916   1.80858   1.83955   1.87222   1.90673   1.94320   1.98175   2.02231   2.06502   2.10988   2.15754   2.20827   2.26279   2.32094   2.38299   2.44892   2.51754   2.58848   2.66118   2.73501   2.80929   2.88428   2.96008   3.03658   3.11368   3.19092   3.26676   3.33963   3.40867   3.47373   3.53507   3.59306   3.64803   3.70023   3.74992   3.79731   3.84260   3.88596   3.92757   3.96763   4.00627   4.04360   4.07974   4.11481   4.14889   4.18203   4.21429   4.24572   4.27637   4.30627   4.33548   4.36401   4.39189   4.41914   4.44579   4.47185   4.49734   4.52227   4.54667   4.57054   4.59389   4.61674   4.63910   4.66099   4.68242   4.70340   4.72394   4.74404   4.76373   4.78299   4.80184   4.82030   4.83837   4.85607   4.87341   4.89039   4.90704   4.92335   4.93933   4.95498   4.97031   4.98531   5.00001   5.01441   5.02853   5.04238   5.05597   5.06934   5.08247   5.09534   5.10793   5.12019   5.13212   5.14370   5.15480   5.16500   5.17417   5.18252   5.19041   5.19807   5.20560   5.21305   5.22045   5.22785   5.23531   5.24288   5.25063   5.25861   5.26685   5.27541   5.28429   5.29349   5.30298   5.31271   5.32258   5.33250   5.34237   5.35203   5.36136
 10.6250   1.04063   1.04079   1.04082   1.04082   1.04082   1.04082   1.04082   1.04082   1.04082   1.04082   1.04082   1.04082   1.04083   1.04084   1.04087   1.04090   1.04094   1.04101   1.04114   1.04142   1.04250   1.04532   1.04934   1.05320   1.05614   1.05819   1.05963   1.06069   1.06151   1.06219   1.06278   1.06332   1.06383   1.06433   1.06483   1.06535   1.06591   1.06651   1.06716   1.06789   1.06870   1.06960   1.07061   1.07174   1.07299   1.07439   1.07595   1.07769   1.07965   1.08184   1.08430   1.08709   1.09024   1.09383   1.09789   1.10246   1.10754   1.11315   1.11925   1.12582   1.13288   1.14040   1.14842   1.15693   1.16593   1.17539   1.18522   1.19532   1.20555   1.21580   1.22600   1.23608   1.24605   1.25591   1.26567   1.27534   1.28495   1.29452   1.30407   1.31360   1.32311   1.33259   1.34206   1.35156   1.36114   1.37086   1.38078   1.39094   1.40134   1.41201   1.42299   1.43430   1.44601   1.45816   1.47084   1.48417   1.49824   1.51324   1.52923   1.54622   1.56437   1.58374   1.60428   1.62611   1.64901   1.67311   1.69826   1.72443   1.75163   1.78014   1.80993   1.84139   1.87453   1.90955   1.94636   1.98533   2.02640   2.06972   2.11541   2.16392   2.21586   2.27113   2.32987   2.39189   2.45684   2.52398   2.59292   2.66314   2.73364   2.80451   2.87630   2.94914   3.02311   3.09808   3.17352   3.24784   3.31930   3.38695   3.45076   3.51102   3.56803   3.62214   3.67368   3.72291   3.77003   3.81524   3.85870   3.90056   3.94095   3.98000   4.01779   4.05438   4.08988   4.12440   4.15796   4.19064   4.22247   4.25351   4.28380   4.31337   4.34227   4.37051   4.39812   4.42513   4.45154   4.47737   4.50264   4.52738   4.55158   4.57527   4.59844   4.62112   4.64333   4.66506   4.68634   4.70717   4.72757   4.74754   4.76709   4.78622   4.80495   4.82328   4.84123   4.85881   4.87603   4.89291   4.90945   4.92565   4.94153   4.95707   4.97230   4.98721   5.00181   5.01611   5.03013   5.04389   5.05740   5.07067   5.08371   5.09650   5.10901   5.12120   5.13306   5.14456   5.15553   5.16564   5.17480   5.18319   5.19115   5.19889   5.20651   5.21404   5.22154   5.22906   5.23663   5.24433   5.25220   5.26030   5.26867   5.27736   5.28637   5.29570   5.30532   5.31518   5.32519   5.33525   5.34526   5.35507   5.36455
 11.8750   1.04063   1.04078   1.04082   1.04082   1.04082   1.04082   1.04082   1.04082   1.04082   1.04082   1.04082   1.04083   1.04084   1.04086   1.04089   1.04094   1.04100   1.04111   1.04134   1.04221   1.04481   1.04848   1.05214   1.05522   1.05755   1.05924   1.06047   1.06141   1.06216   1.06279   1.06334   1.06386   1.06435   1.06484   1.06535   1.06588   1.06646   1.06709   1.06780   1.06859   1.06947   1.07046   1.07157   1.07280   1.07418   1.07572   1.07743   1.07935   1.08150   1.08392   1.08665   1.08973   1.09322   1.09719   1.10169   1.10672   1.11229   1.11837   1.12495   1.13200   1.13951   1.14749   1.15595   1.16491   1.17434   1.18419   1.19435   1.20468   1.21503   1.22531   1.23545   1.24545   1.25531   1.26507   1.27474   1.28433   1.29387   1.30337   1.31286   1.32235   1.33182   1.34128   1.35075   1.36026   1.36987   1.37965   1.38969   1.40002   1.41065   1.42159   1.43291   1.44460   1.45675   1.46941   1.48271   1.49679   1.51177   1.52785   1.54508   1.56341   1.58307   1.60405   1.62624   1.64978   1.67429   1.70011   1.72675   1.75464   1.78370   1.81429   1.84619   1.87992   1.91557   1.95307   1.99241   2.03409   2.07797   2.12457   2.17400   2.22647   2.28199   2.34033   2.40170   2.46538   2.53097   2.59788   2.66544   2.73336   2.80174   2.87104   2.94180   3.01393   3.08730   3.16121   3.23410   3.30411   3.37033   3.43274   3.49160   3.54737   3.60039   3.65094   3.69933   3.74578   3.79050   3.83366   3.87539   3.91579   3.95498   3.99303   4.02995   4.06578   4.10062   4.13454   4.16757   4.19976   4.23114   4.26176   4.29167   4.32089   4.34946   4.37740   4.40472   4.43145   4.45761   4.48321   4.50826   4.53278   4.55678   4.58028   4.60327   4.62578   4.64782   4.66940   4.69053   4.71123   4.73149   4.75133   4.77075   4.78975   4.80835   4.82656   4.84439   4.86186   4.87897   4.89573   4.91216   4.92826   4.94403   4.95947   4.97459   4.98939   5.00389   5.01809   5.03201   5.04567   5.05908   5.07225   5.08519   5.09787   5.11028   5.12239   5.13416   5.14556   5.15640   5.16642   5.17556   5.18400   5.19203   5.19985   5.20755   5.21518   5.22279   5.23042   5.23813   5.24596   5.25397   5.26222   5.27075   5.27958   5.28874   5.29823   5.30801   5.31802   5.32819   5.33841   5.34859   5.35857   5.36824
 13.1250   1.04063   1.04077   1.04082   1.04082   1.04082   1.04082   1.04082   1.04082   1.04082   1.04082   1.04083   1.04084   1.04086   1.04089   1.04094   1.04100   1.04110   1.04130   1.04203   1.04447   1.04814   1.05171   1.05468   1.05705   1.05887   1.06025   1.06130   1.06213   1.06281   1.06340   1.06392   1.06442   1.06490   1.06540   1.06591   1.06647   1.06709   1.06777   1.06854   1.06940   1.07037   1.07147   1.07269   1.07406   1.07559   1.07729   1.07919   1.08131   1.08370   1.08639   1.08942   1.09286   1.09676   1.10119   1.10618   1.11175   1.11786   1.12448   1.13158   1.13914   1.14714   1.15561   1.16456   1.17399   1.18387   1.19412   1.20458   1.21507   1.22546   1.23567   1.24568   1.25553   1.26524   1.27486   1.28439   1.29386   1.30328   1.31268   1.32209   1.33152   1.34095   1.35039   1.35985   1.36938   1.37906   1.38895   1.39917   1.40973   1.42067   1.43199   1.44372   1.45589   1.46862   1.48197   1.49612   1.51122   1.52740   1.54488   1.56364   1.58360   1.60501   1.62780   1.65187   1.67721   1.70358   1.73112   1.75960   1.78945   1.82074   1.85368   1.88812   1.92446   1.96267   2.00279   2.04478   2.08915   2.13621   2.18615   2.23902   2.29458   2.35244   2.41264   2.47502   2.53892   2.60356   2.66885   2.73458   2.80111   2.86902   2.93843   3.00919   3.08124   3.15378   3.22520   3.29374   3.35842   3.41919   3.47654   3.53089   3.58257   3.63192   3.67922   3.72473   3.76866   3.81117   3.85243   3.89254   3.93157   3.96960   4.00665   4.04269   4.07775   4.11191   4.14521   4.17768   4.20935   4.24026   4.27045   4.29995   4.32880   4.35702   4.38464   4.41166   4.43810   4.46399   4.48933   4.51414   4.53843   4.56222   4.58551   4.60831   4.63064   4.65252   4.67393   4.69492   4.71547   4.73560   4.75530   4.77459   4.79348   4.81196   4.83006   4.84778   4.86514   4.88215   4.89881   4.91514   4.93114   4.94681   4.96215   4.97716   4.99186   5.00625   5.02034   5.03416   5.04771   5.06102   5.07408   5.08690   5.09947   5.11177   5.12377   5.13544   5.14671   5.15741   5.16735   5.17648   5.18495   5.19305   5.20095   5.20873   5.21646   5.22419   5.23195   5.23981   5.24779   5.25597   5.26439   5.27308   5.28209   5.29143   5.30109   5.31105   5.32125   5.33160   5.34202   5.35239   5.36257   5.37245
 14.3750   1.04063   1.04077   1.04081   1.04082   1.04082   1.04082   1.04082   1.04082   1.04082   1.04083   1.04084   1.04086   1.04089   1.04094   1.04100   1.04109   1.04128   1.04194   1.04430   1.04798   1.05159   1.05453   1.05683   1.05865   1.06009   1.06122   1.06212   1.06286   1.06348   1.06403   1.06453   1.06501   1.06550   1.06600   1.06654   1.06714   1.06780   1.06855   1.06940   1.07036   1.07145   1.07267   1.07404   1.07557   1.07727   1.07916   1.08128   1.08365   1.08632   1.08933   1.09273   1.09659   1.10098   1.10595   1.11153   1.11770   1.12442   1.13162   1.13929   1.14739   1.15592   1.16491   1.17439   1.18433   1.19468   1.20530   1.21600   1.22659   1.23694   1.24701   1.25684   1.26649   1.27602   1.28546   1.29484   1.30416   1.31343   1.32270   1.33199   1.34132   1.35068   1.36008   1.36952   1.37907   1.38881   1.39884   1.40928   1.42015   1.43150   1.44328   1.45552   1.46827   1.48170   1.49597   1.51121   1.52761   1.54528   1.56442   1.58490   1.60676   1.63006   1.65488   1.68104   1.70820   1.73656   1.76593   1.79671   1.82879   1.86256   1.89804   1.93523   1.97419   2.01473   2.05736   2.10230   2.14953   2.19947   2.25237   2.30782   2.36530   2.42446   2.48562   2.54780   2.61067   2.67393   2.73804   2.80337   2.87032   2.93902   3.00895   3.07992   3.15105   3.22092   3.28778   3.35076   3.40985   3.46549   3.51822   3.56843   3.61639   3.66241   3.70679   3.74975   3.79142   3.83197   3.87152   3.91014   3.94789   3.98480   4.02086   4.05602   4.09030   4.12375   4.15642   4.18831   4.21944   4.24985   4.27958   4.30866   4.33712   4.36497   4.39224   4.41893   4.44506   4.47066   4.49572   4.52027   4.54432   4.56787   4.59094   4.61353   4.63567   4.65736   4.67860   4.69942   4.71983   4.73981   4.75938   4.77854   4.79730   4.81567   4.83366   4.85128   4.86854   4.88546   4.90204   4.91828   4.93419   4.94977   4.96502   4.97995   4.99455   5.00885   5.02285   5.03657   5.05002   5.06322   5.07618   5.08888   5.10132   5.11349   5.12537   5.13691   5.14804   5.15859   5.16843   5.17753   5.18606   5.19422   5.20218   5.21004   5.21788   5.22574   5.23365   5.24167   5.24983   5.25820   5.26680   5.27569   5.28490   5.29444   5.30431   5.31448   5.32489   5.33547   5.34610   5.35669   5.36711   5.37724
 15.6250   1.04063   1.04076   1.04080   1.04081   1.04082   1.04082   1.04082   1.04082   1.04082   1.04084   1.04086   1.04089   1.04094   1.04101   1.04110   1.04128   1.04195   1.04431   1.04802   1.05166   1.05462   1.05688   1.05864   1.06005   1.06121   1.06216   1.06295   1.06361   1.06418   1.06469   1.06518   1.06566   1.06615   1.06668   1.06725   1.06790   1.06863   1.06946   1.07041   1.07150   1.07272   1.07410   1.07564   1.07736   1.07927   1.08139   1.08376   1.08643   1.08943   1.09282   1.09666   1.10103   1.10598   1.11160   1.11785   1.12470   1.13206   1.13989   1.14814   1.15681   1.16590   1.17546   1.18549   1.19595   1.20675   1.21769   1.22854   1.23909   1.24929   1.25915   1.26875   1.27818   1.28750   1.29675   1.30595   1.31510   1.32421   1.33333   1.34249   1.35171   1.36101   1.37037   1.37980   1.38939   1.39923   1.40941   1.42011   1.43137   1.44318   1.45551   1.46838   1.48189   1.49618   1.51157   1.52809   1.54600   1.56541   1.58641   1.60886   1.63284   1.65830   1.68522   1.71355   1.74269   1.77316   1.80478   1.83790   1.87253   1.90890   1.94695   1.98672   2.02803   2.07097   2.11619   2.16388   2.21397   2.26650   2.32139   2.37815   2.43685   2.49660   2.55753   2.61909   2.68122   2.74438   2.80903   2.87543   2.94355   3.01285   3.08283   3.15265   3.22087   3.28586   3.34695   3.40418   3.45803   3.50906   3.55763   3.60409   3.64872   3.69180   3.73362   3.77434   3.81404   3.85287   3.89089   3.92816   3.96473   4.00058   4.03568   4.06996   4.10346   4.13621   4.16822   4.19950   4.23007   4.25997   4.28923   4.31787   4.34590   4.37336   4.40026   4.42659   4.45239   4.47768   4.50244   4.52671   4.55049   4.57378   4.59660   4.61896   4.64088   4.66237   4.68342   4.70406   4.72429   4.74411   4.76353   4.78254   4.80117   4.81941   4.83728   4.85479   4.87195   4.88878   4.90527   4.92144   4.93727   4.95278   4.96796   4.98281   4.99734   5.01157   5.02550   5.03914   5.05252   5.06564   5.07851   5.09111   5.10344   5.11548   5.12723   5.13863   5.14959   5.15999   5.16971   5.17879   5.18734   5.19556   5.20357   5.21151   5.21946   5.22746   5.23553   5.24373   5.25209   5.26066   5.26949   5.27860   5.28804   5.29781   5.30792   5.31833   5.32899   5.33981   5.35070   5.36155   5.37223   5.38262
 16.8750   1.04063   1.04075   1.04079   1.04081   1.04081   1.04081   1.04082   1.04082   1.04084   1.04086   1.04089   1.04095   1.04104   1.04112   1.04130   1.04204   1.04451   1.04827   1.05192   1.05487   1.05711   1.05882   1.06018   1.06132   1.06228   1.06309   1.06378   1.06437   1.06490   1.06539   1.06587   1.06635   1.06687   1.06743   1.06806   1.06877   1.06959   1.07054   1.07162   1.07286   1.07426   1.07582   1.07757   1.07950   1.08166   1.08405   1.08673   1.08975   1.09314   1.09699   1.10136   1.10633   1.11198   1.11834   1.12536   1.13294   1.14099   1.14946   1.15832   1.16758   1.17726   1.18741   1.19802   1.20902   1.22022   1.23139   1.24222   1.25260   1.26253   1.27211   1.28144   1.29061   1.29969   1.30871   1.31771   1.32667   1.33559   1.34454   1.35358   1.36273   1.37198   1.38131   1.39075   1.40042   1.41041   1.42080   1.43181   1.44350   1.45584   1.46881   1.48245   1.49689   1.51226   1.52896   1.54699   1.56667   1.58807   1.61112   1.63581   1.66205   1.68991   1.71885   1.74926   1.78072   1.81350   1.84776   1.88330   1.92031   1.95938   1.99981   2.04194   2.08552   2.13112   2.17894   2.22884   2.28110   2.33562   2.39204   2.44975   2.50874   2.56851   2.62913   2.69065   2.75333   2.81785   2.88418   2.95188   3.02047   3.08950   3.15806   3.22449   3.28748   3.34648   3.40170   3.45365   3.50287   3.54979   3.59469   3.63785   3.67956   3.72011   3.75973   3.79852   3.83654   3.87387   3.91053   3.94659   3.98206   4.01692   4.05109   4.08452   4.11727   4.14930   4.18064   4.21130   4.24131   4.27068   4.29944   4.32761   4.35521   4.38226   4.40876   4.43472   4.46016   4.48511   4.50955   4.53352   4.55701   4.58002   4.60257   4.62468   4.64637   4.66762   4.68846   4.70890   4.72893   4.74857   4.76781   4.78665   4.80512   4.82320   4.84093   4.85831   4.87536   4.89207   4.90846   4.92453   4.94028   4.95571   4.97081   4.98558   5.00005   5.01422   5.02809   5.04169   5.05502   5.06809   5.08090   5.09344   5.10570   5.11766   5.12931   5.14059   5.15141   5.16166   5.17129   5.18034   5.18892   5.19717   5.20522   5.21322   5.22126   5.22939   5.23763   5.24602   5.25459   5.26339   5.27245   5.28182   5.29152   5.30156   5.31194   5.32262   5.33356   5.34466   5.35584   5.36698   5.37795   5.38864
 18.1250   1.04063   1.04074   1.04078   1.04080   1.04080   1.04081   1.04082   1.04083   1.04086   1.04090   1.04094   1.04105   1.04116   1.04134   1.04224   1.04493   1.04877   1.05239   1.05528   1.05748   1.05916   1.06048   1.06156   1.06250   1.06331   1.06401   1.06462   1.06516   1.06566   1.06614   1.06661   1.06712   1.06767   1.06828   1.06899   1.06980   1.07074   1.07183   1.07308   1.07450   1.07610   1.07789   1.07988   1.08208   1.08452   1.08724   1.09028   1.09371   1.09758   1.10198   1.10698   1.11268   1.11914   1.12635   1.13420   1.14255   1.15130   1.16042   1.16992   1.17981   1.19014   1.20094   1.21213   1.22360   1.23511   1.24634   1.25701   1.26705   1.27658   1.28575   1.29471   1.30356   1.31234   1.32111   1.32986   1.33858   1.34730   1.35611   1.36507   1.37417   1.38339   1.39272   1.40220   1.41198   1.42217   1.43291   1.44434   1.45655   1.46956   1.48332   1.49781   1.51329   1.53001   1.54822   1.56813   1.58987   1.61354   1.63895   1.66601   1.69472   1.72483   1.75594   1.78849   1.82243   1.85774   1.89442   1.93242   1.97208   2.01348   2.05612   2.10040   2.14660   2.19465   2.24484   2.29651   2.35063   2.40676   2.46408   2.52223   2.58139   2.64146   2.70261   2.76522   2.82966   2.89586   2.96327   3.03142   3.09957   3.16671   3.23126   3.29201   3.34876   3.40185   3.45182   3.49921   3.54443   3.58777   3.62948   3.66980   3.70904   3.74746   3.78522   3.82237   3.85894   3.89494   3.93041   3.96538   3.99985   4.03377   4.06704   4.09967   4.13167   4.16299   4.19367   4.22372   4.25315   4.28197   4.31022   4.33792   4.36507   4.39170   4.41778   4.44334   4.46841   4.49300   4.51711   4.54075   4.56393   4.58665   4.60891   4.63076   4.65219   4.67320   4.69380   4.71402   4.73384   4.75328   4.77232   4.79097   4.80925   4.82717   4.84473   4.86195   4.87885   4.89543   4.91169   4.92764   4.94327   4.95859   4.97358   4.98826   5.00263   5.01671   5.03050   5.04403   5.05730   5.07031   5.08307   5.09556   5.10777   5.11968   5.13128   5.14251   5.15326   5.16344   5.17304   5.18212   5.19076   5.19906   5.20715   5.21518   5.22330   5.23155   5.23994   5.24852   5.25732   5.26637   5.27570   5.28535   5.29535   5.30569   5.31638   5.32738   5.33864   5.35007   5.36156   5.37303   5.38432   5.39532
 19.3750   1.04063   1.04073   1.04077   1.04079   1.04080   1.04081   1.04083   1.04086   1.04091   1.04097   1.04105   1.04120   1.04140   1.04258   1.04561   1.04954   1.05309   1.05588   1.05800   1.05962   1.06091   1.06195   1.06284   1.06363   1.06432   1.06494   1.06549   1.06599   1.06646   1.06694   1.06743   1.06797   1.06858   1.06927   1.07008   1.07102   1.07212   1.07339   1.07485   1.07650   1.07835   1.08040   1.08268   1.08519   1.08798   1.09108   1.09455   1.09848   1.10292   1.10797   1.11374   1.12032   1.12774   1.13589   1.14462   1.15376   1.16321   1.17299   1.18314   1.19374   1.20483   1.21633   1.22807   1.23990   1.25156   1.26268   1.27303   1.28258   1.29154   1.30013   1.30857   1.31696   1.32537   1.33383   1.34229   1.35078   1.35932   1.36800   1.37687   1.38593   1.39513   1.40448   1.41404   1.42397   1.43444   1.44563   1.45763   1.47058   1.48447   1.49910   1.51455   1.53122   1.54959   1.56975   1.59186   1.61606   1.64216   1.67008   1.69954   1.73086   1.76306   1.79663   1.83158   1.86798   1.90587   1.94473   1.98529   2.02736   2.07084   2.11583   2.16256   2.21118   2.26151   2.31361   2.36744   2.42296   2.47981   2.53766   2.59641   2.65606   2.71710   2.77980   2.84433   2.91032   2.97743   3.04509   3.11235   3.17799   3.24044   3.29877   3.35316   3.40404   3.45201   3.49757   3.54113   3.58295   3.62325   3.66224   3.70019   3.73737   3.77401   3.81021   3.84595   3.88125   3.91609   3.95050   3.98448   4.01802   4.05104   4.08348   4.11532   4.14659   4.17723   4.20727   4.23670   4.26555   4.29383   4.32158   4.34879   4.37548   4.40166   4.42731   4.45247   4.47716   4.50137   4.52513   4.54844   4.57127   4.59368   4.61566   4.63722   4.65837   4.67912   4.69949   4.71946   4.73907   4.75828   4.77711   4.79556   4.81365   4.83137   4.84876   4.86582   4.88256   4.89899   4.91510   4.93091   4.94641   4.96159   4.97645   4.99100   5.00525   5.01920   5.03288   5.04629   5.05945   5.07235   5.08501   5.09740   5.10951   5.12132   5.13282   5.14394   5.15459   5.16472   5.17434   5.18348   5.19222   5.20063   5.20882   5.21699   5.22526   5.23369   5.24230   5.25114   5.26021   5.26956   5.27922   5.28921   5.29955   5.31025   5.32130   5.33266   5.34428   5.35607   5.36793   5.37975   5.39139   5.40271
 20.6250   1.04063   1.04073   1.04076   1.04078   1.04079   1.04082   1.04086   1.04091   1.04102   1.04109   1.04124   1.04155   1.04317   1.04661   1.05058   1.05401   1.05666   1.05868   1.06023   1.06146   1.06247   1.06332   1.06406   1.06473   1.06533   1.06588   1.06638   1.06685   1.06732   1.06781   1.06834   1.06894   1.06963   1.07044   1.07139   1.07250   1.07380   1.07531   1.07703   1.07896   1.08111   1.08348   1.08610   1.08898   1.09217   1.09573   1.09973   1.10425   1.10938   1.11523   1.12192   1.12955   1.13806   1.14724   1.15688   1.16680   1.17693   1.18733   1.19816   1.20951   1.22135   1.23349   1.24576   1.25791   1.26957   1.28035   1.29011   1.29898   1.30722   1.31517   1.32304   1.33094   1.33894   1.34705   1.35520   1.36343   1.37176   1.38028   1.38904   1.39801   1.40715   1.41656   1.42629   1.43647   1.44732   1.45904   1.47174   1.48557   1.50038   1.51595   1.53262   1.55080   1.57117   1.59368   1.61827   1.64519   1.67397   1.70443   1.73657   1.77021   1.80488   1.84082   1.87823   1.91712   1.95728   1.99869   2.04173   2.08579   2.13144   2.17894   2.22800   2.27873   2.33124   2.38526   2.44074   2.49734   2.55494   2.61343   2.67311   2.73409   2.79680   2.86128   2.92717   2.99395   3.06095   3.12724   3.19108   3.25125   3.30711   3.35908   3.40778   3.45376   3.49754   3.53948   3.57984   3.61879   3.65654   3.69328   3.72928   3.76476   3.79992   3.83477   3.86929   3.90348   3.93731   3.97077   4.00384   4.03651   4.06870   4.10035   4.13143   4.16200   4.19197   4.22136   4.25019   4.27847   4.30621   4.33343   4.36016   4.38640   4.41213   4.43734   4.46209   4.48639   4.51022   4.53362   4.55657   4.57906   4.60115   4.62281   4.64408   4.66495   4.68543   4.70553   4.72526   4.74462   4.76360   4.78220   4.80044   4.81833   4.83586   4.85306   4.86995   4.88652   4.90278   4.91875   4.93441   4.94976   4.96479   4.97951   4.99392   5.00803   5.02185   5.03539   5.04867   5.06170   5.07446   5.08698   5.09922   5.11118   5.12284   5.13419   5.14516   5.15570   5.16578   5.17541   5.18461   5.19342   5.20193   5.21027   5.21865   5.22717   5.23588   5.24479   5.25395   5.26337   5.27308   5.28312   5.29349   5.30423   5.31533   5.32678   5.33855   5.35058   5.36277   5.37502   5.38722   5.39922   5.41088
 21.8750   1.04063   1.04072   1.04076   1.04078   1.04080   1.04087   1.04094   1.04104   1.04117   1.04133   1.04194   1.04419   1.04802   1.05194   1.05518   1.05765   1.05953   1.06098   1.06215   1.06311   1.06392   1.06462   1.06524   1.06581   1.06634   1.06683   1.06730   1.06776   1.06825   1.06878   1.06937   1.07007   1.07089   1.07185   1.07299   1.07433   1.07590   1.07771   1.07975   1.08202   1.08453   1.08728   1.09030   1.09362   1.09730   1.10140   1.10603   1.11127   1.11722   1.12402   1.13183   1.14071   1.15047   1.16078   1.17135   1.18203   1.19281   1.20383   1.21532   1.22730   1.23973   1.25249   1.26533   1.27771   1.28902   1.29899   1.30772   1.31561   1.32308   1.33046   1.33790   1.34542   1.35307   1.36082   1.36868   1.37660   1.38466   1.39297   1.40154   1.41038   1.41945   1.42894   1.43890   1.44945   1.46082   1.47320   1.48670   1.50143   1.51714   1.53386   1.55213   1.57234   1.59509   1.62021   1.64772   1.67743   1.70909   1.74234   1.77714   1.81293   1.85021   1.88864   1.92839   1.96974   2.01214   2.05599   2.10108   2.14746   2.19560   2.24545   2.29655   2.34939   2.40388   2.45944   2.51601   2.57338   2.63205   2.69184   2.75313   2.81591   2.88033   2.94597   3.01228   3.07836   3.14327   3.20529   3.26310   3.31649   3.36606   3.41260   3.45667   3.49874   3.53915   3.57812   3.61581   3.65240   3.68803   3.72292   3.75730   3.79139   3.82528   3.85897   3.89244   3.92569   3.95859   3.99118   4.02344   4.05529   4.08670   4.11758   4.14796   4.17782   4.20714   4.23591   4.26416   4.29186   4.31904   4.34576   4.37202   4.39778   4.42305   4.44784   4.47218   4.49607   4.51952   4.54254   4.56513   4.58729   4.60904   4.63038   4.65135   4.67192   4.69212   4.71195   4.73141   4.75052   4.76925   4.78762   4.80564   4.82330   4.84063   4.85764   4.87434   4.89074   4.90684   4.92263   4.93813   4.95332   4.96820   4.98277   4.99703   5.01100   5.02469   5.03809   5.05124   5.06412   5.07676   5.08913   5.10123   5.11304   5.12456   5.13576   5.14661   5.15707   5.16713   5.17680   5.18606   5.19494   5.20354   5.21205   5.22067   5.22947   5.23847   5.24771   5.25721   5.26699   5.27709   5.28753   5.29832   5.30948   5.32102   5.33292   5.34513   5.35760   5.37023   5.38291   5.39551   5.40788   5.41985
 23.1250   1.04063   1.04072   1.04076   1.04080   1.04085   1.04103   1.04109   1.04127   1.04146   1.04268   1.04573   1.04984   1.05362   1.05660   1.05885   1.06057   1.06191   1.06299   1.06389   1.06464   1.06530   1.06587   1.06639   1.06688   1.06734   1.06780   1.06826   1.06874   1.06927   1.06988   1.07059   1.07142   1.07242   1.07360   1.07500   1.07665   1.07857   1.08075   1.08319   1.08587   1.08881   1.09202   1.09552   1.09937   1.10364   1.10841   1.11379   1.11990   1.12682   1.13472   1.14386   1.15419   1.16528   1.17666   1.18805   1.19941   1.21086   1.22256   1.23483   1.24766   1.26079   1.27399   1.28702   1.29906   1.30940   1.31805   1.32540   1.33207   1.33862   1.34535   1.35234   1.35949   1.36679   1.37422   1.38181   1.38953   1.39744   1.40560   1.41407   1.42288   1.43202   1.44163   1.45185   1.46283   1.47482   1.48799   1.50250   1.51823   1.53503   1.55313   1.57336   1.59613   1.62171   1.64987   1.68063   1.71332   1.74790   1.78394   1.82102   1.85928   1.89905   1.93998   1.98213   2.02575   2.07027   2.11647   2.16383   2.21266   2.26314   2.31498   2.36832   2.42309   2.47904   2.53580   2.59327   2.65175   2.71181   2.77341   2.83645   2.90077   2.96621   3.03182   3.09692   3.16007   3.21993   3.27534   3.32646   3.37373   3.41817   3.46040   3.50085   3.53982   3.57750   3.61403   3.64955   3.68417   3.71806   3.75142   3.78446   3.81736   3.85019   3.88289   3.91545   3.94783   3.97991   4.01171   4.04319   4.07428   4.10495   4.13514   4.16482   4.19400   4.22269   4.25086   4.27850   4.30564   4.33231   4.35854   4.38429   4.40958   4.43440   4.45876   4.48268   4.50617   4.52924   4.55188   4.57410   4.59590   4.61732   4.63835   4.65900   4.67928   4.69918   4.71873   4.73793   4.75677   4.77524   4.79336   4.81115   4.82859   4.84570   4.86250   4.87901   4.89523   4.91114   4.92676   4.94209   4.95711   4.97182   4.98623   5.00034   5.01416   5.02770   5.04096   5.05397   5.06672   5.07921   5.09144   5.10341   5.11509   5.12650   5.13760   5.14839   5.15883   5.16892   5.17863   5.18796   5.19693   5.20566   5.21436   5.22320   5.23225   5.24153   5.25108   5.26093   5.27109   5.28159   5.29246   5.30370   5.31533   5.32735   5.33973   5.35244   5.36540   5.37851   5.39164   5.40467   5.41741   5.42966
 24.3750   1.04063   1.04073   1.04079   1.04088   1.04099   1.04124   1.04143   1.04198   1.04415   1.04803   1.05221   1.05567   1.05831   1.06030   1.06183   1.06303   1.06400   1.06481   1.06550   1.06609   1.06661   1.06708   1.06751   1.06794   1.06837   1.06881   1.06929   1.06983   1.07045   1.07119   1.07206   1.07311   1.07436   1.07585   1.07760   1.07966   1.08201   1.08466   1.08757   1.09075   1.09420   1.09795   1.10205   1.10656   1.11158   1.11721   1.12357   1.13076   1.13886   1.14806   1.15876   1.17063   1.18282   1.19482   1.20654   1.21819   1.23004   1.24238   1.25577   1.27011   1.28441   1.29792   1.31033   1.32112   1.33003   1.33734   1.34351   1.34918   1.35485   1.36083   1.36719   1.37381   1.38062   1.38765   1.39494   1.40248   1.41025   1.41834   1.42677   1.43565   1.44495   1.45477   1.46539   1.47697   1.48970   1.50382   1.51939   1.53629   1.55436   1.57430   1.59696   1.62264   1.65150   1.68322   1.71723   1.75302   1.79054   1.82895   1.86849   1.90940   1.95146   1.99480   2.03921   2.08480   2.13151   2.17996   2.22980   2.28102   2.33346   2.38750   2.44286   2.49902   2.55591   2.61401   2.67302   2.73333   2.79487   2.85799   2.92214   2.98715   3.05196   3.11580   3.17713   3.23473   3.28775   3.33646   3.38169   3.42416   3.46466   3.50361   3.54123   3.57773   3.61320   3.64775   3.68146   3.71445   3.74688   3.77895   3.81089   3.84281   3.87475   3.90659   3.93832   3.96992   4.00126   4.03234   4.06309   4.09348   4.12344   4.15294   4.18192   4.21047   4.23854   4.26611   4.29318   4.31980   4.34598   4.37169   4.39693   4.42176   4.44612   4.47005   4.49355   4.51665   4.53933   4.56158   4.58344   4.60488   4.62596   4.64667   4.66701   4.68699   4.70659   4.72586   4.74478   4.76335   4.78156   4.79942   4.81696   4.83418   4.85107   4.86765   4.88396   4.89998   4.91570   4.93113   4.94626   4.96110   4.97564   4.98988   5.00382   5.01749   5.03088   5.04399   5.05686   5.06947   5.08183   5.09393   5.10577   5.11735   5.12866   5.13971   5.15045   5.16087   5.17095   5.18068   5.19006   5.19912   5.20800   5.21690   5.22597   5.23529   5.24488   5.25478   5.26502   5.27561   5.28656   5.29791   5.30966   5.32182   5.33438   5.34731   5.36057   5.37408   5.38771   5.40132   5.41479   5.42788   5.44039
 25.6250   1.04063   1.04079   1.04092   1.04109   1.04135   1.04166   1.04333   1.04674   1.05114   1.05507   1.05809   1.06034   1.06202   1.06332   1.06435   1.06519   1.06589   1.06648   1.06700   1.06745   1.06786   1.06824   1.06861   1.06900   1.06942   1.06990   1.07045   1.07110   1.07190   1.07285   1.07399   1.07535   1.07697   1.07887   1.08110   1.08367   1.08656   1.08973   1.09318   1.09689   1.10090   1.10527   1.11008   1.11542   1.12143   1.12823   1.13599   1.14478   1.15463   1.16571   1.17875   1.19246   1.20554   1.21762   1.22904   1.24032   1.25191   1.26423   1.27827   1.29329   1.30759   1.32037   1.33124   1.34005   1.34722   1.35346   1.35921   1.36477   1.37033   1.37609   1.38215   1.38845   1.39498   1.40177   1.40880   1.41613   1.42372   1.43173   1.44013   1.44899   1.45845   1.46864   1.47985   1.49221   1.50593   1.52110   1.53766   1.55566   1.57526   1.59766   1.62351   1.65267   1.68516   1.72057   1.75789   1.79659   1.83658   1.87750   1.91975   1.96298   2.00733   2.05304   2.09961   2.14694   2.19595   2.24656   2.29885   2.35218   2.40663   2.46246   2.51921   2.57664   2.63494   2.69457   2.75531   2.81733   2.88026   2.94408   3.00834   3.07218   3.13443   3.19388   3.24900   3.29983   3.34635   3.38956   3.43030   3.46922   3.50677   3.54317   3.57857   3.61308   3.64677   3.67967   3.71186   3.74346   3.77467   3.80570   3.83673   3.86784   3.89897   3.93008   3.96112   3.99199   4.02267   4.05306   4.08309   4.11279   4.14211   4.17093   4.19927   4.22719   4.25465   4.28162   4.30817   4.33427   4.35993   4.38515   4.40992   4.43426   4.45816   4.48166   4.50475   4.52745   4.54974   4.57161   4.59309   4.61419   4.63494   4.65531   4.67533   4.69500   4.71432   4.73330   4.75194   4.77023   4.78817   4.80577   4.82306   4.84003   4.85670   4.87306   4.88916   4.90497   4.92049   4.93571   4.95065   4.96531   4.97966   4.99372   5.00749   5.02100   5.03423   5.04721   5.05993   5.07241   5.08463   5.09663   5.10836   5.11987   5.13111   5.14211   5.15280   5.16317   5.17320   5.18293   5.19236   5.20153   5.21059   5.21971   5.22905   5.23868   5.24863   5.25893   5.26961   5.28068   5.29215   5.30404   5.31637   5.32912   5.34229   5.35585   5.36972   5.38382   5.39801   5.41214   5.42604   5.43947   5.45219
 26.8750   1.04063   1.04109   1.04159   1.04210   1.04357   1.04682   1.05124   1.05539   1.05860   1.06096   1.06270   1.06402   1.06504   1.06586   1.06654   1.06710   1.06759   1.06801   1.06839   1.06873   1.06905   1.06937   1.06971   1.07010   1.07058   1.07116   1.07188   1.07277   1.07387   1.07520   1.07678   1.07863   1.08079   1.08329   1.08616   1.08937   1.09287   1.09659   1.10052   1.10469   1.10916   1.11405   1.11948   1.12560   1.13262   1.14075   1.15024   1.16124   1.17378   1.18814   1.20611   1.22317   1.23796   1.25063   1.26212   1.27325   1.28441   1.29568   1.30768   1.32020   1.33208   1.34250   1.35084   1.35710   1.36214   1.36689   1.37177   1.37689   1.38230   1.38812   1.39431   1.40077   1.40748   1.41437   1.42146   1.42880   1.43649   1.44462   1.45322   1.46234   1.47219   1.48305   1.49501   1.50833   1.52319   1.53962   1.55740   1.57674   1.59854   1.62418   1.65390   1.68721   1.72359   1.76238   1.80274   1.84413   1.88641   1.92972   1.97427   2.01980   2.06648   2.11439   2.16314   2.21274   2.26369   2.31636   2.37050   2.42575   2.48208   2.53930   2.59726   2.65621   2.71639   2.77757   2.83963   2.90234   2.96586   3.02923   3.09182   3.15248   3.20976   3.26276   3.31112   3.35573   3.39717   3.43634   3.47388   3.51018   3.54548   3.57988   3.61352   3.64642   3.67860   3.71009   3.74097   3.77141   3.80163   3.83182   3.86211   3.89252   3.92297   3.95345   3.98385   4.01406   4.04407   4.07378   4.10316   4.13224   4.16086   4.18907   4.21683   4.24411   4.27098   4.29740   4.32340   4.34898   4.37415   4.39889   4.42320   4.44703   4.47049   4.49358   4.51625   4.53854   4.56045   4.58192   4.60303   4.62379   4.64421   4.66425   4.68393   4.70329   4.72231   4.74100   4.75936   4.77737   4.79503   4.81237   4.82941   4.84613   4.86256   4.87871   4.89459   4.91019   4.92550   4.94054   4.95529   4.96975   4.98390   4.99777   5.01138   5.02471   5.03781   5.05063   5.06323   5.07558   5.08771   5.09961   5.11127   5.12270   5.13388   5.14480   5.15541   5.16571   5.17571   5.18546   5.19498   5.20432   5.21361   5.22301   5.23268   5.24267   5.25304   5.26380   5.27498   5.28659   5.29865   5.31116   5.32413   5.33756   5.35142   5.36566   5.38021   5.39495   5.40974   5.42439   5.43873   5.45247   5.46537
 28.1250   1.04063   1.04278   1.04523   1.04847   1.05254   1.05685   1.06024   1.06259   1.06421   1.06538   1.06627   1.06697   1.06754   1.06802   1.06843   1.06879   1.06911   1.06939   1.06965   1.06991   1.07018   1.07049   1.07087   1.07135   1.07200   1.07285   1.07394   1.07533   1.07704   1.07908   1.08144   1.08414   1.08722   1.09073   1.09460   1.09871   1.10293   1.10720   1.11153   1.11601   1.12073   1.12585   1.13151   1.13787   1.14516   1.15360   1.16346   1.17517   1.18915   1.20557   1.22671   1.24698   1.26463   1.28013   1.29476   1.30915   1.32340   1.33656   1.34808   1.35793   1.36591   1.37216   1.37649   1.37901   1.38095   1.38317   1.38603   1.38967   1.39407   1.39921   1.40493   1.41110   1.41765   1.42452   1.43171   1.43927   1.44724   1.45570   1.46470   1.47437   1.48495   1.49669   1.50974   1.52435   1.54064   1.55857   1.57792   1.59944   1.62452   1.65444   1.68859   1.72634   1.76669   1.80858   1.85146   1.89522   1.93970   1.98533   2.03217   2.07989   2.12868   2.17870   2.22928   2.28123   2.33437   2.38896   2.44453   2.50135   2.55936   2.61779   2.67748   2.73808   2.79971   2.86185   2.92447   2.98691   3.04934   3.11067   3.16934   3.22445   3.27534   3.32184   3.36447   3.40434   3.44216   3.47850   3.51371   3.54803   3.58155   3.61439   3.64657   3.67810   3.70897   3.73923   3.76901   3.79851   3.82793   3.85745   3.88714   3.91695   3.94684   3.97673   4.00651   4.03609   4.06544   4.09451   4.12327   4.15171   4.17968   4.20728   4.23446   4.26115   4.28745   4.31333   4.33883   4.36391   4.38862   4.41287   4.43668   4.46005   4.48308   4.50575   4.52801   4.54989   4.57140   4.59250   4.61324   4.63365   4.65372   4.67343   4.69280   4.71184   4.73056   4.74896   4.76702   4.78475   4.80212   4.81919   4.83598   4.85247   4.86866   4.88459   4.90025   4.91565   4.93076   4.94559   4.96013   4.97439   4.98836   5.00207   5.01551   5.02870   5.04164   5.05434   5.06684   5.07908   5.09114   5.10293   5.11452   5.12585   5.13694   5.14776   5.15829   5.16854   5.17857   5.18841   5.19810   5.20769   5.21730   5.22708   5.23716   5.24762   5.25848   5.26979   5.28156   5.29381   5.30653   5.31975   5.33345   5.34762   5.36223   5.37721   5.39248   5.40789   5.42327   5.43843   5.45314   5.46714   5.48014
 29.3750   1.04063   1.05456   1.06176   1.06477   1.06597   1.06663   1.06718   1.06771   1.06820   1.06862   1.06898   1.06929   1.06956   1.06981   1.07003   1.07023   1.07042   1.07061   1.07081   1.07104   1.07133   1.07171   1.07226   1.07304   1.07414   1.07563   1.07758   1.08006   1.08306   1.08653   1.09042   1.09483   1.09986   1.10543   1.11119   1.11682   1.12215   1.12719   1.13207   1.13694   1.14194   1.14717   1.15274   1.15877   1.16544   1.17303   1.18190   1.19301   1.20700   1.22319   1.24325   1.26280   1.28012   1.29647   1.31233   1.32787   1.34323   1.35798   1.37135   1.38303   1.39226   1.39895   1.40298   1.40486   1.40609   1.40719   1.40832   1.40988   1.41216   1.41529   1.41930   1.42413   1.42968   1.43590   1.44271   1.45010   1.45799   1.46647   1.47559   1.48552   1.49674   1.50943   1.52383   1.54003   1.55807   1.57762   1.59877   1.62307   1.65246   1.68761   1.72700   1.76940   1.81331   1.85809   1.90328   1.94937   1.99603   2.04394   2.09280   2.14247   2.19332   2.24529   2.29783   2.35171   2.40717   2.46346   2.52061   2.57874   2.63818   2.69822   2.75971   2.82150   2.88368   2.94576   3.00753   3.06866   3.12827   3.18510   3.23788   3.28667   3.33141   3.37260   3.41106   3.44768   3.48298   3.51727   3.55073   3.58348   3.61560   3.64713   3.67806   3.70838   3.73811   3.76733   3.79621   3.82496   3.85376   3.88275   3.91193   3.94122   3.97056   3.99990   4.02909   4.05804   4.08678   4.11524   4.14340   4.17118   4.19857   4.22556   4.25216   4.27831   4.30406   4.32942   4.35441   4.37903   4.40324   4.42701   4.45035   4.47327   4.49589   4.51811   4.53996   4.56148   4.58257   4.60332   4.62371   4.64375   4.66348   4.68285   4.70190   4.72063   4.73905   4.75716   4.77492   4.79235   4.80945   4.82626   4.84279   4.85903   4.87500   4.89071   4.90617   4.92135   4.93626   4.95087   4.96522   4.97929   4.99311   5.00665   5.01992   5.03298   5.04579   5.05841   5.07079   5.08294   5.09488   5.10659   5.11806   5.12930   5.14028   5.15104   5.16155   5.17186   5.18203   5.19210   5.20208   5.21206   5.22212   5.23241   5.24303   5.25406   5.26554   5.27751   5.28997   5.30294   5.31642   5.33041   5.34490   5.35987   5.37526   5.39100   5.40696   5.42299   5.43889   5.45444   5.46941   5.48350   5.49646
 30.6250   1.07358   1.07241   1.07162   1.07120   1.07099   1.07087   1.07080   1.07078   1.07080   1.07086   1.07093   1.07102   1.07112   1.07122   1.07132   1.07143   1.07155   1.07170   1.07190   1.07220   1.07266   1.07336   1.07441   1.07596   1.07812   1.08105   1.08491   1.08968   1.09515   1.10117   1.10796   1.11590   1.12502   1.13448   1.14333   1.15122   1.15832   1.16501   1.17161   1.17829   1.18514   1.19215   1.19931   1.20653   1.21377   1.22102   1.22839   1.23706   1.24715   1.25731   1.26874   1.28267   1.29696   1.31159   1.32620   1.34106   1.35634   1.37142   1.38521   1.39671   1.40524   1.41092   1.41464   1.41789   1.42133   1.42480   1.42797   1.43108   1.43436   1.43786   1.44157   1.44554   1.44992   1.45486   1.46049   1.46685   1.47393   1.48177   1.49040   1.50019   1.51179   1.52520   1.54071   1.55819   1.57757   1.59838   1.62117   1.64876   1.68335   1.72470   1.76942   1.81609   1.86310   1.91023   1.95814   2.00634   2.05526   2.10516   2.15562   2.20712   2.25977   2.31337   2.36805   2.42393   2.48106   2.53907   2.59801   2.65769   2.71844   2.78031   2.84265   2.90465   2.96608   3.02673   3.08642   3.14444   3.19913   3.25013   3.29690   3.33996   3.37985   3.41726   3.45290   3.48729   3.52078   3.55351   3.58559   3.61709   3.64804   3.67842   3.70823   3.73749   3.76623   3.79460   3.82277   3.85096   3.87928   3.90784   3.93655   3.96537   3.99418   4.02298   4.05161   4.07999   4.10810   4.13597   4.16352   4.19068   4.21749   4.24391   4.26995   4.29556   4.32078   4.34567   4.37016   4.39427   4.41799   4.44131   4.46420   4.48667   4.50889   4.53069   4.55212   4.57325   4.59399   4.61434   4.63438   4.65408   4.67346   4.69251   4.71124   4.72966   4.74779   4.76559   4.78306   4.80019   4.81702   4.83358   4.84986   4.86586   4.88161   4.89712   4.91236   4.92732   4.94200   4.95644   4.97061   4.98451   4.99813   5.01151   5.02466   5.03758   5.05030   5.06280   5.07505   5.08712   5.09894   5.11057   5.12194   5.13313   5.14410   5.15491   5.16555   5.17609   5.18657   5.19704   5.20751   5.21804   5.22872   5.23966   5.25098   5.26273   5.27495   5.28768   5.30093   5.31469   5.32898   5.34378   5.35906   5.37480   5.39092   5.40732   5.42385   5.44034   5.45655   5.47227   5.48723   5.50116   5.51381
 31.8750   1.07358   1.07347   1.07328   1.07307   1.07286   1.07268   1.07253   1.07241   1.07232   1.07226   1.07223   1.07223   1.07224   1.07226   1.07231   1.07239   1.07252   1.07274   1.07312   1.07374   1.07472   1.07622   1.07849   1.08167   1.08584   1.09140   1.09858   1.10649   1.11456   1.12319   1.13319   1.14511   1.15810   1.16980   1.17957   1.18835   1.19699   1.20594   1.21533   1.22518   1.23539   1.24590   1.25667   1.26766   1.27883   1.29022   1.30184   1.31688   1.33065   1.33716   1.33728   1.33693   1.33905   1.34391   1.35215   1.36361   1.37718   1.39083   1.40271   1.41129   1.41710   1.42039   1.42251   1.42504   1.42786   1.43079   1.43392   1.43730   1.44091   1.44473   1.44877   1.45313   1.45795   1.46335   1.46944   1.47633   1.48402   1.49249   1.50186   1.51256   1.52519   1.53999   1.55694   1.57579   1.59636   1.61860   1.64368   1.67574   1.71717   1.76520   1.81514   1.86536   1.91488   1.96449   2.01510   2.06580   2.11696   2.16857   2.22078   2.27375   2.32782   2.38306   2.43982   2.49745   2.55617   2.61580   2.67638   2.73784   2.79943   2.86173   2.92362   2.98456   3.04419   3.10255   3.15856   3.21146   3.26057   3.30592   3.34756   3.38628   3.42282   3.45770   3.49140   3.52422   3.55633   3.58784   3.61880   3.64923   3.67913   3.70848   3.73732   3.76565   3.79358   3.82126   3.84891   3.87667   3.90464   3.93282   3.96110   3.98946   4.01780   4.04606   4.07410   4.10189   4.12941   4.15669   4.18365   4.21023   4.23644   4.26230   4.28780   4.31289   4.33767   4.36204   4.38607   4.40966   4.43291   4.45576   4.47820   4.50031   4.52209   4.54347   4.56453   4.58524   4.60560   4.62561   4.64527   4.66464   4.68367   4.70240   4.72084   4.73895   4.75676   4.77425   4.79143   4.80829   4.82485   4.84117   4.85722   4.87298   4.88852   4.90381   4.91883   4.93359   4.94809   4.96233   4.97629   4.99000   5.00347   5.01671   5.02974   5.04255   5.05514   5.06751   5.07970   5.09167   5.10346   5.11504   5.12645   5.13772   5.14887   5.15991   5.17091   5.18188   5.19288   5.20396   5.21514   5.22642   5.23787   5.24963   5.26177   5.27434   5.28740   5.30095   5.31502   5.32959   5.34465   5.36020   5.37619   5.39257   5.40924   5.42609   5.44293   5.45959   5.47580   5.49134   5.50595   5.51937   5.53138
 33.1250   1.07358   1.07359   1.07356   1.07350   1.07343   1.07334   1.07326   1.07318   1.07310   1.07305   1.07300   1.07298   1.07297   1.07300   1.07307   1.07323   1.07353   1.07406   1.07497   1.07640   1.07848   1.08161   1.08602   1.09131   1.09756   1.10584   1.11574   1.12411   1.13177   1.13997   1.14918   1.15940   1.17017   1.18093   1.19163   1.20252   1.21380   1.22553   1.23761   1.24993   1.26235   1.27472   1.28691   1.29878   1.31018   1.32092   1.33102   1.34442   1.35481   1.36275   1.36826   1.37236   1.37612   1.38085   1.38773   1.39636   1.40507   1.41278   1.41939   1.42474   1.42889   1.43145   1.43244   1.43352   1.43503   1.43706   1.43997   1.44354   1.44744   1.45155   1.45592   1.46073   1.46607   1.47206   1.47882   1.48648   1.49509   1.50457   1.51521   1.52754   1.54198   1.55923   1.57868   1.59982   1.62225   1.64661   1.67490   1.71287   1.76189   1.81377   1.86526   1.91648   1.96762   2.01956   2.07265   2.12590   2.17929   2.23284   2.28710   2.34203   2.39778   2.45456   2.51267   2.57214   2.63238   2.69357   2.75510   2.81702   2.87876   2.94017   3.00035   3.05927   3.11620   3.17062   3.22174   3.26937   3.31336   3.35406   3.39189   3.42769   3.46198   3.49517   3.52749   3.55911   3.59016   3.62067   3.65066   3.68013   3.70909   3.73754   3.76552   3.79309   3.82037   3.84756   3.87482   3.90228   3.92995   3.95778   3.98565   4.01354   4.04138   4.06910   4.09659   4.12381   4.15073   4.17746   4.20386   4.22985   4.25550   4.28079   4.30578   4.33040   4.35472   4.37858   4.40209   4.42522   4.44800   4.47040   4.49241   4.51413   4.53547   4.55646   4.57715   4.59748   4.61743   4.63710   4.65640   4.67543   4.69414   4.71254   4.73067   4.74848   4.76599   4.78318   4.80008   4.81668   4.83300   4.84907   4.86488   4.88044   4.89576   4.91083   4.92566   4.94020   4.95450   4.96853   4.98231   4.99586   5.00920   5.02232   5.03522   5.04793   5.06043   5.07278   5.08496   5.09696   5.10882   5.12055   5.13221   5.14379   5.15534   5.16690   5.17848   5.19011   5.20184   5.21373   5.22578   5.23799   5.25036   5.26300   5.27602   5.28946   5.30335   5.31770   5.33253   5.34780   5.36352   5.37964   5.39611   5.41287   5.42980   5.44676   5.46356   5.47998   5.49580   5.51077   5.52465   5.53723   5.54830
 34.3750   1.07358   1.07362   1.07362   1.07361   1.07359   1.07356   1.07353   1.07349   1.07346   1.07343   1.07341   1.07342   1.07346   1.07356   1.07381   1.07427   1.07501   1.07625   1.07831   1.08101   1.08445   1.08952   1.09578   1.10164   1.10815   1.11631   1.12607   1.13637   1.14729   1.15850   1.16913   1.17832   1.18660   1.19647   1.20891   1.22309   1.23832   1.25399   1.26965   1.28499   1.29977   1.31381   1.32689   1.33878   1.34920   1.35780   1.36445   1.37108   1.37678   1.38497   1.39491   1.40365   1.41061   1.41665   1.42263   1.42838   1.43276   1.43554   1.43763   1.44031   1.44389   1.44864   1.45380   1.45935   1.46520   1.47145   1.47828   1.48558   1.49313   1.50083   1.50869   1.51677   1.52522   1.53423   1.54395   1.55448   1.56583   1.57805   1.59161   1.60753   1.62628   1.64729   1.66928   1.69116   1.71292   1.73561   1.76169   1.79695   1.84205   1.89007   1.93727   1.98537   2.03530   2.08610   2.13815   2.19059   2.24397   2.29852   2.35410   2.41101   2.46880   2.52741   2.58701   2.64787   2.70895   2.77047   2.83207   2.89338   2.95415   3.01353   3.07142   3.12723   3.18018   3.22990   3.27627   3.31929   3.35926   3.39660   3.43185   3.46570   3.49849   3.53045   3.56174   3.59242   3.62258   3.65221   3.68134   3.70998   3.73812   3.76580   3.79307   3.82003   3.84684   3.87369   3.90069   3.92790   3.95529   3.98274   4.01020   4.03765   4.06496   4.09219   4.11913   4.14578   4.17219   4.19834   4.22414   4.24956   4.27468   4.29947   4.32395   4.34809   4.37191   4.39531   4.41830   4.44095   4.46328   4.48525   4.50685   4.52813   4.54909   4.56968   4.58997   4.60991   4.62952   4.64879   4.66779   4.68646   4.70485   4.72296   4.74078   4.75829   4.77550   4.79242   4.80905   4.82540   4.84150   4.85733   4.87291   4.88826   4.90337   4.91824   4.93284   4.94718   4.96128   4.97516   4.98880   5.00223   5.01545   5.02848   5.04135   5.05405   5.06663   5.07909   5.09141   5.10367   5.11585   5.12802   5.14017   5.15235   5.16457   5.17687   5.18925   5.20173   5.21435   5.22714   5.24013   5.25332   5.26669   5.28023   5.29406   5.30828   5.32289   5.33790   5.35330   5.36906   5.38517   5.40157   5.41821   5.43499   5.45178   5.46844   5.48477   5.50056   5.51557   5.52960   5.54244   5.55389   5.56379
 35.6250   1.07358   1.07363   1.07364   1.07365   1.07364   1.07364   1.07363   1.07362   1.07361   1.07362   1.07365   1.07373   1.07388   1.07423   1.07493   1.07594   1.07733   1.07960   1.08312   1.08658   1.09057   1.09604   1.10318   1.11154   1.12138   1.13171   1.14270   1.15815   1.17691   1.19689   1.21674   1.23583   1.25412   1.27213   1.29009   1.30798   1.32563   1.34291   1.35969   1.37590   1.39147   1.40633   1.42039   1.43357   1.44579   1.45702   1.46715   1.47628   1.48499   1.49188   1.49654   1.50096   1.50549   1.50985   1.51372   1.51683   1.51906   1.52051   1.52163   1.52287   1.52450   1.52674   1.52962   1.53319   1.53743   1.54231   1.54780   1.55386   1.56042   1.56742   1.57487   1.58283   1.59148   1.60108   1.61186   1.62392   1.63732   1.65227   1.66980   1.69195   1.71886   1.74867   1.77907   1.80807   1.83526   1.86258   1.89378   1.93134   1.97018   2.00945   2.04994   2.09185   2.13479   2.17948   2.22603   2.27402   2.32402   2.37574   2.42916   2.48451   2.54212   2.60138   2.66167   2.72261   2.78384   2.84469   2.90524   2.96500   3.02387   3.08082   3.13547   3.18723   3.23587   3.28124   3.32364   3.36316   3.40024   3.43529   3.46884   3.50136   3.53307   3.56411   3.59455   3.62445   3.65381   3.68267   3.71105   3.73895   3.76639   3.79342   3.82014   3.84667   3.87318   3.89980   3.92662   3.95358   3.98070   4.00777   4.03485   4.06180   4.08868   4.11533   4.14172   4.16784   4.19375   4.21933   4.24457   4.26948   4.29402   4.31835   4.34228   4.36592   4.38928   4.41219   4.43470   4.45691   4.47878   4.50027   4.52146   4.54235   4.56291   4.58314   4.60303   4.62259   4.64182   4.66077   4.67943   4.69781   4.71587   4.73371   4.75124   4.76847   4.78539   4.80204   4.81840   4.83453   4.85037   4.86600   4.88136   4.89650   4.91141   4.92608   4.94049   4.95468   4.96865   4.98242   4.99600   5.00939   5.02262   5.03573   5.04875   5.06168   5.07454   5.08733   5.10013   5.11293   5.12575   5.13860   5.15152   5.16451   5.17760   5.19079   5.20410   5.21753   5.23108   5.24477   5.25863   5.27267   5.28690   5.30128   5.31578   5.33056   5.34565   5.36105   5.37673   5.39266   5.40880   5.42511   5.44150   5.45789   5.47413   5.49007   5.50553   5.52031   5.53420   5.54700   5.55856   5.56871   5.57734
 36.8750   1.07358   1.07364   1.07366   1.07367   1.07367   1.07367   1.07367   1.07367   1.07371   1.07377   1.07388   1.07407   1.07444   1.07524   1.07665   1.07811   1.07997   1.08281   1.08701   1.09221   1.09887   1.10666   1.11667   1.13170   1.15061   1.17157   1.19327   1.21530   1.23722   1.25845   1.27855   1.29729   1.31464   1.33080   1.34601   1.36049   1.37442   1.38788   1.40088   1.41340   1.42543   1.43689   1.44767   1.45766   1.46675   1.47481   1.48171   1.48769   1.49322   1.49834   1.50313   1.50796   1.51261   1.51682   1.52060   1.52410   1.52733   1.53039   1.53341   1.53660   1.54001   1.54380   1.54797   1.55277   1.55820   1.56419   1.57069   1.57767   1.58510   1.59293   1.60117   1.60990   1.61928   1.62963   1.64128   1.65446   1.66931   1.68619   1.70677   1.73454   1.76952   1.80896   1.85031   1.89081   1.92871   1.96656   2.00690   2.04875   2.08918   2.12816   2.16798   2.20789   2.24830   2.29021   2.33383   2.37930   2.42624   2.47381   2.52255   2.57320   2.62649   2.68211   2.73965   2.79862   2.85816   2.91730   2.97555   3.03299   3.08850   3.14177   3.19232   3.23994   3.28468   3.32657   3.36593   3.40293   3.43797   3.47149   3.50388   3.53542   3.56630   3.59657   3.62630   3.65547   3.68413   3.71231   3.74001   3.76727   3.79413   3.82066   3.84697   3.87322   3.89955   3.92602   3.95264   3.97938   4.00615   4.03289   4.05955   4.08606   4.11242   4.13851   4.16438   4.19000   4.21535   4.24043   4.26511   4.28946   4.31354   4.33727   4.36075   4.38392   4.40682   4.42923   4.45129   4.47307   4.49447   4.51557   4.53636   4.55684   4.57701   4.59689   4.61641   4.63562   4.65450   4.67316   4.69149   4.70959   4.72738   4.74489   4.76216   4.77908   4.79575   4.81210   4.82824   4.84409   4.85973   4.87514   4.89032   4.90528   4.92004   4.93459   4.94893   4.96307   4.97706   4.99088   5.00457   5.01815   5.03166   5.04513   5.05858   5.07201   5.08546   5.09894   5.11248   5.12607   5.13973   5.15347   5.16729   5.18121   5.19523   5.20934   5.22355   5.23785   5.25222   5.26668   5.28123   5.29588   5.31065   5.32559   5.34057   5.35559   5.37082   5.38625   5.40184   5.41754   5.43332   5.44913   5.46487   5.48046   5.49576   5.51063   5.52491   5.53840   5.55094   5.56236   5.57253   5.58134   5.58867
 38.1250   1.07358   1.07365   1.07368   1.07368   1.07368   1.07368   1.07369   1.07372   1.07382   1.07396   1.07417   1.07451   1.07513   1.07626   1.07808   1.08052   1.08400   1.08864   1.09467   1.10477   1.11897   1.13640   1.15627   1.17811   1.20113   1.22432   1.24681   1.26807   1.28796   1.30649   1.32371   1.33966   1.35437   1.36791   1.38047   1.39225   1.40344   1.41419   1.42455   1.43455   1.44418   1.45342   1.46220   1.47041   1.47791   1.48452   1.49007   1.49478   1.49881   1.50311   1.50814   1.51332   1.51814   1.52235   1.52614   1.52998   1.53398   1.53821   1.54265   1.54735   1.55229   1.55752   1.56300   1.56895   1.57543   1.58240   1.58979   1.59759   1.60576   1.61428   1.62317   1.63251   1.64248   1.65343   1.66576   1.67974   1.69552   1.71341   1.73498   1.76421   1.80153   1.84315   1.88588   1.92850   1.97264   2.01931   2.06697   2.11500   2.16307   2.21068   2.25772   2.30357   2.34857   2.39324   2.43838   2.48425   2.53101   2.57890   2.62757   2.67674   2.72647   2.77695   2.82901   2.88274   2.93740   2.99242   3.04610   3.09896   3.14970   3.19847   3.24467   3.28836   3.32962   3.36858   3.40545   3.44048   3.47402   3.50638   3.53784   3.56858   3.59872   3.62831   3.65737   3.68591   3.71395   3.74153   3.76866   3.79540   3.82181   3.84796   3.87400   3.90006   3.92622   3.95253   3.97893   4.00535   4.03176   4.05808   4.08432   4.11038   4.13620   4.16179   4.18713   4.21225   4.23710   4.26160   4.28574   4.30962   4.33318   4.35646   4.37946   4.40218   4.42454   4.44654   4.46820   4.48952   4.51054   4.53127   4.55168   4.57178   4.59160   4.61111   4.63028   4.64916   4.66775   4.68608   4.70414   4.72191   4.73941   4.75662   4.77356   4.79020   4.80660   4.82273   4.83862   4.85429   4.86980   4.88507   4.90017   4.91510   4.92988   4.94448   4.95895   4.97329   4.98754   5.00171   5.01584   5.02994   5.04405   5.05819   5.07236   5.08659   5.10089   5.11525   5.12969   5.14420   5.15878   5.17344   5.18815   5.20293   5.21775   5.23263   5.24754   5.26248   5.27742   5.29237   5.30733   5.32228   5.33723   5.35224   5.36733   5.38228   5.39728   5.41234   5.42743   5.44252   5.45755   5.47247   5.48722   5.50168   5.51576   5.52931   5.54219   5.55426   5.56535   5.57535   5.58414   5.59164   5.59775
 39.3750   1.07358   1.07368   1.07369   1.07369   1.07369   1.07369   1.07371   1.07376   1.07388   1.07411   1.07452   1.07526   1.07652   1.07842   1.08128   1.08671   1.09518   1.10673   1.12125   1.13867   1.15861   1.18037   1.20317   1.22632   1.24927   1.27154   1.29272   1.31249   1.33081   1.34772   1.36336   1.37779   1.39106   1.40323   1.41443   1.42479   1.43443   1.44347   1.45200   1.46008   1.46773   1.47501   1.48194   1.48850   1.49462   1.50014   1.50500   1.50963   1.51459   1.51967   1.52583   1.53238   1.53868   1.54449   1.54999   1.55553   1.56128   1.56721   1.57325   1.57943   1.58575   1.59222   1.59882   1.60568   1.61285   1.62032   1.62806   1.63607   1.64434   1.65290   1.66181   1.67120   1.68132   1.69260   1.70543   1.71996   1.73613   1.75417   1.77534   1.80268   1.83825   1.87872   1.91996   1.96163   2.00679   2.05510   2.10532   2.15741   2.21029   2.26371   2.31716   2.37007   2.42236   2.47355   2.52397   2.57402   2.62377   2.67353   2.72383   2.77501   2.82636   2.87697   2.92688   2.97665   3.02593   3.07495   3.12240   3.16886   3.21383   3.25722   3.29858   3.33800   3.37559   3.41139   3.44565   3.47864   3.51054   3.54162   3.57202   3.60183   3.63115   3.65999   3.68837   3.71629   3.74378   3.77085   3.79755   3.82391   3.84999   3.87590   3.90176   3.92764   3.95362   3.97968   4.00576   4.03176   4.05777   4.08362   4.10937   4.13493   4.16028   4.18530   4.21013   4.23476   4.25911   4.28304   4.30674   4.33015   4.35323   4.37611   4.39858   4.42087   4.44276   4.46435   4.48562   4.50655   4.52719   4.54751   4.56757   4.58735   4.60678   4.62593   4.64479   4.66333   4.68159   4.69962   4.71736   4.73484   4.75203   4.76899   4.78564   4.80209   4.81829   4.83431   4.85010   4.86576   4.88129   4.89668   4.91194   4.92710   4.94217   4.95716   4.97207   4.98695   5.00181   5.01667   5.03156   5.04647   5.06142   5.07644   5.09153   5.10669   5.12191   5.13718   5.15250   5.16786   5.18325   5.19864   5.21404   5.22942   5.24478   5.26011   5.27540   5.29062   5.30577   5.32083   5.33580   5.35067   5.36543   5.38009   5.39478   5.40933   5.42373   5.43805   5.45230   5.46642   5.48039   5.49416   5.50764   5.52077   5.53345   5.54556   5.55698   5.56759   5.57726   5.58589   5.59339   5.59969   5.60470
 40.6250   1.07358   1.07369   1.07369   1.07369   1.07369   1.07370   1.07374   1.07383   1.07402   1.07450   1.07560   1.07772   1.08140   1.08720   1.09559   1.10699   1.12147   1.13877   1.15840   1.17980   1.20245   1.22586   1.24950   1.27294   1.29579   1.31773   1.33847   1.35785   1.37582   1.39241   1.40774   1.42188   1.43490   1.44688   1.45793   1.46816   1.47770   1.48666   1.49513   1.50319   1.51086   1.51820   1.52523   1.53197   1.53840   1.54445   1.55008   1.55551   1.56115   1.56700   1.57342   1.58022   1.58704   1.59362   1.59998   1.60631   1.61276   1.61938   1.62614   1.63305   1.64010   1.64726   1.65452   1.66187   1.66937   1.67701   1.68481   1.69278   1.70097   1.70945   1.71836   1.72790   1.73848   1.75065   1.76480   1.78069   1.79795   1.81668   1.83776   1.86345   1.89572   1.93314   1.97222   2.01174   2.05287   2.09705   2.14543   2.19747   2.25082   2.30536   2.36111   2.41776   2.47462   2.53125   2.58736   2.64280   2.69737   2.75125   2.80471   2.85806   2.91119   2.96393   3.01583   3.06698   3.11641   3.16329   3.20708   3.24872   3.28805   3.32554   3.36146   3.39593   3.42915   3.46114   3.49207   3.52216   3.55161   3.58059   3.60921   3.63749   3.66548   3.69318   3.72059   3.74770   3.77451   3.80105   3.82734   3.85338   3.87925   3.90501   3.93069   3.95639   3.98209   4.00780   4.03344   4.05901   4.08448   4.10984   4.13506   4.16012   4.18489   4.20941   4.23370   4.25781   4.28163   4.30510   4.32832   4.35125   4.37395   4.39626   4.41838   4.44018   4.46163   4.48280   4.50369   4.52424   4.54445   4.56443   4.58414   4.60355   4.62260   4.64141   4.65994   4.67817   4.69617   4.71391   4.73142   4.74870   4.76573   4.78253   4.79915   4.81558   4.83187   4.84800   4.86403   4.87997   4.89585   4.91168   4.92745   4.94318   4.95890   4.97460   4.99030   5.00600   5.02173   5.03749   5.05329   5.06913   5.08501   5.10093   5.11690   5.13288   5.14887   5.16486   5.18082   5.19675   5.21261   5.22841   5.24413   5.25974   5.27525   5.29064   5.30588   5.32098   5.33592   5.35068   5.36525   5.37964   5.39384   5.40783   5.42167   5.43544   5.44894   5.46226   5.47539   5.48832   5.50102   5.51345   5.52555   5.53725   5.54848   5.55914   5.56913   5.57835   5.58670   5.59408   5.60043   5.60568   5.60974
 41.8750   1.07358   1.07366   1.07368   1.07369   1.07370   1.07375   1.07390   1.07431   1.07523   1.07711   1.08053   1.08612   1.09442   1.10573   1.12009   1.13726   1.15687   1.17845   1.20150   1.22552   1.25011   1.27489   1.29948   1.32356   1.34678   1.36884   1.38951   1.40865   1.42623   1.44233   1.45712   1.47070   1.48321   1.49474   1.50544   1.51542   1.52482   1.53373   1.54225   1.55045   1.55837   1.56605   1.57350   1.58073   1.58773   1.59447   1.60090   1.60709   1.61330   1.61964   1.62628   1.63321   1.64025   1.64721   1.65402   1.66074   1.66749   1.67434   1.68131   1.68841   1.69566   1.70304   1.71052   1.71811   1.72581   1.73364   1.74162   1.74982   1.75832   1.76725   1.77681   1.78732   1.79939   1.81378   1.83081   1.84978   1.86998   1.89142   1.91503   1.94258   1.97385   2.00699   2.04164   2.07859   2.11804   2.15926   2.20262   2.24956   2.29912   2.35060   2.40410   2.45975   2.51708   2.57583   2.63508   2.69421   2.75274   2.81062   2.86791   2.92462   2.98025   3.03465   3.08796   3.14083   3.19347   3.24483   3.29184   3.33405   3.37178   3.40603   3.43764   3.46751   3.49613   3.52387   3.55084   3.57722   3.60317   3.62892   3.65458   3.68023   3.70590   3.73159   3.75726   3.78290   3.80850   3.83405   3.85956   3.88503   3.91048   3.93589   3.96128   3.98662   4.01191   4.03715   4.06228   4.08728   4.11215   4.13695   4.16164   4.18611   4.21031   4.23428   4.25801   4.28156   4.30486   4.32787   4.35061   4.37313   4.39530   4.41718   4.43886   4.46019   4.48117   4.50198   4.52250   4.54268   4.56259   4.58221   4.60157   4.62070   4.63948   4.65804   4.67637   4.69447   4.71237   4.73004   4.74756   4.76488   4.78204   4.79904   4.81593   4.83272   4.84943   4.86608   4.88268   4.89927   4.91585   4.93242   4.94899   4.96557   4.98215   4.99874   5.01534   5.03195   5.04857   5.06520   5.08183   5.09845   5.11506   5.13164   5.14818   5.16467   5.18108   5.19739   5.21359   5.22967   5.24561   5.26138   5.27698   5.29240   5.30762   5.32263   5.33743   5.35200   5.36632   5.38040   5.39422   5.40779   5.42109   5.43414   5.44691   5.45956   5.47196   5.48408   5.49594   5.50755   5.51890   5.52994   5.54063   5.55093   5.56076   5.57005   5.57871   5.58667   5.59384   5.60014   5.60550   5.60986   5.61311
 43.1250   1.07358   1.07364   1.07367   1.07369   1.07376   1.07399   1.07462   1.07608   1.07901   1.08412   1.09208   1.10331   1.11786   1.13550   1.15575   1.17807   1.20196   1.22699   1.25276   1.27887   1.30496   1.33070   1.35576   1.37986   1.40274   1.42421   1.44411   1.46240   1.47908   1.49429   1.50818   1.52091   1.53262   1.54344   1.55349   1.56289   1.57176   1.58020   1.58831   1.59615   1.60378   1.61123   1.61854   1.62571   1.63273   1.63958   1.64620   1.65262   1.65896   1.66536   1.67192   1.67872   1.68568   1.69265   1.69956   1.70639   1.71323   1.72013   1.72712   1.73423   1.74146   1.74882   1.75631   1.76393   1.77169   1.77964   1.78783   1.79636   1.80534   1.81499   1.82559   1.83757   1.85176   1.86926   1.89024   1.91350   1.93802   1.96395   1.99272   2.02499   2.05705   2.08758   2.11904   2.15344   2.19153   2.23199   2.27410   2.31782   2.36296   2.40927   2.45712   2.50758   2.56127   2.61799   2.67666   2.73632   2.79625   2.85603   2.91571   2.97517   3.03375   3.09084   3.14628   3.20065   3.25476   3.30903   3.36270   3.41171   3.45415   3.49064   3.52232   3.55054   3.57643   3.60086   3.62438   3.64726   3.66968   3.69183   3.71389   3.73603   3.75838   3.78100   3.80390   3.82706   3.85049   3.87415   3.89804   3.92214   3.94642   3.97084   3.99537   4.01990   4.04443   4.06889   4.09328   4.11756   4.14170   4.16577   4.18977   4.21359   4.23720   4.26053   4.28368   4.30662   4.32941   4.35195   4.37424   4.39631   4.41805   4.43954   4.46075   4.48172   4.50236   4.52287   4.54310   4.56305   4.58276   4.60219   4.62143   4.64047   4.65922   4.67778   4.69623   4.71449   4.73257   4.75055   4.76841   4.78615   4.80379   4.82138   4.83889   4.85637   4.87381   4.89124   4.90864   4.92606   4.94347   4.96089   4.97830   4.99570   5.01309   5.03045   5.04779   5.06508   5.08233   5.09951   5.11662   5.13365   5.15057   5.16737   5.18405   5.20057   5.21694   5.23312   5.24910   5.26488   5.28043   5.29574   5.31080   5.32561   5.34014   5.35441   5.36839   5.38209   5.39550   5.40860   5.42140   5.43390   5.44610   5.45800   5.46960   5.48097   5.49213   5.50298   5.51353   5.52381   5.53381   5.54351   5.55287   5.56184   5.57039   5.57844   5.58594   5.59280   5.59896   5.60434   5.60887   5.61248   5.61507
 44.3750   1.07358   1.07363   1.07366   1.07374   1.07405   1.07499   1.07725   1.08174   1.08937   1.10075   1.11600   1.13477   1.15643   1.18022   1.20550   1.23175   1.25862   1.28583   1.31308   1.34007   1.36649   1.39208   1.41661   1.43991   1.46179   1.48211   1.50079   1.51780   1.53321   1.54719   1.55990   1.57150   1.58217   1.59204   1.60122   1.60981   1.61791   1.62563   1.63304   1.64021   1.64719   1.65402   1.66073   1.66734   1.67384   1.68022   1.68643   1.69248   1.69846   1.70445   1.71056   1.71689   1.72340   1.73001   1.73663   1.74324   1.74989   1.75661   1.76343   1.77037   1.77745   1.78468   1.79205   1.79958   1.80730   1.81527   1.82357   1.83232   1.84170   1.85198   1.86352   1.87691   1.89323   1.91393   1.93919   1.96696   1.99590   2.02645   2.05978   2.09456   2.12826   2.16018   2.19240   2.22663   2.26387   2.30380   2.34608   2.38963   2.43357   2.47760   2.52164   2.56699   2.61495   2.66621   2.72072   2.77739   2.83546   2.89434   2.95398   3.01415   3.07425   3.13355   3.19157   3.24829   3.30415   3.35984   3.41588   3.47135   3.52188   3.56526   3.60209   3.63361   3.66105   3.68551   3.70796   3.72905   3.74928   3.76894   3.78825   3.80740   3.82657   3.84594   3.86562   3.88569   3.90618   3.92711   3.94845   3.97020   3.99233   4.01484   4.03760   4.06058   4.08367   4.10681   4.12999   4.15316   4.17627   4.19936   4.22239   4.24538   4.26822   4.29084   4.31330   4.33560   4.35783   4.37989   4.40173   4.42335   4.44476   4.46588   4.48680   4.50751   4.52801   4.54834   4.56848   4.58841   4.60811   4.62765   4.64704   4.66625   4.68529   4.70420   4.72302   4.74173   4.76033   4.77886   4.79732   4.81572   4.83406   4.85235   4.87060   4.88882   4.90701   4.92517   4.94331   4.96141   4.97948   4.99751   5.01549   5.03340   5.05124   5.06898   5.08663   5.10415   5.12155   5.13880   5.15590   5.17282   5.18955   5.20608   5.22240   5.23849   5.25434   5.26994   5.28527   5.30033   5.31510   5.32958   5.34376   5.35762   5.37118   5.38442   5.39735   5.40995   5.42223   5.43419   5.44582   5.45713   5.46812   5.47880   5.48917   5.49928   5.50916   5.51874   5.52803   5.53705   5.54580   5.55425   5.56240   5.57020   5.57762   5.58460   5.59109   5.59703   5.60234   5.60695   5.61079   5.61380   5.61585
 45.6250   1.07358   1.07363   1.07370   1.07410   1.07553   1.07919   1.08642   1.09820   1.11472   1.13545   1.15942   1.18554   1.21289   1.24082   1.26895   1.29711   1.32519   1.35306   1.38049   1.40720   1.43294   1.45752   1.48081   1.50270   1.52309   1.54188   1.55903   1.57456   1.58851   1.60113   1.61255   1.62292   1.63244   1.64124   1.64940   1.65705   1.66426   1.67112   1.67770   1.68406   1.69025   1.69630   1.70223   1.70808   1.71384   1.71948   1.72498   1.73035   1.73564   1.74093   1.74633   1.75191   1.75770   1.76363   1.76965   1.77573   1.78189   1.78818   1.79461   1.80120   1.80796   1.81489   1.82202   1.82933   1.83689   1.84476   1.85303   1.86186   1.87145   1.88215   1.89438   1.90890   1.92703   1.95082   1.98007   2.01137   2.04292   2.07568   2.11077   2.14736   2.18342   2.21839   2.25316   2.28908   2.32727   2.36839   2.41199   2.45700   2.50202   2.54614   2.58934   2.63265   2.67705   2.72334   2.77216   2.82345   2.87689   2.93218   2.98923   3.04779   3.10725   3.16691   3.22614   3.28465   3.34243   3.39975   3.45701   3.51453   3.57072   3.62137   3.66537   3.70344   3.73640   3.76511   3.79039   3.81305   3.83379   3.85320   3.87171   3.88963   3.90720   3.92458   3.94197   3.95952   3.97738   3.99563   4.01429   4.03341   4.05299   4.07301   4.09343   4.11419   4.13522   4.15647   4.17791   4.19947   4.22111   4.24286   4.26464   4.28648   4.30831   4.33004   4.35167   4.37323   4.39478   4.41625   4.43761   4.45882   4.47985   4.50071   4.52143   4.54201   4.56242   4.58275   4.60294   4.62297   4.64286   4.66265   4.68231   4.70186   4.72130   4.74063   4.75990   4.77909   4.79821   4.81726   4.83626   4.85519   4.87406   4.89287   4.91162   4.93031   4.94893   4.96748   4.98594   5.00432   5.02260   5.04077   5.05882   5.07673   5.09449   5.11209   5.12951   5.14673   5.16375   5.18055   5.19713   5.21346   5.22953   5.24534   5.26088   5.27613   5.29109   5.30575   5.32011   5.33414   5.34786   5.36125   5.37431   5.38704   5.39944   5.41151   5.42325   5.43465   5.44573   5.45648   5.46690   5.47700   5.48679   5.49626   5.50544   5.51437   5.52303   5.53142   5.53955   5.54743   5.55505   5.56241   5.56950   5.57629   5.58274   5.58882   5.59447   5.59964   5.60425   5.60824   5.61154   5.61406   5.61567
 46.8750   1.07358   1.07362   1.07405   1.07635   1.08266   1.09486   1.11351   1.13772   1.16583   1.19609   1.22710   1.25789   1.28798   1.31726   1.34588   1.37406   1.40186   1.42916   1.45572   1.48124   1.50551   1.52843   1.54991   1.56992   1.58840   1.60530   1.62060   1.63431   1.64654   1.65742   1.66719   1.67604   1.68418   1.69171   1.69870   1.70525   1.71144   1.71733   1.72300   1.72848   1.73383   1.73906   1.74420   1.74926   1.75424   1.75912   1.76387   1.76848   1.77302   1.77754   1.78214   1.78690   1.79186   1.79699   1.80226   1.80764   1.81316   1.81884   1.82470   1.83077   1.83706   1.84357   1.85031   1.85729   1.86457   1.87222   1.88034   1.88911   1.89877   1.90970   1.92243   1.93781   1.95743   1.98402   2.01570   2.04833   2.08110   2.11508   2.15108   2.18890   2.22679   2.26392   2.30101   2.33929   2.37986   2.42337   2.46924   2.51650   2.56354   2.60915   2.65341   2.69693   2.74041   2.78440   2.82935   2.87563   2.92371   2.97398   3.02656   3.08138   3.13812   3.19610   3.25467   3.31335   3.37190   3.43028   3.48861   3.54701   3.60502   3.66000   3.70982   3.75430   3.79383   3.82882   3.85974   3.88716   3.91163   3.93375   3.95407   3.97307   3.99118   4.00865   4.02568   4.04244   4.05911   4.07585   4.09278   4.10999   4.12755   4.14550   4.16383   4.18251   4.20151   4.22081   4.24037   4.26018   4.28018   4.30037   4.32071   4.34122   4.36183   4.38248   4.40313   4.42381   4.44454   4.46531   4.48605   4.50674   4.52735   4.54786   4.56829   4.58865   4.60892   4.62914   4.64929   4.66933   4.68929   4.70916   4.72895   4.74867   4.76829   4.78782   4.80729   4.82668   4.84599   4.86522   4.88437   4.90343   4.92240   4.94127   4.96004   4.97869   4.99722   5.01562   5.03388   5.05198   5.06992   5.08768   5.10526   5.12264   5.13980   5.15674   5.17345   5.18990   5.20610   5.22203   5.23768   5.25304   5.26811   5.28288   5.29733   5.31148   5.32531   5.33881   5.35199   5.36484   5.37736   5.38955   5.40140   5.41292   5.42411   5.43497   5.44551   5.45572   5.46561   5.47519   5.48445   5.49340   5.50205   5.51041   5.51849   5.52635   5.53391   5.54125   5.54835   5.55523   5.56189   5.56831   5.57450   5.58043   5.58608   5.59141   5.59637   5.60092   5.60497   5.60845   5.61130   5.61344   5.61469
 48.1250   1.07358   1.07397   1.07744   1.08993   1.11290   1.14387   1.17895   1.21494   1.25002   1.28334   1.31460   1.34383   1.37135   1.39773   1.42358   1.44926   1.47479   1.49994   1.52440   1.54790   1.57027   1.59143   1.61131   1.62988   1.64707   1.66285   1.67718   1.69004   1.70158   1.71164   1.72057   1.72858   1.73578   1.74233   1.74835   1.75395   1.75921   1.76421   1.76900   1.77363   1.77815   1.78258   1.78694   1.79125   1.79549   1.79965   1.80370   1.80764   1.81149   1.81532   1.81920   1.82321   1.82741   1.83179   1.83632   1.84099   1.84584   1.85087   1.85612   1.86161   1.86736   1.87337   1.87966   1.88624   1.89316   1.90051   1.90840   1.91703   1.92667   1.93775   1.95085   1.96694   1.98779   2.01637   2.04914   2.08233   2.11561   2.15005   2.18636   2.22448   2.26320   2.30155   2.34036   2.38074   2.42371   2.46957   2.51786   2.56736   2.61639   2.66394   2.71008   2.75511   2.79943   2.84326   2.88673   2.93022   2.97439   3.02011   3.06799   3.11826   3.17087   3.22554   3.28174   3.33892   3.39669   3.45483   3.51323   3.57182   3.63024   3.68685   3.73989   3.78873   3.83337   3.87395   3.91068   3.94381   3.97366   4.00061   4.02505   4.04743   4.06818   4.08772   4.10635   4.12428   4.14169   4.15873   4.17558   4.19237   4.20922   4.22621   4.24342   4.26087   4.27856   4.29649   4.31467   4.33308   4.35171   4.37057   4.38962   4.40888   4.42831   4.44787   4.46751   4.48724   4.50708   4.52701   4.54700   4.56701   4.58702   4.60700   4.62695   4.64687   4.66675   4.68660   4.70642   4.72618   4.74586   4.76549   4.78505   4.80453   4.82393   4.84323   4.86245   4.88158   4.90059   4.91950   4.93830   4.95697   4.97550   4.99390   5.01214   5.03023   5.04815   5.06588   5.08342   5.10075   5.11787   5.13477   5.15144   5.16787   5.18404   5.19996   5.21560   5.23097   5.24605   5.26083   5.27532   5.28950   5.30337   5.31693   5.33016   5.34308   5.35568   5.36796   5.37991   5.39154   5.40284   5.41382   5.42448   5.43482   5.44484   5.45456   5.46396   5.47306   5.48185   5.49035   5.49855   5.50647   5.51411   5.52148   5.52860   5.53549   5.54212   5.54855   5.55478   5.56081   5.56665   5.57229   5.57773   5.58295   5.58794   5.59266   5.59707   5.60111   5.60471   5.60779   5.61028   5.61210   5.61307
 49.3750   1.07358   1.09628   1.13185   1.17759   1.22499   1.26865   1.30713   1.34082   1.37051   1.39702   1.42100   1.44314   1.46431   1.48538   1.50690   1.52896   1.55123   1.57325   1.59461   1.61507   1.63451   1.65287   1.67013   1.68625   1.70121   1.71499   1.72764   1.73919   1.74978   1.75938   1.76809   1.77605   1.78319   1.78961   1.79545   1.80077   1.80567   1.81022   1.81449   1.81856   1.82248   1.82628   1.83000   1.83365   1.83725   1.84078   1.84421   1.84755   1.85082   1.85406   1.85734   1.86073   1.86430   1.86805   1.87197   1.87605   1.88032   1.88479   1.88950   1.89448   1.89973   1.90529   1.91114   1.91734   1.92392   1.93098   1.93866   1.94716   1.95681   1.96806   1.98158   1.99837   2.02032   2.05007   2.08334   2.11671   2.14996   2.18422   2.22022   2.25790   2.29659   2.33558   2.37542   2.41711   2.46158   2.50911   2.55929   2.61055   2.66112   2.71028   2.75816   2.80503   2.85105   2.89612   2.94008   2.98306   3.02558   3.06852   3.11267   3.15870   3.20705   3.25784   3.31069   3.36516   3.42084   3.47745   3.53477   3.59258   3.65046   3.70722   3.76147   3.81250   3.86011   3.90434   3.94528   3.98304   4.01777   4.04965   4.07891   4.10578   4.13057   4.15363   4.17529   4.19583   4.21546   4.23437   4.25270   4.27061   4.28824   4.30571   4.32310   4.34050   4.35795   4.37549   4.39313   4.41091   4.42883   4.44690   4.46513   4.48353   4.50209   4.52078   4.53957   4.55845   4.57745   4.59656   4.61575   4.63500   4.65428   4.67355   4.69282   4.71207   4.73131   4.75052   4.76970   4.78883   4.80790   4.82690   4.84583   4.86467   4.88342   4.90206   4.92059   4.93901   4.95728   4.97542   4.99342   5.01125   5.02892   5.04642   5.06373   5.08085   5.09777   5.11447   5.13095   5.14719   5.16320   5.17896   5.19446   5.20970   5.22468   5.23938   5.25379   5.26792   5.28176   5.29530   5.30854   5.32148   5.33411   5.34643   5.35844   5.37014   5.38154   5.39262   5.40340   5.41387   5.42403   5.43390   5.44345   5.45272   5.46168   5.47036   5.47875   5.48685   5.49468   5.50223   5.50951   5.51654   5.52330   5.52982   5.53613   5.54218   5.54803   5.55370   5.55920   5.56452   5.56968   5.57467   5.57950   5.58415   5.58861   5.59284   5.59680   5.60043   5.60367   5.60642   5.60862   5.61017   5.61090
 50.6250   1.30000   1.50470   1.55789   1.56827   1.56433   1.55906   1.55571   1.55531   1.55795   1.56321   1.57051   1.57975   1.59128   1.60545   1.62200   1.64004   1.65849   1.67645   1.69343   1.70922   1.72381   1.73727   1.74966   1.76102   1.77136   1.78073   1.78925   1.79710   1.80440   1.81139   1.81798   1.82421   1.83004   1.83550   1.84063   1.84545   1.84999   1.85425   1.85826   1.86206   1.86566   1.86912   1.87245   1.87569   1.87883   1.88188   1.88483   1.88768   1.89047   1.89324   1.89603   1.89893   1.90198   1.90522   1.90864   1.91225   1.91607   1.92011   1.92440   1.92898   1.93386   1.93906   1.94460   1.95051   1.95685   1.96373   1.97129   1.97979   1.98958   2.00118   2.01531   2.03299   2.05612   2.08649   2.11975   2.15279   2.18563   2.21941   2.25475   2.29159   2.32977   2.36888   2.40906   2.45121   2.49613   2.54436   2.59544   2.64764   2.69917   2.74936   2.79843   2.84674   2.89441   2.94118   2.98670   3.03082   3.07374   3.11607   3.15848   3.20170   3.24645   3.29334   3.34259   3.39403   3.44699   3.50117   3.55643   3.61254   3.66905   3.72494   3.77907   3.83070   3.87956   3.92560   3.96890   4.00952   4.04755   4.08309   4.11625   4.14716   4.17599   4.20291   4.22815   4.25197   4.27458   4.29617   4.31690   4.33693   4.35639   4.37539   4.39405   4.41246   4.43069   4.44879   4.46680   4.48478   4.50274   4.52073   4.53875   4.55683   4.57499   4.59321   4.61147   4.62978   4.64816   4.66660   4.68510   4.70363   4.72217   4.74071   4.75922   4.77770   4.79615   4.81456   4.83292   4.85122   4.86944   4.88757   4.90562   4.92356   4.94139   4.95909   4.97666   4.99408   5.01135   5.02845   5.04539   5.06214   5.07871   5.09509   5.11126   5.12722   5.14296   5.15846   5.17374   5.18876   5.20354   5.21807   5.23233   5.24634   5.26007   5.27353   5.28672   5.29962   5.31224   5.32457   5.33662   5.34837   5.35983   5.37100   5.38188   5.39246   5.40276   5.41277   5.42249   5.43193   5.44108   5.44996   5.45855   5.46687   5.47492   5.48270   5.49022   5.49747   5.50448   5.51122   5.51773   5.52399   5.53002   5.53582   5.54145   5.54682   5.55202   5.55706   5.56195   5.56669   5.57130   5.57577   5.58010   5.58429   5.58832   5.59215   5.59575   5.59906   5.60200   5.60448   5.60643   5.60777   5.60828
 51.8750   1.30000   2.25139   2.39000   2.27884   2.12733   1.99589   1.90064   1.83707   1.79509   1.76709   1.74894   1.73904   1.73699   1.74201   1.75227   1.76545   1.77954   1.79331   1.80619   1.81800   1.82873   1.83843   1.84712   1.85476   1.86130   1.86669   1.87096   1.87425   1.87674   1.87883   1.88074   1.88263   1.88473   1.88710   1.88969   1.89249   1.89544   1.89850   1.90161   1.90472   1.90782   1.91086   1.91385   1.91676   1.91959   1.92233   1.92495   1.92746   1.92991   1.93231   1.93474   1.93725   1.93991   1.94273   1.94575   1.94897   1.95242   1.95611   1.96009   1.96437   1.96898   1.97395   1.97929   1.98504   1.99128   1.99813   2.00575   2.01443   2.02458   2.03678   2.05184   2.07076   2.09526   2.12577   2.15835   2.19069   2.22312   2.25634   2.29085   2.32676   2.36421   2.40300   2.44305   2.48499   2.52957   2.57746   2.62833   2.68052   2.73227   2.78285   2.83249   2.88163   2.93040   2.97856   3.02574   3.07158   3.11601   3.15927   3.20180   3.24416   3.28704   3.33116   3.37715   3.42537   3.47570   3.52745   3.58024   3.63399   3.68839   3.74262   3.79563   3.84675   3.89567   3.94223   3.98647   4.02844   4.06822   4.10589   4.14152   4.17519   4.20700   4.23704   4.26543   4.29231   4.31786   4.34224   4.36558   4.38803   4.40970   4.43071   4.45117   4.47116   4.49077   4.51005   4.52906   4.54786   4.56647   4.58494   4.60330   4.62158   4.63980   4.65798   4.67610   4.69418   4.71224   4.73027   4.74829   4.76629   4.78425   4.80215   4.81999   4.83775   4.85545   4.87306   4.89059   4.90803   4.92537   4.94259   4.95969   4.97667   4.99351   5.01019   5.02672   5.04309   5.05928   5.07529   5.09112   5.10675   5.12219   5.13741   5.15243   5.16722   5.18178   5.19611   5.21021   5.22406   5.23766   5.25101   5.26411   5.27696   5.28954   5.30186   5.31392   5.32571   5.33723   5.34848   5.35946   5.37016   5.38060   5.39076   5.40065   5.41027   5.41962   5.42871   5.43753   5.44608   5.45438   5.46242   5.47020   5.47773   5.48501   5.49204   5.49883   5.50538   5.51169   5.51777   5.52362   5.52926   5.53468   5.53990   5.54494   5.54977   5.55444   5.55897   5.56337   5.56764   5.57179   5.57584   5.57977   5.58359   5.58727   5.59079   5.59410   5.59713   5.59982   5.60207   5.60382   5.60495   5.60528
 53.1250   1.30000   2.31987   2.61220   2.66231   2.59200   2.46042   2.31568   2.18807   2.08751   2.01212   1.95713   1.91973   1.89806   1.88909   1.88867   1.89293   1.89925   1.90623   1.91326   1.92008   1.92654   1.93259   1.93813   1.94304   1.94719   1.95043   1.95269   1.95394   1.95422   1.95372   1.95263   1.95117   1.94965   1.94831   1.94731   1.94677   1.94674   1.94723   1.94820   1.94956   1.95125   1.95319   1.95531   1.95755   1.95985   1.96215   1.96441   1.96661   1.96877   1.97090   1.97305   1.97528   1.97764   1.98015   1.98285   1.98577   1.98892   1.99234   1.99606   2.00011   2.00452   2.00932   2.01456   2.02026   2.02651   2.03346   2.04129   2.05035   2.06109   2.07420   2.09053   2.11108   2.13698   2.16712   2.19857   2.23010   2.26206   2.29471   2.32848   2.36361   2.40028   2.43852   2.47816   2.51952   2.56332   2.61015   2.65989   2.71112   2.76225   2.81258   2.86221   2.91155   2.96075   3.00967   3.05799   3.10531   3.15139   3.19617   3.23983   3.28273   3.32540   3.36843   3.41249   3.45818   3.50588   3.55552   3.60640   3.65792   3.70994   3.76195   3.81314   3.86291   3.91096   3.95715   4.00137   4.04365   4.08407   4.12267   4.15953   4.19471   4.22827   4.26028   4.29082   4.31996   4.34781   4.37447   4.40006   4.42467   4.44840   4.47136   4.49363   4.51530   4.53644   4.55710   4.57735   4.59724   4.61680   4.63607   4.65509   4.67390   4.69252   4.71097   4.72926   4.74741   4.76542   4.78333   4.80112   4.81882   4.83640   4.85386   4.87120   4.88842   4.90551   4.92248   4.93931   4.95601   4.97257   4.98898   5.00524   5.02135   5.03729   5.05305   5.06864   5.08405   5.09926   5.11428   5.12910   5.14372   5.15812   5.17231   5.18629   5.20004   5.21356   5.22685   5.23991   5.25272   5.26530   5.27763   5.28972   5.30156   5.31316   5.32451   5.33560   5.34645   5.35704   5.36737   5.37746   5.38728   5.39686   5.40618   5.41525   5.42407   5.43263   5.44096   5.44903   5.45686   5.46445   5.47180   5.47892   5.48580   5.49244   5.49886   5.50505   5.51102   5.51677   5.52230   5.52763   5.53275   5.53767   5.54242   5.54698   5.55137   5.55562   5.55973   5.56373   5.56761   5.57141   5.57511   5.57872   5.58223   5.58563   5.58889   5.59195   5.59476   5.59723   5.59928   5.60083   5.60178   5.60193
 54.3750   1.30000   2.31679   2.63102   2.73941   2.78458   2.77882   2.71423   2.60210   2.46991   2.34534   2.24330   2.16841   2.11789   2.08515   2.06373   2.04935   2.03965   2.03332   2.02951   2.02752   2.02681   2.02695   2.02760   2.02844   2.02921   2.02968   2.02970   2.02917   2.02801   2.02626   2.02394   2.02110   2.01790   2.01450   2.01108   2.00785   2.00496   2.00256   2.00073   1.99951   1.99889   1.99881   1.99922   2.00004   2.00117   2.00254   2.00406   2.00568   2.00737   2.00912   2.01095   2.01289   2.01498   2.01724   2.01969   2.02237   2.02530   2.02851   2.03203   2.03590   2.04017   2.04486   2.05002   2.05573   2.06208   2.06922   2.07740   2.08700   2.09855   2.11282   2.13073   2.15313   2.18003   2.20954   2.23978   2.27044   2.30170   2.33390   2.36720   2.40174   2.43776   2.47540   2.51450   2.55521   2.59806   2.64354   2.69157   2.74112   2.79091   2.84030   2.88935   2.93833   2.98738   3.03641   3.08515   3.13327   3.18049   3.22662   3.27163   3.31566   3.35906   3.40225   3.44577   3.49020   3.53606   3.58373   3.63315   3.68338   3.73360   3.78348   3.83261   3.88056   3.92710   3.97219   4.01573   4.05763   4.09792   4.13664   4.17386   4.20962   4.24398   4.27699   4.30870   4.33917   4.36846   4.39666   4.42382   4.45002   4.47533   4.49984   4.52360   4.54670   4.56918   4.59110   4.61252   4.63346   4.65399   4.67412   4.69389   4.71334   4.73250   4.75139   4.77002   4.78841   4.80658   4.82454   4.84232   4.85991   4.87732   4.89454   4.91158   4.92845   4.94513   4.96163   4.97796   4.99410   5.01007   5.02586   5.04146   5.05687   5.07209   5.08711   5.10194   5.11656   5.13098   5.14518   5.15918   5.17296   5.18652   5.19987   5.21299   5.22589   5.23856   5.25100   5.26320   5.27518   5.28691   5.29842   5.30968   5.32071   5.33151   5.34206   5.35238   5.36246   5.37230   5.38190   5.39126   5.40037   5.40926   5.41790   5.42630   5.43448   5.44241   5.45012   5.45759   5.46484   5.47186   5.47866   5.48523   5.49158   5.49772   5.50364   5.50935   5.51484   5.52014   5.52523   5.53013   5.53483   5.53935   5.54371   5.54788   5.55191   5.55581   5.55959   5.56326   5.56684   5.57033   5.57375   5.57710   5.58036   5.58353   5.58657   5.58942   5.59203   5.59431   5.59616   5.59753   5.59830   5.59827
 55.6250   1.30000   2.31185   2.63112   2.74435   2.80439   2.84275   2.86341   2.85385   2.79934   2.70737   2.60434   2.51116   2.43129   2.36317   2.30537   2.25746   2.21922   2.18975   2.16761   2.15115   2.13896   2.12987   2.12300   2.11767   2.11329   2.10948   2.10597   2.10254   2.09910   2.09557   2.09190   2.08804   2.08397   2.07971   2.07528   2.07079   2.06633   2.06206   2.05811   2.05460   2.05162   2.04922   2.04742   2.04621   2.04554   2.04533   2.04551   2.04602   2.04680   2.04782   2.04905   2.05052   2.05221   2.05414   2.05631   2.05874   2.06146   2.06449   2.06786   2.07161   2.07578   2.08040   2.08555   2.09131   2.09780   2.10521   2.11382   2.12408   2.13660   2.15223   2.17189   2.19595   2.22327   2.25201   2.28125   2.31106   2.34171   2.37348   2.40640   2.44051   2.47605   2.51318   2.55179   2.59191   2.63386   2.67796   2.72411   2.77159   2.81954   2.86749   2.91545   2.96359   3.01197   3.06053   3.10904   3.15724   3.20487   3.25173   3.29773   3.34285   3.38722   3.43113   3.47494   3.51914   3.56418   3.61055   3.65862   3.70810   3.75761   3.80617   3.85364   3.89990   3.94483   3.98843   4.03078   4.07183   4.11150   4.14981   4.18681   4.22253   4.25703   4.29034   4.32250   4.35357   4.38358   4.41259   4.44066   4.46783   4.49415   4.51968   4.54448   4.56859   4.59206   4.61494   4.63726   4.65907   4.68039   4.70125   4.72169   4.74174   4.76142   4.78075   4.79975   4.81845   4.83685   4.85498   4.87284   4.89046   4.90783   4.92497   4.94187   4.95853   4.97497   4.99119   5.00718   5.02296   5.03852   5.05387   5.06899   5.08391   5.09860   5.11308   5.12734   5.14137   5.15519   5.16878   5.18215   5.19529   5.20821   5.22091   5.23337   5.24561   5.25762   5.26940   5.28095   5.29227   5.30336   5.31422   5.32484   5.33524   5.34541   5.35535   5.36505   5.37453   5.38378   5.39280   5.40159   5.41015   5.41849   5.42660   5.43448   5.44214   5.44958   5.45679   5.46379   5.47057   5.47714   5.48349   5.48963   5.49556   5.50129   5.50681   5.51212   5.51724   5.52216   5.52690   5.53144   5.53581   5.54000   5.54404   5.54790   5.55164   5.55526   5.55875   5.56216   5.56548   5.56873   5.57192   5.57505   5.57810   5.58107   5.58391   5.58658   5.58899   5.59109   5.59276   5.59394   5.59453   5.59431
 56.8750   1.30000   2.30528   2.62866   2.74439   2.80607   2.84741   2.87889   2.90248   2.91515   2.91469   2.90990   2.89993   2.84631   2.74708   2.63758   2.53850   2.45620   2.39078   2.34000   2.30101   2.27115   2.24816   2.23024   2.21599   2.20433   2.19449   2.18592   2.17824   2.17125   2.16481   2.15880   2.15312   2.14768   2.14240   2.13720   2.13204   2.12690   2.12180   2.11680   2.11199   2.10746   2.10331   2.09961   2.09643   2.09380   2.09171   2.09014   2.08905   2.08843   2.08825   2.08847   2.08909   2.09008   2.09144   2.09314   2.09520   2.09762   2.10042   2.10362   2.10724   2.11133   2.11593   2.12111   2.12696   2.13364   2.14137   2.15049   2.16150   2.17512   2.19222   2.21358   2.23867   2.26590   2.29387   2.32229   2.35142   2.38169   2.41310   2.44564   2.47940   2.51456   2.55129   2.58951   2.62914   2.67031   2.71314   2.75750   2.80289   2.84881   2.89505   2.94162   2.98857   3.03590   3.08353   3.13128   3.17893   3.22628   3.27316   3.31947   3.36518   3.41031   3.45495   3.49932   3.54379   3.58868   3.63446   3.68161   3.73024   3.77958   3.82779   3.87445   3.91968   3.96349   4.00588   4.04696   4.08691   4.12569   4.16330   4.19972   4.23501   4.26921   4.30236   4.33449   4.36565   4.39585   4.42516   4.45360   4.48122   4.50805   4.53414   4.55952   4.58424   4.60832   4.63181   4.65474   4.67712   4.69900   4.72039   4.74132   4.76182   4.78191   4.80161   4.82093   4.83989   4.85852   4.87682   4.89481   4.91250   4.92990   4.94703   4.96387   4.98045   4.99676   5.01281   5.02861   5.04415   5.05945   5.07451   5.08932   5.10389   5.11823   5.13232   5.14618   5.15980   5.17319   5.18634   5.19925   5.21194   5.22438   5.23660   5.24858   5.26034   5.27186   5.28314   5.29420   5.30503   5.31563   5.32600   5.33614   5.34606   5.35575   5.36521   5.37445   5.38347   5.39227   5.40084   5.40919   5.41732   5.42523   5.43292   5.44039   5.44765   5.45469   5.46152   5.46814   5.47455   5.48076   5.48675   5.49255   5.49814   5.50353   5.50873   5.51373   5.51854   5.52316   5.52760   5.53186   5.53594   5.53987   5.54363   5.54725   5.55075   5.55412   5.55739   5.56057   5.56368   5.56673   5.56972   5.57265   5.57552   5.57831   5.58097   5.58346   5.58570   5.58761   5.58909   5.59009   5.59049   5.59008
 58.1250   1.30000   2.30055   2.62626   2.74353   2.80598   2.84797   2.88051   2.90641   2.92655   2.94972   3.00690   3.12311   3.21185   3.16678   3.03429   2.88580   2.75254   2.64200   2.55339   2.48360   2.42913   2.38667   2.35336   2.32685   2.30531   2.28739   2.27213   2.25887   2.24719   2.23676   2.22739   2.21891   2.21120   2.20412   2.19755   2.19137   2.18547   2.17978   2.17424   2.16883   2.16357   2.15850   2.15367   2.14916   2.14503   2.14132   2.13808   2.13533   2.13310   2.13141   2.13026   2.12965   2.12959   2.13004   2.13098   2.13242   2.13434   2.13674   2.13964   2.14305   2.14700   2.15156   2.15676   2.16274   2.16965   2.17776   2.18746   2.19930   2.21408   2.23266   2.25531   2.28075   2.30757   2.33481   2.36256   2.39124   2.42122   2.45234   2.48458   2.51802   2.55283   2.58920   2.62707   2.66627   2.70674   2.74845   2.79123   2.83474   2.87875   2.92328   2.96840   3.01403   3.06009   3.10650   3.15311   3.19976   3.24629   3.29259   3.33857   3.38420   3.42948   3.47446   3.51926   3.56406   3.60905   3.65464   3.70126   3.74914   3.79802   3.84625   3.89285   3.93783   3.98127   4.02317   4.06357   4.10263   4.14054   4.17737   4.21313   4.24783   4.28151   4.31423   4.34603   4.37694   4.40700   4.43623   4.46468   4.49237   4.51933   4.54561   4.57122   4.59620   4.62058   4.64438   4.66762   4.69034   4.71253   4.73424   4.75547   4.77626   4.79661   4.81655   4.83608   4.85524   4.87402   4.89245   4.91055   4.92831   4.94576   4.96289   4.97972   4.99625   5.01249   5.02845   5.04412   5.05953   5.07466   5.08953   5.10413   5.11848   5.13257   5.14640   5.15998   5.17332   5.18640   5.19924   5.21183   5.22419   5.23630   5.24817   5.25980   5.27120   5.28236   5.29329   5.30398   5.31445   5.32468   5.33468   5.34446   5.35402   5.36335   5.37245   5.38134   5.39000   5.39845   5.40668   5.41468   5.42248   5.43005   5.43742   5.44457   5.45151   5.45824   5.46476   5.47108   5.47720   5.48311   5.48882   5.49433   5.49965   5.50477   5.50970   5.51444   5.51900   5.52337   5.52756   5.53159   5.53544   5.53914   5.54268   5.54609   5.54938   5.55256   5.55563   5.55862   5.56154   5.56441   5.56723   5.56999   5.57269   5.57531   5.57780   5.58011   5.58217   5.58390   5.58518   5.58598   5.58618   5.58558
 59.3750   1.30000   2.29535   2.62371   2.74239   2.80530   2.84754   2.88036   2.90690   2.92831   2.95200   3.00743   3.14394   3.33877   3.44231   3.38915   3.24827   3.08774   2.93812   2.80956   2.70351   2.61806   2.55007   2.49616   2.45321   2.41855   2.39010   2.36629   2.34600   2.32845   2.31308   2.29952   2.28743   2.27664   2.26696   2.25824   2.25032   2.24307   2.23637   2.23007   2.22410   2.21836   2.21281   2.20744   2.20225   2.19729   2.19257   2.18816   2.18411   2.18049   2.17737   2.17479   2.17281   2.17146   2.17074   2.17064   2.17117   2.17233   2.17410   2.17649   2.17952   2.18321   2.18760   2.19278   2.19884   2.20598   2.21449   2.22480   2.23753   2.25349   2.27335   2.29665   2.32197   2.34820   2.37478   2.40199   2.43033   2.46002   2.49090   2.52291   2.55606   2.59054   2.62654   2.66401   2.70277   2.74258   2.78329   2.82472   2.86663   2.90900   2.95203   2.99583   3.04022   3.08501   3.13007   3.17533   3.22069   3.26604   3.31132   3.35648   3.40149   3.44636   3.49111   3.53582   3.58061   3.62560   3.67107   3.71735   3.76461   3.81279   3.86076   3.90749   3.95268   3.99630   4.03834   4.07879   4.11769   4.15522   4.19151   4.22674   4.26093   4.29413   4.32637   4.35773   4.38825   4.41796   4.44690   4.47512   4.50264   4.52948   4.55569   4.58127   4.60627   4.63069   4.65456   4.67790   4.70072   4.72304   4.74487   4.76624   4.78715   4.80763   4.82768   4.84733   4.86658   4.88545   4.90395   4.92209   4.93989   4.95735   4.97448   4.99130   5.00779   5.02398   5.03987   5.05546   5.07076   5.08578   5.10052   5.11498   5.12916   5.14308   5.15673   5.17012   5.18325   5.19612   5.20874   5.22110   5.23321   5.24508   5.25670   5.26808   5.27921   5.29011   5.30077   5.31119   5.32138   5.33134   5.34107   5.35058   5.35985   5.36891   5.37774   5.38635   5.39474   5.40291   5.41087   5.41861   5.42614   5.43345   5.44055   5.44745   5.45413   5.46061   5.46689   5.47296   5.47884   5.48451   5.48999   5.49527   5.50036   5.50525   5.50996   5.51449   5.51883   5.52299   5.52698   5.53080   5.53446   5.53797   5.54132   5.54455   5.54766   5.55066   5.55356   5.55638   5.55914   5.56184   5.56449   5.56710   5.56964   5.57209   5.57441   5.57655   5.57842   5.57995   5.58103   5.58162   5.58161   5.58081
 60.6250   1.30000   2.29131   2.62150   2.74120   2.80444   2.84679   2.87967   2.90657   2.92866   2.95165   2.99963   3.11972   3.32337   3.51328   3.58210   3.52760   3.40116   3.24776   3.09481   2.95665   2.83853   2.74083   2.66153   2.59767   2.54616   2.50423   2.46961   2.44058   2.41585   2.39451   2.37591   2.35956   2.34511   2.33223   2.32075   2.31048   2.30125   2.29292   2.28534   2.27837   2.27189   2.26578   2.25997   2.25439   2.24900   2.24378   2.23875   2.23394   2.22941   2.22525   2.22154   2.21836   2.21577   2.21384   2.21258   2.21204   2.21222   2.21314   2.21482   2.21726   2.22049   2.22457   2.22957   2.23562   2.24292   2.25179   2.26270   2.27629   2.29330   2.31401   2.33741   2.36230   2.38789   2.41387   2.44060   2.46860   2.49798   2.52862   2.56039   2.59327   2.62742   2.66302   2.70005   2.73828   2.77742   2.81723   2.85751   2.89812   2.93918   2.98098   3.02365   3.06699   3.11066   3.15446   3.19834   3.24228   3.28624   3.33022   3.37421   3.41821   3.46224   3.50631   3.55047   3.59482   3.63943   3.68450   3.73026   3.77686   3.82426   3.87172   3.91836   3.96375   4.00770   4.05013   4.09101   4.13031   4.16810   4.20446   4.23954   4.27352   4.30646   4.33842   4.36946   4.39963   4.42899   4.45760   4.48550   4.51272   4.53931   4.56529   4.59068   4.61552   4.63981   4.66359   4.68685   4.70962   4.73191   4.75373   4.77509   4.79600   4.81649   4.83655   4.85621   4.87547   4.89434   4.91284   4.93098   4.94877   4.96621   4.98331   5.00008   5.01653   5.03266   5.04848   5.06400   5.07921   5.09414   5.10877   5.12311   5.13718   5.15096   5.16447   5.17771   5.19069   5.20339   5.21584   5.22803   5.23996   5.25164   5.26307   5.27426   5.28519   5.29589   5.30634   5.31656   5.32654   5.33628   5.34580   5.35509   5.36415   5.37298   5.38160   5.38999   5.39816   5.40612   5.41386   5.42138   5.42869   5.43579   5.44268   5.44937   5.45584   5.46212   5.46819   5.47406   5.47973   5.48520   5.49048   5.49557   5.50047   5.50517   5.50969   5.51403   5.51819   5.52217   5.52598   5.52963   5.53311   5.53645   5.53964   5.54270   5.54565   5.54849   5.55124   5.55391   5.55651   5.55906   5.56156   5.56401   5.56638   5.56867   5.57082   5.57277   5.57445   5.57578   5.57664   5.57701   5.57679   5.57578
 61.8750   1.30000   2.28721   2.61929   2.73997   2.80345   2.84584   2.87873   2.90586   2.92847   2.95079   2.99158   3.09243   3.28076   3.49358   3.63112   3.66470   3.61775   3.51298   3.37435   3.22603   3.08460   2.95898   2.85212   2.76358   2.69117   2.63212   2.58373   2.54368   2.51010   2.48156   2.45701   2.43566   2.41696   2.40045   2.38582   2.37275   2.36110   2.35065   2.34127   2.33281   2.32512   2.31807   2.31154   2.30542   2.29962   2.29406   2.28870   2.28351   2.27853   2.27379   2.26938   2.26538   2.26188   2.25895   2.25666   2.25509   2.25427   2.25425   2.25507   2.25677   2.25939   2.26300   2.26767   2.27356   2.28090   2.29002   2.30141   2.31571   2.33346   2.35447   2.37756   2.40183   2.42677   2.45219   2.47848   2.50610   2.53512   2.56545   2.59693   2.62951   2.66332   2.69849   2.73500   2.77264   2.81109   2.85007   2.88939   2.92899   2.96905   3.00987   3.05157   3.09398   3.13674   3.17949   3.22212   3.26468   3.30722   3.34978   3.39241   3.43514   3.47802   3.52107   3.56434   3.60788   3.65178   3.69616   3.74118   3.78695   3.83345   3.88017   3.92639   3.97166   4.01573   4.05845   4.09975   4.13957   4.17790   4.21477   4.25024   4.28442   4.31745   4.34944   4.38043   4.41048   4.43968   4.46807   4.49573   4.52270   4.54903   4.57475   4.59990   4.62450   4.64858   4.67215   4.69524   4.71785   4.74000   4.76170   4.78295   4.80377   4.82417   4.84416   4.86375   4.88295   4.90176   4.92020   4.93828   4.95600   4.97338   4.99042   5.00712   5.02350   5.03956   5.05530   5.07073   5.08586   5.10068   5.11521   5.12946   5.14341   5.15708   5.17047   5.18359   5.19643   5.20900   5.22131   5.23336   5.24514   5.25667   5.26795   5.27897   5.28975   5.30028   5.31057   5.32062   5.33043   5.34000   5.34934   5.35845   5.36734   5.37600   5.38443   5.39264   5.40064   5.40841   5.41597   5.42331   5.43044   5.43736   5.44408   5.45058   5.45688   5.46298   5.46887   5.47457   5.48007   5.48537   5.49048   5.49539   5.50012   5.50466   5.50902   5.51319   5.51718   5.52101   5.52466   5.52815   5.53147   5.53466   5.53770   5.54062   5.54342   5.54611   5.54871   5.55123   5.55369   5.55609   5.55843   5.56072   5.56294   5.56505   5.56702   5.56878   5.57026   5.57137   5.57201   5.57216   5.57172   5.57049
 63.1250   1.30000   2.28368   2.61731   2.73876   2.80244   2.84484   2.87767   2.90492   2.92795   2.94980   2.98468   3.06783   3.23573   3.45181   3.62225   3.70289   3.71652   3.67983   3.59516   3.47397   3.33461   3.19446   3.06493   2.95153   2.85559   2.77601   2.71058   2.65676   2.61219   2.57486   2.54320   2.51600   2.49240   2.47173   2.45353   2.43739   2.42304   2.41018   2.39867   2.38832   2.37902   2.37061   2.36297   2.35597   2.34950   2.34345   2.33771   2.33224   2.32700   2.32199   2.31724   2.31282   2.30879   2.30522   2.30222   2.29985   2.29820   2.29734   2.29734   2.29828   2.30022   2.30325   2.30748   2.31309   2.32032   2.32955   2.34124   2.35596   2.37398   2.39475   2.41722   2.44075   2.46499   2.48985   2.51568   2.54288   2.57150   2.60145   2.63256   2.66478   2.69818   2.73287   2.76882   2.80582   2.84357   2.88180   2.92033   2.95915   2.99844   3.03846   3.07929   3.12085   3.16283   3.20476   3.24640   3.28776   3.32897   3.37014   3.41137   3.45272   3.49428   3.53608   3.57819   3.62067   3.66359   3.70703   3.75111   3.79591   3.84140   3.88718   3.93270   3.97752   4.02136   4.06406   4.10552   4.14566   4.18444   4.22185   4.25789   4.29260   4.32605   4.35836   4.38961   4.41984   4.44914   4.47757   4.50520   4.53209   4.55829   4.58385   4.60881   4.63322   4.65710   4.68047   4.70335   4.72577   4.74773   4.76925   4.79034   4.81100   4.83126   4.85112   4.87058   4.88965   4.90835   4.92668   4.94466   4.96228   4.97956   4.99650   5.01311   5.02939   5.04535   5.06100   5.07633   5.09136   5.10608   5.12051   5.13464   5.14849   5.16205   5.17533   5.18832   5.20105   5.21350   5.22568   5.23760   5.24926   5.26066   5.27180   5.28269   5.29332   5.30371   5.31386   5.32376   5.33342   5.34285   5.35204   5.36100   5.36974   5.37824   5.38652   5.39458   5.40242   5.41003   5.41744   5.42462   5.43160   5.43836   5.44492   5.45127   5.45741   5.46335   5.46909   5.47463   5.47998   5.48513   5.49008   5.49485   5.49942   5.50381   5.50802   5.51204   5.51589   5.51957   5.52307   5.52642   5.52960   5.53264   5.53555   5.53832   5.54098   5.54353   5.54599   5.54837   5.55068   5.55293   5.55512   5.55725   5.55930   5.56124   5.56301   5.56458   5.56584   5.56673   5.56714   5.56706   5.56640   5.56495
 64.3750   1.30000   2.28023   2.61537   2.73755   2.80138   2.84377   2.87653   2.90384   2.92719   2.94877   2.97908   3.04705   3.19305   3.40413   3.59398   3.70516   3.74648   3.75190   3.72399   3.65652   3.55228   3.42415   3.28825   3.15751   3.03972   2.93805   2.85268   2.78202   2.72374   2.67547   2.63509   2.60090   2.57159   2.54618   2.52397   2.50438   2.48704   2.47158   2.45777   2.44534   2.43418   2.42411   2.41503   2.40682   2.39934   2.39249   2.38615   2.38024   2.37468   2.36944   2.36450   2.35988   2.35562   2.35176   2.34837   2.34554   2.34335   2.34190   2.34128   2.34159   2.34293   2.34541   2.34918   2.35445   2.36149   2.37066   2.38243   2.39718   2.41494   2.43503   2.45663   2.47930   2.50278   2.52702   2.55234   2.57905   2.60719   2.63667   2.66734   2.69911   2.73203   2.76618   2.80153   2.83788   2.87495   2.91249   2.95035   2.98854   3.02720   3.06652   3.10659   3.14735   3.18859   3.22986   3.27072   3.31112   3.35122   3.39116   3.43108   3.47108   3.51127   3.55173   3.59253   3.63376   3.67550   3.71780   3.76078   3.80448   3.84886   3.89360   3.93823   3.98234   4.02566   4.06803   4.10933   4.14948   4.18843   4.22613   4.26259   4.29780   4.33178   4.36457   4.39625   4.42688   4.45652   4.48522   4.51306   4.54009   4.56637   4.59196   4.61690   4.64125   4.66503   4.68828   4.71102   4.73329   4.75509   4.77644   4.79737   4.81787   4.83796   4.85766   4.87697   4.89590   4.91446   4.93266   4.95050   4.96799   4.98515   5.00197   5.01846   5.03462   5.05047   5.06600   5.08122   5.09613   5.11074   5.12506   5.13908   5.15281   5.16626   5.17942   5.19230   5.20491   5.21725   5.22931   5.24111   5.25264   5.26392   5.27493   5.28570   5.29621   5.30647   5.31648   5.32625   5.33578   5.34508   5.35413   5.36296   5.37155   5.37992   5.38806   5.39598   5.40368   5.41116   5.41842   5.42546   5.43230   5.43892   5.44533   5.45154   5.45755   5.46335   5.46895   5.47435   5.47955   5.48456   5.48938   5.49400   5.49844   5.50269   5.50676   5.51064   5.51435   5.51789   5.52126   5.52447   5.52752   5.53042   5.53319   5.53583   5.53835   5.54077   5.54309   5.54532   5.54749   5.54959   5.55162   5.55359   5.55546   5.55721   5.55879   5.56016   5.56120   5.56186   5.56204   5.56172   5.56084   5.55917
 65.6250   1.30000   2.27716   2.61359   2.73635   2.80032   2.84268   2.87534   2.90265   2.92623   2.94771   2.97462   3.02991   3.15380   3.35402   3.55601   3.69259   3.75420   3.77558   3.77772   3.75663   3.70288   3.61396   3.49758   3.36756   3.23753   3.11707   3.01122   2.92138   2.84660   2.78484   2.73371   2.69100   2.65489   2.62397   2.59718   2.57375   2.55311   2.53479   2.51847   2.50384   2.49071   2.47885   2.46815   2.45849   2.44975   2.44182   2.43460   2.42799   2.42190   2.41628   2.41109   2.40629   2.40190   2.39793   2.39441   2.39140   2.38898   2.38723   2.38626   2.38619   2.38712   2.38921   2.39262   2.39759   2.40441   2.41342   2.42501   2.43941   2.45647   2.47556   2.49609   2.51776   2.54038   2.56390   2.58860   2.61472   2.64229   2.67122   2.70134   2.73258   2.76495   2.79851   2.83321   2.86890   2.90531   2.94223   2.97950   3.01712   3.05519   3.09388   3.13324   3.17326   3.21378   3.25442   3.29467   3.33434   3.37356   3.41250   3.45130   3.49009   3.52900   3.56814   3.60760   3.64750   3.68792   3.72896   3.77069   3.81317   3.85635   3.89997   3.94360   3.98686   4.02947   4.07128   4.11216   4.15204   4.19085   4.22856   4.26515   4.30061   4.33494   4.36814   4.40025   4.43132   4.46138   4.49048   4.51868   4.54603   4.57258   4.59838   4.62348   4.64793   4.67178   4.69505   4.71778   4.74000   4.76173   4.78300   4.80382   4.82420   4.84417   4.86374   4.88292   4.90171   4.92014   4.93820   4.95590   4.97327   4.99029   5.00698   5.02334   5.03938   5.05510   5.07050   5.08560   5.10039   5.11489   5.12908   5.14299   5.15660   5.16993   5.18298   5.19574   5.20823   5.22045   5.23240   5.24408   5.25549   5.26665   5.27754   5.28819   5.29857   5.30871   5.31860   5.32825   5.33766   5.34682   5.35576   5.36445   5.37292   5.38116   5.38917   5.39696   5.40453   5.41188   5.41901   5.42592   5.43263   5.43912   5.44540   5.45148   5.45735   5.46302   5.46849   5.47376   5.47883   5.48371   5.48840   5.49289   5.49720   5.50132   5.50525   5.50901   5.51259   5.51600   5.51924   5.52231   5.52523   5.52800   5.53064   5.53315   5.53554   5.53781   5.53999   5.54209   5.54410   5.54605   5.54792   5.54972   5.55141   5.55298   5.55436   5.55551   5.55632   5.55676   5.55670   5.55615   5.55504   5.55316
 66.8750   1.30000   2.27420   2.61186   2.73514   2.79923   2.84154   2.87410   2.90138   2.92510   2.94657   2.97106   3.01614   3.11866   3.30328   3.51164   3.66943   3.75256   3.78477   3.79704   3.79774   3.78171   3.73864   3.66280   3.55760   3.43424   3.30623   3.18457   3.07586   2.98273   2.90493   2.84060   2.78736   2.74295   2.70543   2.67333   2.64553   2.62122   2.59976   2.58071   2.56370   2.54846   2.53473   2.52237   2.51117   2.50103   2.49185   2.48353   2.47598   2.46913   2.46292   2.45728   2.45219   2.44761   2.44353   2.43995   2.43692   2.43446   2.43266   2.43161   2.43141   2.43219   2.43410   2.43734   2.44213   2.44876   2.45755   2.46877   2.48254   2.49862   2.51652   2.53585   2.55640   2.57803   2.60070   2.62464   2.65004   2.67693   2.70519   2.73468   2.76531   2.79705   2.82996   2.86400   2.89901   2.93478   2.97109   3.00779   3.04486   3.08238   3.12045   3.15914   3.19844   3.23825   3.27825   3.31795   3.35703   3.39558   3.43374   3.47165   3.50944   3.54725   3.58519   3.62340   3.66199   3.70108   3.74078   3.78118   3.82235   3.86425   3.90666   3.94920   3.99150   4.03330   4.07442   4.11473   4.15414   4.19259   4.23006   4.26652   4.30195   4.33637   4.36975   4.40212   4.43350   4.46391   4.49338   4.52196   4.54967   4.57656   4.60268   4.62806   4.65275   4.67679   4.70023   4.72308   4.74538   4.76717   4.78845   4.80927   4.82963   4.84955   4.86906   4.88816   4.90687   4.92520   4.94316   4.96076   4.97801   4.99492   5.01149   5.02774   5.04366   5.05926   5.07455   5.08953   5.10420   5.11858   5.13266   5.14644   5.15994   5.17315   5.18608   5.19873   5.21111   5.22321   5.23504   5.24660   5.25790   5.26894   5.27972   5.29024   5.30052   5.31054   5.32031   5.32984   5.33912   5.34817   5.35698   5.36556   5.37391   5.38202   5.38991   5.39758   5.40503   5.41225   5.41926   5.42605   5.43263   5.43900   5.44516   5.45111   5.45686   5.46241   5.46775   5.47290   5.47785   5.48260   5.48716   5.49153   5.49571   5.49971   5.50352   5.50715   5.51061   5.51389   5.51700   5.51995   5.52274   5.52538   5.52789   5.53027   5.53252   5.53466   5.53670   5.53865   5.54052   5.54230   5.54401   5.54563   5.54714   5.54852   5.54970   5.55063   5.55123   5.55143   5.55113   5.55035   5.54902   5.54692
 68.1250   1.30000   2.27152   2.61023   2.73395   2.79812   2.84039   2.87282   2.90003   2.92383   2.94533   2.96814   3.00531   3.08830   3.25329   3.46253   3.63817   3.74284   3.78832   3.80634   3.81409   3.81409   3.80171   3.76681   3.70170   3.60661   3.48999   3.36484   3.24298   3.13255   3.03728   2.95744   2.89139   2.83676   2.79122   2.75279   2.71992   2.69144   2.66649   2.64446   2.62486   2.60735   2.59163   2.57748   2.56471   2.55316   2.54268   2.53315   2.52455   2.51676   2.50976   2.50348   2.49789   2.49296   2.48866   2.48497   2.48191   2.47948   2.47774   2.47677   2.47664   2.47749   2.47944   2.48268   2.48744   2.49397   2.50252   2.51329   2.52628   2.54129   2.55796   2.57604   2.59540   2.61592   2.63762   2.66066   2.68521   2.71127   2.73875   2.76750   2.79742   2.82847   2.86068   2.89401   2.92833   2.96344   2.99914   3.03526   3.07178   3.10873   3.14619   3.18423   3.22282   3.26191   3.30125   3.34037   3.37895   3.41695   3.45451   3.49174   3.52874   3.56566   3.60260   3.63971   3.67711   3.71495   3.75334   3.79240   3.83222   3.87279   3.91392   3.95530   3.99656   4.03746   4.07780   4.11744   4.15627   4.19424   4.23131   4.26746   4.30267   4.33694   4.37028   4.40268   4.43417   4.46475   4.49445   4.52328   4.55128   4.57848   4.60489   4.63057   4.65555   4.67985   4.70352   4.72658   4.74906   4.77100   4.79241   4.81332   4.83374   4.85371   4.87324   4.89235   4.91105   4.92935   4.94726   4.96481   4.98200   4.99884   5.01533   5.03149   5.04732   5.06283   5.07802   5.09290   5.10748   5.12175   5.13572   5.14941   5.16280   5.17590   5.18872   5.20126   5.21353   5.22552   5.23724   5.24869   5.25988   5.27081   5.28148   5.29189   5.30205   5.31196   5.32162   5.33103   5.34021   5.34914   5.35784   5.36630   5.37453   5.38253   5.39031   5.39786   5.40518   5.41229   5.41918   5.42586   5.43232   5.43857   5.44461   5.45045   5.45608   5.46151   5.46673   5.47176   5.47659   5.48123   5.48567   5.48992   5.49398   5.49786   5.50155   5.50506   5.50839   5.51155   5.51454   5.51737   5.52003   5.52255   5.52493   5.52718   5.52930   5.53130   5.53320   5.53500   5.53671   5.53834   5.53988   5.54133   5.54266   5.54384   5.54481   5.54554   5.54591   5.54589   5.54535   5.54433   5.54277   5.54045
 69.3750   1.30000   2.26898   2.60865   2.73276   2.79700   2.83921   2.87151   2.89861   2.92244   2.94397   2.96566   2.99688   3.06298   3.20554   3.40998   3.59982   3.72557   3.78692   3.81193   3.82315   3.82835   3.82803   3.81824   3.78951   3.73310   3.64670   3.53656   3.41449   3.29322   3.18214   3.08573   3.00475   2.93774   2.88235   2.83620   2.79726   2.76394   2.73504   2.70971   2.68729   2.66734   2.64947   2.63344   2.61898   2.60593   2.59411   2.58340   2.57371   2.56491   2.55702   2.54996   2.54371   2.53827   2.53358   2.52964   2.52644   2.52398   2.52229   2.52143   2.52147   2.52248   2.52461   2.52800   2.53284   2.53934   2.54768   2.55799   2.57022   2.58421   2.59973   2.61661   2.63477   2.65416   2.67479   2.69682   2.72038   2.74549   2.77206   2.79995   2.82906   2.85934   2.89080   2.92339   2.95699   2.99141   3.02646   3.06198   3.09791   3.13426   3.17111   3.20847   3.24637   3.28473   3.32337   3.36190   3.39996   3.43750   3.47457   3.51125   3.54765   3.58387   3.62002   3.65623   3.69262   3.72935   3.76654   3.80434   3.84284   3.88207   3.92190   3.96206   4.00223   4.04214   4.08164   4.12054   4.15872   4.19613   4.23272   4.26845   4.30331   4.33730   4.37043   4.40269   4.43409   4.46466   4.49440   4.52333   4.55147   4.57884   4.60547   4.63137   4.65658   4.68112   4.70502   4.72830   4.75099   4.77312   4.79470   4.81576   4.83633   4.85641   4.87603   4.89521   4.91397   4.93230   4.95025   4.96780   4.98498   5.00180   5.01827   5.03439   5.05017   5.06563   5.08076   5.09557   5.11008   5.12427   5.13817   5.15176   5.16507   5.17809   5.19082   5.20326   5.21543   5.22733   5.23895   5.25031   5.26140   5.27222   5.28279   5.29310   5.30315   5.31296   5.32251   5.33182   5.34089   5.34972   5.35830   5.36666   5.37478   5.38267   5.39034   5.39778   5.40500   5.41199   5.41877   5.42534   5.43169   5.43783   5.44376   5.44948   5.45500   5.46032   5.46543   5.47035   5.47507   5.47959   5.48392   5.48805   5.49200   5.49576   5.49934   5.50273   5.50595   5.50899   5.51186   5.51456   5.51710   5.51950   5.52175   5.52386   5.52585   5.52772   5.52947   5.53113   5.53269   5.53416   5.53554   5.53681   5.53795   5.53894   5.53971   5.54023   5.54038   5.54013   5.53936   5.53811   5.53632   5.53377
 70.6250   1.30000   2.26663   2.60715   2.73157   2.79586   2.83800   2.87017   2.89714   2.92093   2.94248   2.96344   2.99034   3.04260   3.16144   3.35542   3.55517   3.70107   3.78011   3.81448   3.82953   3.83713   3.84076   3.84031   3.83234   3.80830   3.75881   3.67971   3.57516   3.45620   3.33627   3.22536   3.12870   3.04740   2.98011   2.92451   2.87818   2.83908   2.80560   2.77653   2.75100   2.72838   2.70822   2.69016   2.67392   2.65928   2.64605   2.63408   2.62326   2.61348   2.60470   2.59681   2.58982   2.58375   2.57852   2.57417   2.57070   2.56807   2.56633   2.56551   2.56566   2.56685   2.56916   2.57273   2.57770   2.58421   2.59239   2.60229   2.61387   2.62700   2.64152   2.65733   2.67439   2.69268   2.71223   2.73319   2.75568   2.77973   2.80527   2.83220   2.86039   2.88982   2.92046   2.95226   2.98509   3.01879   3.05314   3.08801   3.12330   3.15903   3.19522   3.23191   3.26909   3.30672   3.34464   3.38253   3.42006   3.45714   3.49377   3.53000   3.56591   3.60158   3.63711   3.67260   3.70818   3.74398   3.78014   3.81681   3.85410   3.89206   3.93062   3.96955   4.00861   4.04748   4.08606   4.12415   4.16163   4.19843   4.23447   4.26973   4.30418   4.33782   4.37064   4.40265   4.43385   4.46426   4.49390   4.52278   4.55092   4.57832   4.60502   4.63102   4.65636   4.68105   4.70511   4.72856   4.75143   4.77372   4.79548   4.81670   4.83742   4.85764   4.87739   4.89668   4.91553   4.93396   4.95197   4.96958   4.98680   5.00365   5.02014   5.03627   5.05205   5.06749   5.08260   5.09738   5.11185   5.12600   5.13985   5.15339   5.16664   5.17959   5.19226   5.20463   5.21673   5.22855   5.24009   5.25137   5.26237   5.27311   5.28359   5.29381   5.30378   5.31349   5.32295   5.33216   5.34113   5.34986   5.35835   5.36661   5.37463   5.38242   5.38999   5.39733   5.40444   5.41134   5.41801   5.42448   5.43072   5.43676   5.44258   5.44820   5.45361   5.45882   5.46383   5.46864   5.47325   5.47767   5.48189   5.48591   5.48975   5.49340   5.49687   5.50015   5.50325   5.50617   5.50893   5.51151   5.51393   5.51620   5.51833   5.52032   5.52217   5.52391   5.52552   5.52703   5.52844   5.52975   5.53096   5.53206   5.53303   5.53383   5.53440   5.53472   5.53465   5.53418   5.53317   5.53169   5.52966   5.52687
 71.8750   1.30000   2.26439   2.60569   2.73038   2.79471   2.83676   2.86879   2.89563   2.91934   2.94087   2.96135   2.98519   3.02667   3.12228   3.30037   3.50505   3.66946   3.76754   3.81359   3.83384   3.84386   3.84931   3.85193   3.85143   3.84476   3.82427   3.78018   3.70685   3.60692   3.49118   3.37300   3.26298   3.16686   3.08597   3.01902   2.96365   2.91750   2.87851   2.84509   2.81603   2.79049   2.76784   2.74763   2.72949   2.71317   2.69845   2.68514   2.67314   2.66230   2.65257   2.64386   2.63615   2.62941   2.62359   2.61873   2.61484   2.61190   2.60996   2.60904   2.60919   2.61044   2.61287   2.61656   2.62161   2.62812   2.63615   2.64572   2.65678   2.66923   2.68296   2.69789   2.71400   2.73129   2.74983   2.76973   2.79113   2.81407   2.83851   2.86437   2.89156   2.92004   2.94978   2.98073   3.01274   3.04566   3.07927   3.11343   3.14804   3.18309   3.21859   3.25456   3.29101   3.32789   3.36508   3.40231   3.43929   3.47589   3.51208   3.54790   3.58338   3.61860   3.65363   3.68855   3.72348   3.75854   3.79385   3.82955   3.86578   3.90260   3.93996   3.97772   4.01566   4.05353   4.09111   4.12835   4.16509   4.20122   4.23668   4.27142   4.30542   4.33866   4.37113   4.40283   4.43376   4.46395   4.49340   4.52212   4.55014   4.57746   4.60412   4.63011   4.65546   4.68019   4.70432   4.72786   4.75082   4.77323   4.79510   4.81645   4.83728   4.85763   4.87750   4.89690   4.91586   4.93438   4.95248   4.97017   4.98747   5.00438   5.02091   5.03708   5.05289   5.06835   5.08347   5.09826   5.11273   5.12687   5.14070   5.15422   5.16743   5.18035   5.19297   5.20530   5.21735   5.22911   5.24060   5.25181   5.26275   5.27342   5.28383   5.29398   5.30387   5.31350   5.32288   5.33202   5.34090   5.34955   5.35795   5.36612   5.37405   5.38176   5.38923   5.39648   5.40350   5.41030   5.41688   5.42325   5.42940   5.43534   5.44107   5.44659   5.45190   5.45701   5.46192   5.46663   5.47114   5.47545   5.47957   5.48349   5.48723   5.49077   5.49413   5.49730   5.50029   5.50310   5.50574   5.50821   5.51052   5.51267   5.51468   5.51654   5.51826   5.51986   5.52134   5.52271   5.52397   5.52513   5.52618   5.52711   5.52790   5.52852   5.52890   5.52902   5.52874   5.52806   5.52681   5.52508   5.52281   5.51976
 73.1250   1.30000   2.26229   2.60427   2.72920   2.79354   2.83550   2.86738   2.89407   2.91767   2.93914   2.95929   2.98103   3.01446   3.08903   3.24650   3.45054   3.63086   3.74881   3.80882   3.83589   3.84901   3.85618   3.86027   3.86224   3.86171   3.85599   3.83814   3.79811   3.72912   3.63309   3.52034   3.40420   3.29572   3.20087   3.12102   3.05486   3.00011   2.95442   2.91577   2.88259   2.85373   2.82834   2.80579   2.78564   2.76755   2.75125   2.73654   2.72328   2.71133   2.70060   2.69101   2.68252   2.67509   2.66866   2.66328   2.65892   2.65557   2.65329   2.65214   2.65213   2.65329   2.65567   2.65935   2.66438   2.67081   2.67868   2.68796   2.69862   2.71056   2.72368   2.73791   2.75325   2.76972   2.78737   2.80630   2.82666   2.84850   2.87181   2.89655   2.92266   2.95011   2.97888   3.00890   3.04004   3.07211   3.10493   3.13833   3.17220   3.20651   3.24128   3.27651   3.31220   3.34832   3.38476   3.42131   3.45771   3.49381   3.52955   3.56494   3.60002   3.63483   3.66943   3.70389   3.73829   3.77274   3.80736   3.84227   3.87760   3.91343   3.94974   3.98642   4.02329   4.06018   4.09683   4.13317   4.16912   4.20456   4.23939   4.27359   4.30710   4.33990   4.37199   4.40335   4.43398   4.46390   4.49311   4.52163   4.54947   4.57664   4.60317   4.62907   4.65435   4.67904   4.70314   4.72668   4.74966   4.77210   4.79402   4.81543   4.83633   4.85675   4.87670   4.89619   4.91523   4.93383   4.95201   4.96978   4.98714   5.00411   5.02070   5.03692   5.05278   5.06828   5.08343   5.09825   5.11272   5.12688   5.14071   5.15423   5.16743   5.18034   5.19294   5.20525   5.21726   5.22899   5.24044   5.25161   5.26250   5.27313   5.28348   5.29357   5.30340   5.31298   5.32229   5.33136   5.34018   5.34875   5.35708   5.36518   5.37303   5.38066   5.38805   5.39522   5.40216   5.40887   5.41537   5.42165   5.42771   5.43356   5.43920   5.44463   5.44986   5.45488   5.45969   5.46431   5.46872   5.47294   5.47696   5.48079   5.48442   5.48786   5.49112   5.49419   5.49707   5.49978   5.50231   5.50467   5.50687   5.50890   5.51079   5.51253   5.51413   5.51560   5.51694   5.51817   5.51929   5.52030   5.52119   5.52196   5.52258   5.52302   5.52322   5.52315   5.52267   5.52176   5.52028   5.51830   5.51576   5.51243
 74.3750   1.30000   2.26028   2.60289   2.72801   2.79235   2.83422   2.86594   2.89247   2.91594   2.93732   2.95722   2.97754   3.00515   3.06207   3.19550   3.39302   3.58552   3.72350   3.79962   3.83537   3.85251   3.86177   3.86721   3.87040   3.87192   3.87139   3.86635   3.85042   3.81323   3.74746   3.65449   3.54442   3.43065   3.32432   3.23135   3.15303   3.08806   3.03421   2.98919   2.95107   2.91831   2.88979   2.86467   2.84234   2.82236   2.80441   2.78823   2.77365   2.76052   2.74875   2.73823   2.72890   2.72073   2.71365   2.70768   2.70280   2.69900   2.69633   2.69484   2.69453   2.69545   2.69763   2.70114   2.70600   2.71225   2.71988   2.72888   2.73919   2.75072   2.76338   2.77709   2.79183   2.80764   2.82454   2.84265   2.86207   2.88288   2.90511   2.92874   2.95374   2.98011   3.00784   3.03687   3.06706   3.09824   3.13020   3.16277   3.19584   3.22938   3.26337   3.29781   3.33272   3.36807   3.40377   3.43962   3.47541   3.51097   3.54624   3.58119   3.61586   3.65027   3.68447   3.71850   3.75246   3.78641   3.82046   3.85472   3.88930   3.92429   3.95969   3.99541   4.03133   4.06728   4.10308   4.13855   4.17370   4.20842   4.24262   4.27624   4.30923   4.34158   4.37326   4.40425   4.43456   4.46419   4.49314   4.52142   4.54905   4.57604   4.60240   4.62816   4.65332   4.67790   4.70192   4.72539   4.74833   4.77074   4.79264   4.81404   4.83496   4.85540   4.87538   4.89490   4.91398   4.93263   4.95086   4.96867   4.98608   5.00311   5.01974   5.03601   5.05190   5.06744   5.08263   5.09747   5.11197   5.12614   5.13999   5.15352   5.16673   5.17963   5.19223   5.20452   5.21653   5.22824   5.23966   5.25080   5.26167   5.27225   5.28257   5.29262   5.30240   5.31193   5.32120   5.33021   5.33897   5.34749   5.35576   5.36379   5.37158   5.37913   5.38646   5.39355   5.40042   5.40706   5.41348   5.41968   5.42567   5.43144   5.43700   5.44235   5.44749   5.45242   5.45715   5.46168   5.46601   5.47014   5.47407   5.47780   5.48134   5.48469   5.48785   5.49082   5.49361   5.49621   5.49864   5.50089   5.50298   5.50490   5.50667   5.50829   5.50977   5.51112   5.51234   5.51343   5.51441   5.51528   5.51602   5.51663   5.51709   5.51737   5.51739   5.51713   5.51644   5.51532   5.51359   5.51134   5.50852   5.50488
 75.6250   1.30000   2.25836   2.60154   2.72682   2.79115   2.83291   2.86448   2.89084   2.91416   2.93542   2.95510   2.97445   2.99801   3.04122   3.14905   3.33414   3.53400   3.69121   3.78535   3.83191   3.85421   3.86605   3.87303   3.87734   3.87991   3.88113   3.88060   3.87605   3.86140   3.82609   3.76243   3.67173   3.56412   3.45302   3.34938   3.25879   3.18242   3.11894   3.06621   3.02206   2.98462   2.95243   2.92436   2.89961   2.87760   2.85788   2.84016   2.82421   2.80986   2.79698   2.78547   2.77526   2.76629   2.75851   2.75191   2.74646   2.74216   2.73903   2.73710   2.73641   2.73697   2.73882   2.74201   2.74657   2.75251   2.75984   2.76851   2.77846   2.78962   2.80189   2.81519   2.82947   2.84475   2.86107   2.87849   2.89712   2.91703   2.93826   2.96084   2.98476   3.01004   3.03669   3.06468   3.09387   3.12410   3.15514   3.18683   3.21905   3.25175   3.28493   3.31857   3.35268   3.38725   3.42218   3.45732   3.49247   3.52747   3.56223   3.59672   3.63095   3.66495   3.69875   3.73239   3.76593   3.79943   3.83300   3.86671   3.90067   3.93495   3.96957   4.00447   4.03954   4.07465   4.10965   4.14437   4.17874   4.21275   4.24631   4.27934   4.31181   4.34368   4.37493   4.40554   4.43551   4.46483   4.49350   4.52153   4.54894   4.57573   4.60191   4.62749   4.65251   4.67696   4.70086   4.72422   4.74707   4.76940   4.79124   4.81259   4.83347   4.85388   4.87384   4.89336   4.91244   4.93109   4.94933   4.96716   4.98459   5.00163   5.01830   5.03458   5.05050   5.06606   5.08127   5.09613   5.11065   5.12484   5.13870   5.15223   5.16545   5.17835   5.19095   5.20324   5.21523   5.22693   5.23834   5.24946   5.26031   5.27087   5.28116   5.29117   5.30092   5.31041   5.31963   5.32860   5.33732   5.34578   5.35400   5.36198   5.36972   5.37721   5.38448   5.39151   5.39831   5.40489   5.41124   5.41738   5.42329   5.42899   5.43447   5.43975   5.44481   5.44967   5.45432   5.45877   5.46301   5.46706   5.47091   5.47455   5.47801   5.48127   5.48433   5.48721   5.48990   5.49241   5.49474   5.49689   5.49887   5.50069   5.50235   5.50386   5.50522   5.50645   5.50754   5.50851   5.50935   5.51008   5.51068   5.51115   5.51145   5.51157   5.51142   5.51097   5.51009   5.50874   5.50675   5.50422   5.50109   5.49710
 76.8750   1.30000   2.25650   2.60021   2.72562   2.78993   2.83157   2.86298   2.88918   2.91233   2.93345   2.95294   2.97161   2.99242   3.02572   3.10869   3.27573   3.47729   3.65165   3.76532   3.82501   3.85390   3.86897   3.87778   3.88330   3.88683   3.88898   3.88999   3.88944   3.88522   3.87132   3.83697   3.77440   3.68529   3.58000   3.47192   3.37143   3.28367   3.20953   3.14776   3.09636   3.05325   3.01664   2.98510   2.95758   2.93329   2.91167   2.89231   2.87492   2.85929   2.84526   2.83272   2.82158   2.81177   2.80324   2.79596   2.78990   2.78504   2.78140   2.77899   2.77784   2.77796   2.77939   2.78216   2.78630   2.79182   2.79873   2.80698   2.81652   2.82729   2.83918   2.85209   2.86599   2.88086   2.89671   2.91358   2.93155   2.95070   2.97106   2.99269   3.01560   3.03983   3.06541   3.09233   3.12050   3.14973   3.17982   3.21058   3.24189   3.27372   3.30605   3.33886   3.37216   3.40592   3.44008   3.47450   3.50898   3.54338   3.57760   3.61160   3.64538   3.67895   3.71234   3.74557   3.77871   3.81180   3.84492   3.87815   3.91157   3.94524   3.97920   4.01339   4.04771   4.08207   4.11635   4.15040   4.18411   4.21743   4.25037   4.28283   4.31478   4.34618   4.37699   4.40721   4.43682   4.46581   4.49420   4.52197   4.54914   4.57571   4.60170   4.62711   4.65196   4.67626   4.70003   4.72327   4.74600   4.76824   4.78999   4.81126   4.83207   4.85242   4.87233   4.89180   4.91084   4.92947   4.94768   4.96550   4.98292   4.99995   5.01661   5.03289   5.04881   5.06437   5.07958   5.09445   5.10897   5.12316   5.13702   5.15055   5.16377   5.17667   5.18926   5.20154   5.21353   5.22521   5.23661   5.24771   5.25853   5.26907   5.27934   5.28933   5.29904   5.30850   5.31769   5.32662   5.33529   5.34372   5.35189   5.35982   5.36750   5.37495   5.38216   5.38914   5.39588   5.40240   5.40869   5.41476   5.42061   5.42624   5.43166   5.43687   5.44186   5.44665   5.45123   5.45560   5.45977   5.46374   5.46750   5.47107   5.47444   5.47762   5.48060   5.48339   5.48599   5.48840   5.49063   5.49269   5.49458   5.49629   5.49784   5.49924   5.50049   5.50160   5.50258   5.50343   5.50415   5.50474   5.50521   5.50553   5.50569   5.50565   5.50533   5.50471   5.50361   5.50204   5.49977   5.49694   5.49346   5.48908
 78.1250   1.30000   2.25471   2.59891   2.72443   2.78869   2.83021   2.86145   2.88748   2.91047   2.93142   2.95072   2.96890   2.98786   3.01435   3.07552   3.21969   3.41683   3.60482   3.73876   3.81399   3.85127   3.87040   3.88140   3.88832   3.89287   3.89586   3.89771   3.89855   3.89799   3.89395   3.88029   3.84597   3.78358   3.69547   3.59254   3.48789   3.39102   3.30634   3.23464   3.17480   3.12490   3.08295   3.04727   3.01648   2.98959   2.96583   2.94469   2.92576   2.90878   2.89356   2.87995   2.86783   2.85715   2.84782   2.83981   2.83309   2.82764   2.82344   2.82051   2.81886   2.81850   2.81944   2.82172   2.82536   2.83038   2.83677   2.84451   2.85357   2.86386   2.87531   2.88783   2.90134   2.91583   2.93128   2.94770   2.96514   2.98366   3.00329   3.02409   3.04610   3.06936   3.09391   3.11978   3.14692   3.17515   3.20425   3.23405   3.26443   3.29536   3.32680   3.35877   3.39123   3.42418   3.45755   3.49122   3.52501   3.55879   3.59244   3.62593   3.65922   3.69234   3.72530   3.75812   3.79084   3.82352   3.85622   3.88900   3.92193   3.95507   3.98844   4.02200   4.05569   4.08939   4.12300   4.15644   4.18957   4.22231   4.25466   4.28659   4.31804   4.34897   4.37936   4.40919   4.43844   4.46711   4.49520   4.52271   4.54963   4.57598   4.60176   4.62699   4.65168   4.67582   4.69945   4.72256   4.74517   4.76730   4.78895   4.81012   4.83085   4.85112   4.87095   4.89036   4.90934   4.92792   4.94609   4.96386   4.98124   4.99824   5.01487   5.03113   5.04703   5.06257   5.07776   5.09261   5.10712   5.12129   5.13514   5.14866   5.16186   5.17475   5.18732   5.19959   5.21156   5.22322   5.23460   5.24568   5.25648   5.26699   5.27723   5.28719   5.29688   5.30630   5.31545   5.32435   5.33298   5.34136   5.34950   5.35738   5.36502   5.37242   5.37958   5.38650   5.39319   5.39965   5.40589   5.41190   5.41769   5.42326   5.42862   5.43376   5.43868   5.44340   5.44791   5.45221   5.45631   5.46021   5.46390   5.46739   5.47068   5.47377   5.47667   5.47938   5.48189   5.48421   5.48636   5.48832   5.49011   5.49172   5.49318   5.49447   5.49562   5.49662   5.49748   5.49821   5.49881   5.49928   5.49962   5.49981   5.49982   5.49963   5.49915   5.49834   5.49703   5.49521   5.49265   5.48949   5.48563   5.48082
 79.3750   1.30000   2.25296   2.59762   2.72322   2.78743   2.82882   2.85989   2.88574   2.90857   2.92936   2.94846   2.96626   2.98400   3.00590   3.04984   3.16787   3.35450   3.55117   3.70498   3.79807   3.84588   3.87017   3.88385   3.89239   3.89807   3.90194   3.90454   3.90616   3.90687   3.90628   3.90224   3.88825   3.85309   3.79000   3.70257   3.60235   3.50159   3.40853   3.32709   3.25804   3.20029   3.15201   3.11134   3.07666   3.04670   3.02049   2.99734   2.97674   2.95833   2.94185   2.92712   2.91400   2.90240   2.89224   2.88347   2.87605   2.86995   2.86516   2.86167   2.85949   2.85860   2.85902   2.86077   2.86387   2.86833   2.87414   2.88130   2.88978   2.89953   2.91046   2.92251   2.93559   2.94968   2.96473   2.98074   2.99773   3.01571   3.03474   3.05484   3.07606   3.09846   3.12207   3.14695   3.17307   3.20030   3.22843   3.25725   3.28669   3.31669   3.34725   3.37835   3.40997   3.44209   3.47465   3.50755   3.54064   3.57376   3.60682   3.63976   3.67256   3.70520   3.73771   3.77010   3.80240   3.83467   3.86694   3.89928   3.93174   3.96439   3.99723   4.03024   4.06334   4.09645   4.12949   4.16235   4.19496   4.22721   4.25904   4.29047   4.32146   4.35197   4.38196   4.41141   4.44032   4.46867   4.49647   4.52370   4.55038   4.57650   4.60208   4.62712   4.65163   4.67562   4.69910   4.72208   4.74457   4.76658   4.78812   4.80920   4.82983   4.85002   4.86977   4.88910   4.90802   4.92652   4.94463   4.96235   4.97968   4.99663   5.01321   5.02943   5.04529   5.06079   5.07595   5.09076   5.10524   5.11938   5.13320   5.14669   5.15987   5.17272   5.18527   5.19751   5.20945   5.22109   5.23244   5.24349   5.25426   5.26474   5.27495   5.28487   5.29453   5.30391   5.31303   5.32188   5.33048   5.33882   5.34691   5.35474   5.36234   5.36969   5.37680   5.38367   5.39031   5.39672   5.40290   5.40885   5.41458   5.42009   5.42539   5.43046   5.43533   5.43998   5.44442   5.44866   5.45269   5.45651   5.46013   5.46355   5.46676   5.46978   5.47260   5.47522   5.47765   5.47989   5.48194   5.48381   5.48552   5.48703   5.48839   5.48958   5.49063   5.49152   5.49228   5.49289   5.49338   5.49373   5.49394   5.49400   5.49388   5.49353   5.49288   5.49189   5.49036   5.48828   5.48540   5.48188   5.47759   5.47230
 80.6250   1.30000   2.25125   2.59634   2.72202   2.78616   2.82741   2.85830   2.88398   2.90663   2.92725   2.94617   2.96366   2.98055   2.99942   3.03113   3.12202   3.29238   3.49169   3.66347   3.77632   3.83716   3.86805   3.88504   3.89548   3.90243   3.90725   3.91063   3.91294   3.91439   3.91500   3.91434   3.91005   3.89511   3.85815   3.79367   3.70714   3.61016   3.51346   3.42430   3.34626   3.27999   3.22443   3.17787   3.13854   3.10494   3.07587   3.05042   3.02794   3.00796   2.99013   2.97422   2.96005   2.94751   2.93648   2.92691   2.91876   2.91199   2.90656   2.90247   2.89971   2.89827   2.89815   2.89934   2.90187   2.90573   2.91094   2.91748   2.92533   2.93446   2.94481   2.95631   2.96889   2.98251   2.99713   3.01272   3.02926   3.04677   3.06526   3.08477   3.10531   3.12695   3.14973   3.17370   3.19885   3.22512   3.25230   3.28018   3.30868   3.33777   3.36743   3.39765   3.42841   3.45969   3.49144   3.52356   3.55591   3.58836   3.62081   3.65318   3.68545   3.71760   3.74963   3.78158   3.81345   3.84528   3.87713   3.90903   3.94105   3.97322   4.00556   4.03805   4.07062   4.10320   4.13570   4.16805   4.20016   4.23196   4.26337   4.29434   4.32491   4.35503   4.38465   4.41376   4.44234   4.47040   4.49791   4.52489   4.55133   4.57723   4.60261   4.62746   4.65180   4.67563   4.69897   4.72181   4.74417   4.76607   4.78750   4.80848   4.82901   4.84911   4.86878   4.88803   4.90687   4.92531   4.94335   4.96100   4.97827   4.99517   5.01169   5.02786   5.04366   5.05912   5.07423   5.08900   5.10343   5.11753   5.13131   5.14476   5.15790   5.17072   5.18323   5.19543   5.20733   5.21893   5.23024   5.24126   5.25198   5.26243   5.27259   5.28248   5.29209   5.30143   5.31051   5.31932   5.32787   5.33616   5.34420   5.35200   5.35954   5.36684   5.37390   5.38072   5.38730   5.39366   5.39978   5.40568   5.41135   5.41680   5.42203   5.42705   5.43185   5.43644   5.44081   5.44498   5.44894   5.45270   5.45624   5.45959   5.46273   5.46567   5.46841   5.47095   5.47330   5.47545   5.47742   5.47920   5.48082   5.48225   5.48351   5.48461   5.48555   5.48634   5.48699   5.48750   5.48788   5.48811   5.48820   5.48813   5.48787   5.48737   5.48655   5.48536   5.48359   5.48123   5.47800   5.47408   5.46933   5.46349
 81.8750   1.30000   2.24957   2.59507   2.72080   2.78487   2.82597   2.85668   2.88218   2.90467   2.92512   2.94385   2.96107   2.97735   2.99425   3.01814   3.08372   3.23259   3.42802   3.61411   3.74774   3.82431   3.86368   3.88482   3.89755   3.90595   3.91181   3.91602   3.91903   3.92112   3.92242   3.92292   3.92212   3.91730   3.90067   3.86092   3.79495   3.70997   3.61653   3.52393   3.43870   3.36412   3.30069   3.24740   3.20262   3.16470   3.13224   3.10411   3.07948   3.05774   3.03844   3.02126   3.00598   2.99244   2.98052   2.97014   2.96122   2.95374   2.94765   2.94293   2.93956   2.93753   2.93683   2.93745   2.93938   2.94264   2.94722   2.95311   2.96030   2.96878   2.97849   2.98938   3.00140   3.01449   3.02861   3.04372   3.05980   3.07684   3.09483   3.11379   3.13373   3.15470   3.17674   3.19989   3.22417   3.24953   3.27581   3.30278   3.33038   3.35857   3.38734   3.41669   3.44659   3.47703   3.50796   3.53929   3.57090   3.60266   3.63446   3.66624   3.69796   3.72959   3.76114   3.79262   3.82405   3.85545   3.88686   3.91832   3.94989   3.98160   4.01346   4.04545   4.07751   4.10959   4.14160   4.17347   4.20512   4.23649   4.26751   4.29810   4.32829   4.35804   4.38733   4.41613   4.44442   4.47220   4.49946   4.52619   4.55241   4.57810   4.60329   4.62796   4.65213   4.67581   4.69900   4.72171   4.74395   4.76572   4.78705   4.80792   4.82836   4.84837   4.86796   4.88713   4.90590   4.92426   4.94223   4.95982   4.97703   4.99386   5.01033   5.02643   5.04219   5.05759   5.07264   5.08736   5.10174   5.11580   5.12952   5.14293   5.15601   5.16879   5.18125   5.19341   5.20526   5.21682   5.22808   5.23905   5.24973   5.26013   5.27025   5.28008   5.28965   5.29894   5.30797   5.31673   5.32523   5.33348   5.34147   5.34920   5.35670   5.36394   5.37094   5.37771   5.38424   5.39053   5.39660   5.40244   5.40805   5.41344   5.41861   5.42356   5.42830   5.43282   5.43713   5.44123   5.44513   5.44881   5.45229   5.45556   5.45863   5.46149   5.46415   5.46662   5.46888   5.47095   5.47284   5.47453   5.47605   5.47740   5.47857   5.47957   5.48042   5.48111   5.48166   5.48206   5.48233   5.48245   5.48242   5.48222   5.48181   5.48117   5.48016   5.47876   5.47674   5.47408   5.47046   5.46610   5.46082   5.45438
 83.1250   1.30000   2.24790   2.59380   2.71958   2.78355   2.82450   2.85503   2.88036   2.90267   2.92296   2.94151   2.95850   2.97432   2.98995   3.00913   3.05394   3.17713   3.36231   3.55735   3.71146   3.80637   3.85654   3.88301   3.89851   3.90859   3.91562   3.92072   3.92446   3.92719   3.92911   3.93028   3.93065   3.92958   3.92383   3.90456   3.86140   3.79458   3.71174   3.62194   3.53336   3.45203   3.38089   3.32033   3.26935   3.22639   3.18994   3.15867   3.13154   3.10779   3.08683   3.06827   3.05180   3.03721   3.02436   3.01312   3.00342   2.99520   2.98842   2.98304   2.97904   2.97640   2.97509   2.97510   2.97643   2.97907   2.98300   2.98824   2.99477   3.00257   3.01161   3.02184   3.03324   3.04573   3.05930   3.07389   3.08946   3.10600   3.12348   3.14191   3.16130   3.18166   3.20303   3.22544   3.24892   3.27344   3.29887   3.32500   3.35174   3.37907   3.40699   3.43548   3.46454   3.49414   3.52425   3.55478   3.58563   3.61668   3.64783   3.67900   3.71014   3.74125   3.77230   3.80330   3.83426   3.86521   3.89618   3.92721   3.95833   3.98957   4.02096   4.05247   4.08405   4.11564   4.14718   4.17860   4.20981   4.24077   4.27140   4.30166   4.33149   4.36092   4.38991   4.41842   4.44645   4.47398   4.50100   4.52752   4.55353   4.57904   4.60404   4.62854   4.65256   4.67609   4.69914   4.72172   4.74384   4.76551   4.78673   4.80751   4.82785   4.84777   4.86728   4.88637   4.90506   4.92336   4.94126   4.95878   4.97593   4.99270   5.00911   5.02516   5.04085   5.05620   5.07120   5.08586   5.10019   5.11419   5.12786   5.14121   5.15425   5.16697   5.17938   5.19148   5.20329   5.21479   5.22600   5.23692   5.24755   5.25790   5.26796   5.27775   5.28726   5.29650   5.30547   5.31418   5.32263   5.33081   5.33875   5.34643   5.35386   5.36105   5.36800   5.37470   5.38117   5.38741   5.39341   5.39919   5.40474   5.41006   5.41517   5.42006   5.42473   5.42918   5.43343   5.43746   5.44128   5.44489   5.44830   5.45150   5.45449   5.45728   5.45986   5.46225   5.46443   5.46642   5.46822   5.46983   5.47126   5.47252   5.47360   5.47451   5.47526   5.47585   5.47630   5.47660   5.47676   5.47676   5.47661   5.47628   5.47573   5.47492   5.47372   5.47210   5.46980   5.46680   5.46276   5.45792   5.45206   5.44495
 84.3750   1.30000   2.24625   2.59254   2.71835   2.78222   2.82300   2.85335   2.87850   2.90064   2.92078   2.93916   2.95595   2.97141   2.98620   3.00248   3.03250   3.12782   3.29696   3.49435   3.66684   3.78220   3.84593   3.87930   3.89825   3.91032   3.91867   3.92474   3.92926   3.93266   3.93516   3.93692   3.93795   3.93815   3.93663   3.92944   3.90641   3.86008   3.79337   3.71302   3.62668   3.54200   3.46451   3.39678   3.33909   3.29042   3.24933   3.21438   3.18434   3.15826   3.13543   3.11532   3.09754   3.08183   3.06798   3.05585   3.04533   3.03636   3.02887   3.02281   3.01815   3.01487   3.01294   3.01233   3.01303   3.01503   3.01832   3.02290   3.02875   3.03586   3.04422   3.05378   3.06451   3.07637   3.08932   3.10333   3.11834   3.13434   3.15129   3.16919   3.18803   3.20781   3.22856   3.25030   3.27305   3.29680   3.32143   3.34677   3.37270   3.39922   3.42632   3.45399   3.48223   3.51101   3.54031   3.57005   3.60014   3.63047   3.66095   3.69149   3.72205   3.75261   3.78314   3.81365   3.84414   3.87463   3.90516   3.93573   3.96640   3.99719   4.02811   4.05915   4.09025   4.12138   4.15246   4.18343   4.21423   4.24478   4.27505   4.30498   4.33449   4.36362   4.39232   4.42057   4.44835   4.47566   4.50247   4.52879   4.55462   4.57995   4.60479   4.62915   4.65302   4.67642   4.69934   4.72181   4.74382   4.76538   4.78650   4.80718   4.82744   4.84728   4.86671   4.88572   4.90434   4.92257   4.94041   4.95786   4.97495   4.99166   5.00801   5.02400   5.03964   5.05493   5.06987   5.08448   5.09876   5.11270   5.12632   5.13962   5.15260   5.16527   5.17762   5.18968   5.20143   5.21288   5.22403   5.23489   5.24547   5.25576   5.26577   5.27550   5.28495   5.29414   5.30305   5.31170   5.32009   5.32822   5.33609   5.34371   5.35109   5.35821   5.36510   5.37174   5.37814   5.38432   5.39026   5.39597   5.40145   5.40671   5.41175   5.41657   5.42117   5.42556   5.42973   5.43370   5.43745   5.44099   5.44432   5.44744   5.45036   5.45307   5.45558   5.45788   5.45999   5.46189   5.46360   5.46513   5.46646   5.46763   5.46862   5.46944   5.47010   5.47060   5.47094   5.47114   5.47118   5.47107   5.47079   5.47033   5.46962   5.46863   5.46724   5.46537   5.46276   5.45941   5.45489   5.44953   5.44301   5.43515
 85.6250   1.30000   2.24460   2.59127   2.71710   2.78086   2.82148   2.85164   2.87661   2.89858   2.91857   2.93680   2.95341   2.96859   2.98278   2.99724   3.01814   3.08632   3.23439   3.42703   3.61377   3.75065   3.83092   3.87326   3.89662   3.91106   3.92092   3.92807   3.93344   3.93753   3.94064   3.94296   3.94456   3.94542   3.94536   3.94318   3.93365   3.90623   3.85781   3.79202   3.71398   3.63094   3.55007   3.47634   3.41198   3.35712   3.31077   3.27154   3.23811   3.20934   3.18436   3.16250   3.14327   3.12633   3.11141   3.09833   3.08696   3.07721   3.06898   3.06222   3.05690   3.05296   3.05038   3.04913   3.04919   3.05055   3.05318   3.05709   3.06227   3.06870   3.07636   3.08523   3.09528   3.10647   3.11878   3.13215   3.14656   3.16197   3.17835   3.19569   3.21396   3.23317   3.25332   3.27443   3.29650   3.31953   3.34342   3.36801   3.39320   3.41897   3.44531   3.47220   3.49965   3.52764   3.55614   3.58510   3.61444   3.64405   3.67385   3.70376   3.73373   3.76372   3.79372   3.82373   3.85374   3.88376   3.91383   3.94396   3.97417   4.00451   4.03497   4.06553   4.09617   4.12684   4.15747   4.18801   4.21839   4.24856   4.27846   4.30805   4.33727   4.36611   4.39454   4.42254   4.45010   4.47719   4.50381   4.52995   4.55561   4.58079   4.60549   4.62971   4.65345   4.67673   4.69955   4.72191   4.74381   4.76528   4.78631   4.80691   4.82708   4.84685   4.86620   4.88514   4.90370   4.92186   4.93963   4.95703   4.97405   4.99071   5.00700   5.02294   5.03852   5.05376   5.06865   5.08321   5.09743   5.11132   5.12489   5.13813   5.15106   5.16367   5.17598   5.18798   5.19967   5.21107   5.22217   5.23297   5.24349   5.25372   5.26368   5.27335   5.28274   5.29187   5.30072   5.30931   5.31764   5.32571   5.33352   5.34108   5.34839   5.35545   5.36227   5.36885   5.37518   5.38129   5.38716   5.39281   5.39822   5.40341   5.40838   5.41313   5.41767   5.42198   5.42608   5.42997   5.43365   5.43712   5.44037   5.44342   5.44626   5.44890   5.45132   5.45354   5.45557   5.45739   5.45901   5.46045   5.46169   5.46277   5.46367   5.46439   5.46495   5.46535   5.46560   5.46568   5.46562   5.46539   5.46497   5.46436   5.46350   5.46232   5.46070   5.45856   5.45563   5.45187   5.44684   5.44089   5.43365   5.42496
 86.8750   1.30000   2.24296   2.59000   2.71585   2.77949   2.81992   2.84990   2.87468   2.89650   2.91633   2.93443   2.95088   2.96584   2.97959   2.99288   3.00887   3.05393   3.17672   3.35793   3.55286   3.71068   3.81034   3.86427   3.89335   3.91074   3.92235   3.93071   3.93699   3.94182   3.94556   3.94845   3.95060   3.95202   3.95266   3.95226   3.94905   3.93596   3.90464   3.85550   3.79061   3.71469   3.63487   3.55772   3.48768   3.42663   3.37457   3.33050   3.29314   3.26125   3.23378   3.20992   3.18907   3.17077   3.15469   3.14060   3.12832   3.11774   3.10875   3.10128   3.09526   3.09066   3.08742   3.08552   3.08493   3.08563   3.08760   3.09083   3.09533   3.10107   3.10805   3.11623   3.12559   3.13610   3.14773   3.16044   3.17421   3.18898   3.20475   3.22148   3.23917   3.25779   3.27734   3.29783   3.31926   3.34161   3.36480   3.38869   3.41319   3.43826   3.46388   3.49005   3.51675   3.54399   3.57173   3.59994   3.62854   3.65744   3.68655   3.71582   3.74518   3.77461   3.80407   3.83356   3.86308   3.89263   3.92224   3.95191   3.98168   4.01156   4.04156   4.07166   4.10184   4.13206   4.16225   4.19236   4.22233   4.25212   4.28166   4.31092   4.33984   4.36839   4.39656   4.42432   4.45166   4.47855   4.50499   4.53096   4.55647   4.58151   4.60607   4.63017   4.65380   4.67698   4.69969   4.72196   4.74378   4.76516   4.78611   4.80663   4.82674   4.84643   4.86571   4.88460   4.90308   4.92119   4.93890   4.95624   4.97321   4.98981   5.00605   5.02194   5.03747   5.05265   5.06750   5.08200   5.09617   5.11001   5.12353   5.13673   5.14960   5.16216   5.17442   5.18636   5.19800   5.20934   5.22039   5.23114   5.24161   5.25178   5.26168   5.27129   5.28063   5.28969   5.29849   5.30702   5.31528   5.32329   5.33103   5.33853   5.34577   5.35277   5.35952   5.36604   5.37231   5.37834   5.38415   5.38972   5.39507   5.40019   5.40509   5.40977   5.41423   5.41847   5.42250   5.42631   5.42992   5.43331   5.43649   5.43946   5.44222   5.44477   5.44712   5.44926   5.45119   5.45293   5.45447   5.45581   5.45696   5.45795   5.45875   5.45938   5.45984   5.46014   5.46028   5.46026   5.46007   5.45971   5.45916   5.45840   5.45735   5.45597   5.45411   5.45168   5.44839   5.44419   5.43860   5.43200   5.42395   5.41434
 88.1250   1.30000   2.24131   2.58873   2.71458   2.77808   2.81834   2.84812   2.87273   2.89438   2.91407   2.93204   2.94836   2.96314   2.97657   2.98913   3.00255   3.03087   3.12576   3.28985   3.48560   3.66167   3.78286   3.85147   3.88807   3.90919   3.92289   3.93262   3.93990   3.94553   3.94994   3.95341   3.95610   3.95807   3.95927   3.95965   3.95880   3.95382   3.93632   3.90275   3.85329   3.78909   3.71528   3.63863   3.56513   3.49870   3.44089   3.39156   3.34975   3.31424   3.28389   3.25774   3.23503   3.21521   3.19785   3.18266   3.16943   3.15798   3.14819   3.13997   3.13325   3.12796   3.12405   3.12149   3.12023   3.12027   3.12157   3.12413   3.12795   3.13301   3.13929   3.14678   3.15545   3.16527   3.17622   3.18825   3.20134   3.21546   3.23057   3.24667   3.26373   3.28173   3.30067   3.32054   3.34133   3.36302   3.38554   3.40878   3.43263   3.45705   3.48201   3.50750   3.53351   3.56003   3.58705   3.61453   3.64241   3.67062   3.69906   3.72769   3.75645   3.78530   3.81422   3.84319   3.87221   3.90129   3.93042   3.95964   3.98896   4.01839   4.04793   4.07758   4.10731   4.13707   4.16682   4.19651   4.22609   4.25549   4.28468   4.31360   4.34222   4.37049   4.39840   4.42592   4.45304   4.47974   4.50599   4.53181   4.55717   4.58207   4.60652   4.63050   4.65404   4.67711   4.69974   4.72192   4.74367   4.76498   4.78586   4.80631   4.82636   4.84599   4.86521   4.88404   4.90247   4.92052   4.93818   4.95547   4.97239   4.98894   5.00513   5.02097   5.03645   5.05159   5.06638   5.08084   5.09496   5.10876   5.12223   5.13537   5.14820   5.16071   5.17291   5.18481   5.19640   5.20769   5.21868   5.22938   5.23979   5.24991   5.25975   5.26931   5.27859   5.28760   5.29633   5.30480   5.31301   5.32095   5.32864   5.33607   5.34325   5.35018   5.35687   5.36331   5.36952   5.37548   5.38122   5.38672   5.39200   5.39705   5.40188   5.40648   5.41087   5.41504   5.41899   5.42273   5.42626   5.42957   5.43267   5.43556   5.43824   5.44071   5.44298   5.44503   5.44688   5.44853   5.44998   5.45123   5.45229   5.45318   5.45389   5.45442   5.45478   5.45497   5.45500   5.45486   5.45455   5.45406   5.45336   5.45243   5.45119   5.44959   5.44746   5.44471   5.44102   5.43634   5.43013   5.42283   5.41388   5.40323
 89.3750   1.30000   2.23965   2.58745   2.71330   2.77666   2.81673   2.84631   2.87073   2.89223   2.91179   2.92964   2.94586   2.96049   2.97368   2.98575   2.99772   3.01589   3.08305   3.22545   3.41434   3.60366   3.74716   3.83372   3.88024   3.90620   3.92247   3.93377   3.94217   3.94866   3.95378   3.95786   3.96110   3.96360   3.96534   3.96628   3.96636   3.96480   3.95675   3.93572   3.90100   3.85097   3.78751   3.71585   3.64234   3.57244   3.50953   3.45486   3.40820   3.36861   3.33494   3.30613   3.28130   3.25975   3.24097   3.22457   3.21029   3.19792   3.18729   3.17830   3.17084   3.16485   3.16026   3.15703   3.15511   3.15448   3.15511   3.15699   3.16012   3.16450   3.17009   3.17690   3.18488   3.19401   3.20426   3.21561   3.22801   3.24145   3.25589   3.27131   3.28771   3.30506   3.32336   3.34259   3.36275   3.38379   3.40567   3.42828   3.45151   3.47531   3.49965   3.52450   3.54986   3.57572   3.60206   3.62886   3.65605   3.68358   3.71137   3.73937   3.76753   3.79581   3.82418   3.85263   3.88115   3.90974   3.93841   3.96717   3.99604   4.02501   4.05411   4.08331   4.11259   4.14191   4.17124   4.20051   4.22969   4.25871   4.28754   4.31613   4.34445   4.37243   4.40008   4.42737   4.45427   4.48077   4.50685   4.53250   4.55771   4.58249   4.60682   4.63070   4.65413   4.67712   4.69967   4.72178   4.74345   4.76470   4.78552   4.80592   4.82590   4.84548   4.86466   4.88344   4.90182   4.91982   4.93744   4.95468   4.97155   4.98806   5.00421   5.02000   5.03544   5.05053   5.06528   5.07969   5.09377   5.10752   5.12094   5.13404   5.14683   5.15929   5.17145   5.18329   5.19484   5.20608   5.21702   5.22767   5.23803   5.24810   5.25788   5.26739   5.27661   5.28556   5.29424   5.30265   5.31080   5.31868   5.32630   5.33367   5.34079   5.34766   5.35428   5.36066   5.36680   5.37270   5.37837   5.38380   5.38901   5.39399   5.39874   5.40327   5.40759   5.41168   5.41556   5.41922   5.42267   5.42591   5.42893   5.43174   5.43434   5.43673   5.43891   5.44088   5.44264   5.44420   5.44555   5.44671   5.44768   5.44847   5.44908   5.44951   5.44976   5.44984   5.44976   5.44950   5.44905   5.44842   5.44756   5.44644   5.44500   5.44315   5.44073   5.43764   5.43351   5.42831   5.42142   5.41335   5.40339   5.39159
 90.6250   1.30000   2.23798   2.58616   2.71200   2.77520   2.81508   2.84447   2.86871   2.89004   2.90948   2.92723   2.94336   2.95789   2.97089   2.98261   2.99368   3.00673   3.04993   3.16697   3.34210   3.53762   3.70219   3.80964   3.86910   3.90146   3.92095   3.93412   3.94378   3.95121   3.95709   3.96181   3.96561   3.96863   3.97090   3.97238   3.97305   3.97276   3.96980   3.95791   3.93515   3.89910   3.84857   3.78597   3.71651   3.64614   3.57976   3.52027   3.46866   3.42460   3.38718   3.35532   3.32804   3.30453   3.28414   3.26641   3.25099   3.23762   3.22610   3.21629   3.20807   3.20136   3.19607   3.19215   3.18956   3.18825   3.18821   3.18942   3.19187   3.19555   3.20046   3.20658   3.21387   3.22231   3.23188   3.24254   3.25425   3.26699   3.28074   3.29548   3.31119   3.32788   3.34551   3.36409   3.38359   3.40399   3.42523   3.44721   3.46984   3.49304   3.51679   3.54105   3.56580   3.59103   3.61674   3.64288   3.66942   3.69631   3.72347   3.75086   3.77842   3.80613   3.83396   3.86189   3.88992   3.91802   3.94623   3.97453   4.00294   4.03147   4.06013   4.08888   4.11772   4.14661   4.17551   4.20438   4.23316   4.26181   4.29029   4.31854   4.34655   4.37425   4.40164   4.42868   4.45537   4.48166   4.50756   4.53305   4.55812   4.58276   4.60698   4.63075   4.65409   4.67700   4.69947   4.72151   4.74312   4.76431   4.78507   4.80542   4.82536   4.84489   4.86402   4.88276   4.90110   4.91906   4.93664   4.95384   4.97068   4.98714   5.00325   5.01900   5.03440   5.04945   5.06416   5.07853   5.09257   5.10628   5.11966   5.13272   5.14545   5.15788   5.16999   5.18179   5.19328   5.20448   5.21538   5.22598   5.23628   5.24630   5.25604   5.26549   5.27466   5.28356   5.29219   5.30054   5.30863   5.31646   5.32402   5.33133   5.33839   5.34520   5.35176   5.35807   5.36414   5.36998   5.37558   5.38095   5.38608   5.39099   5.39568   5.40014   5.40438   5.40840   5.41220   5.41579   5.41916   5.42232   5.42526   5.42799   5.43051   5.43282   5.43491   5.43679   5.43846   5.43993   5.44119   5.44226   5.44313   5.44382   5.44432   5.44464   5.44479   5.44476   5.44455   5.44416   5.44357   5.44278   5.44175   5.44043   5.43876   5.43665   5.43392   5.43044   5.42585   5.42008   5.41245   5.40354   5.39245   5.37936
 91.8750   1.30000   2.23629   2.58486   2.71068   2.77372   2.81340   2.84259   2.86665   2.88783   2.90714   2.92480   2.94086   2.95532   2.96819   2.97967   2.99016   3.00095   3.02684   3.11611   3.27204   3.46554   3.64746   3.77771   3.85356   3.89447   3.91815   3.93359   3.94469   3.95316   3.95986   3.96526   3.96964   3.97319   3.97598   3.97798   3.97917   3.97954   3.97875   3.97292   3.95870   3.93441   3.89704   3.84616   3.78455   3.71736   3.65013   3.58719   3.53103   3.48238   3.44085   3.40554   3.37546   3.34970   3.32749   3.30826   3.29158   3.27713   3.26466   3.25398   3.24497   3.23751   3.23150   3.22689   3.22361   3.22163   3.22091   3.22144   3.22321   3.22621   3.23044   3.23586   3.24247   3.25022   3.25910   3.26906   3.28008   3.29213   3.30518   3.31923   3.33425   3.35025   3.36720   3.38510   3.40393   3.42367   3.44426   3.46562   3.48764   3.51027   3.53344   3.55712   3.58129   3.60594   3.63104   3.65658   3.68250   3.70877   3.73533   3.76213   3.78912   3.81628   3.84357   3.87099   3.89852   3.92615   3.95388   3.98173   4.00970   4.03779   4.06600   4.09432   4.12273   4.15119   4.17967   4.20813   4.23653   4.26481   4.29293   4.32086   4.34856   4.37598   4.40310   4.42990   4.45636   4.48246   4.50817   4.53350   4.55842   4.58293   4.60702   4.63068   4.65393   4.67675   4.69914   4.72112   4.74267   4.76380   4.78451   4.80481   4.82471   4.84420   4.86329   4.88199   4.90030   4.91822   4.93577   4.95294   4.96974   4.98617   5.00224   5.01795   5.03332   5.04833   5.06301   5.07734   5.09134   5.10501   5.11835   5.13136   5.14406   5.15644   5.16851   5.18027   5.19172   5.20287   5.21372   5.22428   5.23454   5.24451   5.25420   5.26360   5.27273   5.28157   5.29014   5.29845   5.30648   5.31425   5.32177   5.32902   5.33602   5.34277   5.34926   5.35552   5.36153   5.36730   5.37284   5.37814   5.38321   5.38805   5.39266   5.39706   5.40123   5.40517   5.40891   5.41242   5.41571   5.41880   5.42166   5.42431   5.42675   5.42897   5.43097   5.43277   5.43435   5.43572   5.43689   5.43786   5.43863   5.43922   5.43961   5.43982   5.43986   5.43971   5.43937   5.43884   5.43810   5.43714   5.43592   5.43439   5.43247   5.43007   5.42700   5.42311   5.41802   5.41163   5.40320   5.39337   5.38101   5.36646
 93.1250   1.30000   2.23459   2.58354   2.70935   2.77222   2.81169   2.84067   2.86455   2.88558   2.90477   2.92234   2.93835   2.95277   2.96557   2.97687   2.98700   2.99673   3.01241   3.07424   3.20703   3.39036   3.58338   3.73652   3.83224   3.88456   3.91376   3.93206   3.94485   3.95449   3.96208   3.96821   3.97320   3.97729   3.98059   3.98311   3.98482   3.98572   3.98579   3.98354   3.97498   3.95931   3.93341   3.89487   3.84381   3.78335   3.71851   3.65439   3.59482   3.54187   3.49609   3.45700   3.42377   3.39543   3.37115   3.35023   3.33216   3.31652   3.30301   3.29142   3.28157   3.27333   3.26659   3.26126   3.25729   3.25462   3.25323   3.25308   3.25417   3.25650   3.26004   3.26478   3.27070   3.27776   3.28595   3.29523   3.30556   3.31691   3.32927   3.34262   3.35694   3.37224   3.38850   3.40571   3.42385   3.44292   3.46285   3.48356   3.50498   3.52701   3.54961   3.57273   3.59635   3.62043   3.64496   3.66992   3.69526   3.72095   3.74693   3.77316   3.79961   3.82623   3.85300   3.87992   3.90695   3.93411   3.96139   3.98879   4.01631   4.04396   4.07174   4.09963   4.12762   4.15566   4.18374   4.21180   4.23981   4.26772   4.29550   4.32310   4.35049   4.37763   4.40449   4.43105   4.45728   4.48317   4.50870   4.53385   4.55862   4.58299   4.60696   4.63052   4.65367   4.67640   4.69871   4.72062   4.74210   4.76318   4.78384   4.80410   4.82395   4.84341   4.86246   4.88113   4.89940   4.91730   4.93481   4.95195   4.96871   4.98512   5.00116   5.01684   5.03217   5.04715   5.06179   5.07609   5.09006   5.10369   5.11699   5.12997   5.14263   5.15497   5.16700   5.17872   5.19013   5.20124   5.21204   5.22256   5.23277   5.24270   5.25234   5.26170   5.27077   5.27957   5.28809   5.29635   5.30433   5.31205   5.31951   5.32671   5.33365   5.34034   5.34679   5.35298   5.35893   5.36465   5.37012   5.37536   5.38036   5.38514   5.38969   5.39401   5.39811   5.40199   5.40565   5.40909   5.41231   5.41532   5.41811   5.42068   5.42303   5.42517   5.42709   5.42879   5.43029   5.43157   5.43264   5.43351   5.43418   5.43466   5.43494   5.43504   5.43495   5.43468   5.43420   5.43353   5.43263   5.43149   5.43006   5.42830   5.42611   5.42340   5.41996   5.41563   5.40999   5.40293   5.39364   5.38280   5.36901   5.35283
 94.3750   1.30000   2.23288   2.58222   2.70799   2.77068   2.80994   2.83872   2.86241   2.88329   2.90237   2.91987   2.93584   2.95025   2.96301   2.97420   2.98409   2.99320   3.00396   3.04254   3.14927   3.31560   3.51149   3.68512   3.80352   3.87072   3.90739   3.92936   3.94420   3.95517   3.96374   3.97065   3.97630   3.98096   3.98476   3.98779   3.99001   3.99141   3.99201   3.99158   3.98676   3.97679   3.95962   3.93221   3.89265   3.84160   3.78245   3.72004   3.65901   3.60271   3.55288   3.50985   3.47314   3.44191   3.41527   3.39244   3.37280   3.35585   3.34123   3.32865   3.31792   3.30886   3.30135   3.29530   3.29063   3.28727   3.28520   3.28438   3.28479   3.28644   3.28930   3.29336   3.29859   3.30497   3.31248   3.32107   3.33071   3.34137   3.35304   3.36569   3.37931   3.39391   3.40946   3.42597   3.44342   3.46180   3.48105   3.50111   3.52190   3.54334   3.56536   3.58792   3.61098   3.63451   3.65850   3.68290   3.70769   3.73283   3.75826   3.78395   3.80986   3.83597   3.86224   3.88867   3.91523   3.94193   3.96875   3.99571   4.02280   4.05002   4.07737   4.10484   4.13241   4.16005   4.18772   4.21539   4.24303   4.27058   4.29802   4.32529   4.35238   4.37923   4.40583   4.43214   4.45815   4.48383   4.50917   4.53415   4.55876   4.58299   4.60683   4.63028   4.65332   4.67596   4.69820   4.72003   4.74145   4.76247   4.78308   4.80329   4.82310   4.84252   4.86154   4.88017   4.89841   4.91628   4.93376   4.95087   4.96761   4.98398   4.99999   5.01565   5.03095   5.04590   5.06051   5.07478   5.08871   5.10231   5.11558   5.12852   5.14114   5.15345   5.16544   5.17712   5.18849   5.19955   5.21032   5.22079   5.23096   5.24085   5.25044   5.25976   5.26879   5.27754   5.28601   5.29422   5.30216   5.30983   5.31723   5.32438   5.33127   5.33791   5.34430   5.35044   5.35633   5.36199   5.36740   5.37258   5.37753   5.38224   5.38673   5.39098   5.39502   5.39883   5.40242   5.40579   5.40894   5.41187   5.41458   5.41707   5.41935   5.42140   5.42324   5.42486   5.42626   5.42744   5.42842   5.42919   5.42975   5.43012   5.43029   5.43027   5.43006   5.42965   5.42904   5.42821   5.42714   5.42580   5.42416   5.42215   5.41967   5.41662   5.41278   5.40798   5.40176   5.39399   5.38376   5.37181   5.35642   5.33838
 95.6250   1.30000   2.23114   2.58087   2.70662   2.76911   2.80815   2.83672   2.86023   2.88096   2.89994   2.91737   2.93332   2.94773   2.96049   2.97163   2.98135   2.99008   2.99887   3.02120   3.10027   3.24473   3.43448   3.62340   3.76573   3.85162   3.89839   3.92522   3.94263   3.95516   3.96482   3.97257   3.97893   3.98418   3.98851   3.99202   3.99475   3.99666   3.99776   3.99816   3.99592   3.98950   3.97830   3.95968   3.93085   3.89043   3.83961   3.78194   3.72202   3.66404   3.61094   3.56411   3.52374   3.48931   3.46001   3.43502   3.41362   3.39522   3.37937   3.36573   3.35405   3.34414   3.33584   3.32904   3.32365   3.31960   3.31684   3.31534   3.31508   3.31605   3.31824   3.32162   3.32617   3.33187   3.33869   3.34660   3.35555   3.36553   3.37651   3.38847   3.40140   3.41529   3.43014   3.44595   3.46270   3.48037   3.49893   3.51833   3.53847   3.55929   3.58072   3.60271   3.62522   3.64821   3.67165   3.69552   3.71978   3.74439   3.76930   3.79447   3.81988   3.84549   3.87128   3.89723   3.92333   3.94958   3.97597   4.00249   4.02915   4.05596   4.08289   4.10995   4.13711   4.16435   4.19163   4.21892   4.24619   4.27339   4.30049   4.32744   4.35423   4.38080   4.40713   4.43320   4.45898   4.48446   4.50960   4.53441   4.55886   4.58295   4.60666   4.62998   4.65292   4.67547   4.69762   4.71937   4.74073   4.76168   4.78224   4.80240   4.82217   4.84154   4.86053   4.87912   4.89734   4.91517   4.93262   4.94970   4.96642   4.98276   4.99875   5.01438   5.02965   5.04457   5.05915   5.07339   5.08729   5.10086   5.11409   5.12700   5.13959   5.15186   5.16381   5.17545   5.18678   5.19781   5.20854   5.21897   5.22910   5.23894   5.24850   5.25776   5.26675   5.27546   5.28389   5.29205   5.29994   5.30756   5.31492   5.32202   5.32886   5.33544   5.34178   5.34787   5.35371   5.35931   5.36467   5.36979   5.37467   5.37933   5.38375   5.38795   5.39192   5.39567   5.39919   5.40249   5.40557   5.40843   5.41107   5.41348   5.41568   5.41765   5.41940   5.42093   5.42224   5.42333   5.42421   5.42488   5.42533   5.42559   5.42565   5.42551   5.42516   5.42462   5.42385   5.42286   5.42160   5.42006   5.41818   5.41590   5.41312   5.40971   5.40545   5.40015   5.39331   5.38477   5.37352   5.36036   5.34315   5.32303
 96.8750   1.30000   2.22939   2.57952   2.70522   2.76751   2.80632   2.83469   2.85802   2.87860   2.89747   2.91485   2.93078   2.94521   2.95801   2.96913   2.97876   2.98725   2.99526   3.00848   3.06118   3.18064   3.35599   3.55237   3.71753   3.82558   3.88585   3.91928   3.93998   3.95439   3.96529   3.97397   3.98107   3.98695   3.99183   3.99585   3.99906   4.00147   4.00307   4.00395   4.00347   3.99937   3.99196   3.97956   3.95952   3.92938   3.88830   3.83793   3.78189   3.72451   3.66956   3.61954   3.57560   3.53779   3.50555   3.47812   3.45473   3.43470   3.41750   3.40271   3.39002   3.37921   3.37008   3.36251   3.35638   3.35162   3.34817   3.34600   3.34507   3.34537   3.34688   3.34959   3.35346   3.35848   3.36462   3.37185   3.38012   3.38942   3.39971   3.41098   3.42322   3.43642   3.45057   3.46567   3.48171   3.49869   3.51655   3.53526   3.55475   3.57493   3.59576   3.61716   3.63911   3.66155   3.68446   3.70780   3.73154   3.75563   3.78004   3.80472   3.82964   3.85478   3.88010   3.90560   3.93126   3.95707   3.98303   4.00914   4.03539   4.06178   4.08831   4.11497   4.14174   4.16858   4.19548   4.22240   4.24931   4.27616   4.30293   4.32957   4.35605   4.38235   4.40842   4.43424   4.45980   4.48506   4.51002   4.53465   4.55894   4.58288   4.60645   4.62966   4.65249   4.67494   4.69700   4.71867   4.73995   4.76084   4.78134   4.80145   4.82117   4.84050   4.85945   4.87801   4.89619   4.91399   4.93141   4.94846   4.96515   4.98147   4.99742   5.01302   5.02827   5.04317   5.05772   5.07192   5.08579   5.09933   5.11253   5.12541   5.13796   5.15020   5.16211   5.17372   5.18501   5.19600   5.20669   5.21708   5.22717   5.23697   5.24648   5.25571   5.26465   5.27332   5.28170   5.28982   5.29766   5.30524   5.31255   5.31960   5.32639   5.33293   5.33921   5.34525   5.35104   5.35659   5.36189   5.36696   5.37179   5.37639   5.38075   5.38489   5.38880   5.39248   5.39594   5.39917   5.40219   5.40497   5.40754   5.40988   5.41200   5.41389   5.41556   5.41700   5.41822   5.41922   5.42000   5.42056   5.42091   5.42105   5.42099   5.42072   5.42024   5.41955   5.41863   5.41746   5.41601   5.41425   5.41212   5.40956   5.40645   5.40266   5.39796   5.39212   5.38462   5.37525   5.36292   5.34842   5.32915   5.30666
 98.1250   1.30000   2.22762   2.57814   2.70380   2.76588   2.80446   2.83261   2.85575   2.87619   2.89497   2.91230   2.92822   2.94269   2.95554   2.96669   2.97629   2.98463   2.99225   3.00129   3.03284   3.12533   3.27994   3.47441   3.65829   3.79076   3.86851   3.91096   3.93601   3.95276   3.96511   3.97481   3.98273   3.98929   3.99475   3.99927   4.00297   4.00586   4.00796   4.00928   4.00987   4.00759   4.00251   3.99417   3.98059   3.95917   3.92784   3.88633   3.83664   3.78238   3.72758   3.67559   3.62857   3.58740   3.55203   3.52190   3.49626   3.47440   3.45570   3.43965   3.42588   3.41410   3.40411   3.39573   3.38885   3.38337   3.37923   3.37637   3.37477   3.37440   3.37524   3.37728   3.38049   3.38483   3.39030   3.39684   3.40444   3.41305   3.42266   3.43325   3.44481   3.45732   3.47077   3.48518   3.50052   3.51678   3.53395   3.55197   3.57078   3.59032   3.61052   3.63133   3.65270   3.67458   3.69696   3.71977   3.74299   3.76658   3.79049   3.81469   3.83915   3.86382   3.88870   3.91376   3.93900   3.96439   3.98994   4.01564   4.04149   4.06749   4.09363   4.11990   4.14628   4.17274   4.19927   4.22583   4.25238   4.27890   4.30534   4.33167   4.35786   4.38389   4.40970   4.43528   4.46061   4.48567   4.51043   4.53488   4.55901   4.58280   4.60624   4.62932   4.65204   4.67438   4.69635   4.71794   4.73915   4.75997   4.78041   4.80046   4.82013   4.83941   4.85831   4.87683   4.89498   4.91274   4.93014   4.94716   4.96381   4.98010   4.99603   5.01160   5.02682   5.04169   5.05621   5.07039   5.08423   5.09773   5.11090   5.12374   5.13626   5.14846   5.16034   5.17191   5.18317   5.19412   5.20477   5.21512   5.22517   5.23493   5.24440   5.25359   5.26249   5.27111   5.27945   5.28752   5.29531   5.30285   5.31011   5.31712   5.32386   5.33035   5.33659   5.34257   5.34831   5.35381   5.35906   5.36407   5.36885   5.37339   5.37770   5.38178   5.38563   5.38925   5.39265   5.39582   5.39877   5.40149   5.40398   5.40625   5.40829   5.41011   5.41169   5.41305   5.41418   5.41508   5.41576   5.41621   5.41645   5.41648   5.41629   5.41589   5.41528   5.41443   5.41335   5.41200   5.41034   5.40835   5.40596   5.40310   5.39964   5.39545   5.39027   5.38387   5.37568   5.36543   5.35193   5.33596   5.31435   5.28916
 99.3750   1.30000   2.22584   2.57675   2.70235   2.76421   2.80255   2.83048   2.85344   2.87373   2.89242   2.90972   2.92565   2.94016   2.95308   2.96430   2.97389   2.98215   2.98953   2.99696   3.01487   3.08004   3.20993   3.39306   3.58854   3.74548   3.84467   3.89942   3.93038   3.95012   3.96421   3.97509   3.98388   3.99117   3.99724   4.00230   4.00648   4.00985   4.01244   4.01424   4.01542   4.01474   4.01122   4.00542   3.99618   3.98142   3.95867   3.92632   3.88462   3.83582   3.78346   3.73126   3.68218   3.63804   3.59953   3.56649   3.53837   3.51445   3.49406   3.47662   3.46167   3.44887   3.43797   3.42875   3.42109   3.41487   3.41002   3.40648   3.40420   3.40317   3.40335   3.40472   3.40726   3.41094   3.41573   3.42160   3.42852   3.43646   3.44540   3.45531   3.46618   3.47801   3.49078   3.50449   3.51913   3.53469   3.55116   3.56848   3.58661   3.60549   3.62505   3.64525   3.66603   3.68735   3.70917   3.73146   3.75416   3.77725   3.80068   3.82440   3.84840   3.87263   3.89708   3.92172   3.94654   3.97153   3.99669   4.02200   4.04746   4.07308   4.09884   4.12473   4.15074   4.17684   4.20301   4.22921   4.25542   4.28161   4.30773   4.33377   4.35967   4.38543   4.41098   4.43632   4.46143   4.48628   4.51085   4.53512   4.55909   4.58273   4.60603   4.62898   4.65159   4.67383   4.69570   4.71720   4.73833   4.75908   4.77945   4.79944   4.81906   4.83829   4.85715   4.87562   4.89373   4.91146   4.92881   4.94580   4.96242   4.97868   4.99458   5.01012   5.02531   5.04015   5.05464   5.06878   5.08259   5.09606   5.10920   5.12201   5.13450   5.14666   5.15850   5.17004   5.18126   5.19217   5.20278   5.21309   5.22310   5.23282   5.24225   5.25139   5.26024   5.26882   5.27712   5.28514   5.29290   5.30038   5.30760   5.31456   5.32126   5.32770   5.33389   5.33983   5.34552   5.35096   5.35616   5.36112   5.36585   5.37034   5.37459   5.37861   5.38241   5.38597   5.38930   5.39241   5.39529   5.39795   5.40037   5.40257   5.40454   5.40627   5.40778   5.40905   5.41009   5.41089   5.41147   5.41182   5.41195   5.41186   5.41154   5.41101   5.41025   5.40925   5.40799   5.40645   5.40458   5.40235   5.39968   5.39650   5.39268   5.38807   5.38240   5.37539   5.36648   5.35528   5.34053   5.32294   5.29864   5.27041
100.6250   1.30000   2.22404   2.57534   2.70087   2.76250   2.80060   2.82831   2.85109   2.87123   2.88984   2.90711   2.92305   2.93762   2.95063   2.96193   2.97157   2.97979   2.98702   2.99385   3.00472   3.04566   3.14860   3.31258   3.51025   3.68868   3.81238   3.88345   3.92256   3.94625   3.96251   3.97475   3.98452   3.99258   3.99931   4.00494   4.00962   4.01346   4.01652   4.01882   4.02042   4.02102   4.01881   4.01461   4.00815   3.99803   3.98206   3.95806   3.92490   3.88326   3.83556   3.78521   3.73560   3.68935   3.64798   3.61200   3.58119   3.55498   3.53269   3.51370   3.49746   3.48356   3.47168   3.46160   3.45313   3.44616   3.44058   3.43634   3.43339   3.43169   3.43120   3.43191   3.43379   3.43681   3.44093   3.44614   3.45239   3.45966   3.46792   3.47716   3.48736   3.49851   3.51060   3.52362   3.53757   3.55244   3.56821   3.58484   3.60228   3.62049   3.63941   3.65898   3.67915   3.69989   3.72116   3.74290   3.76508   3.78767   3.81061   3.83387   3.85741   3.88121   3.90523   3.92946   3.95389   3.97849   4.00327   4.02820   4.05330   4.07855   4.10394   4.12947   4.15512   4.18087   4.20669   4.23255   4.25843   4.28430   4.31011   4.33585   4.36147   4.38696   4.41227   4.43738   4.46226   4.48690   4.51128   4.53538   4.55918   4.58267   4.60583   4.62866   4.65115   4.67328   4.69505   4.71646   4.73751   4.75819   4.77849   4.79842   4.81797   4.83715   4.85596   4.87439   4.89245   4.91014   4.92746   4.94441   4.96100   4.97722   4.99308   5.00859   5.02375   5.03855   5.05301   5.06712   5.08090   5.09433   5.10744   5.12021   5.13266   5.14479   5.15660   5.16809   5.17927   5.19015   5.20072   5.21099   5.22096   5.23063   5.24002   5.24912   5.25793   5.26646   5.27471   5.28269   5.29040   5.29784   5.30501   5.31192   5.31858   5.32497   5.33111   5.33700   5.34264   5.34803   5.35319   5.35810   5.36277   5.36720   5.37140   5.37537   5.37911   5.38261   5.38589   5.38893   5.39175   5.39434   5.39670   5.39882   5.40072   5.40238   5.40380   5.40498   5.40593   5.40664   5.40712   5.40736   5.40738   5.40716   5.40672   5.40604   5.40513   5.40398   5.40254   5.40080   5.39871   5.39622   5.39327   5.38976   5.38556   5.38050   5.37431   5.36668   5.35700   5.34480   5.32871   5.30932   5.28195   5.25023
101.8750   1.30000   2.22223   2.57391   2.69937   2.76076   2.79860   2.82609   2.84868   2.86868   2.88720   2.90446   2.92043   2.93506   2.94818   2.95958   2.96929   2.97752   2.98466   2.99121   2.99904   3.02247   3.09757   3.23711   3.42678   3.62040   3.76970   3.86140   3.91178   3.94084   3.95985   3.97373   3.98461   3.99352   4.00095   4.00718   4.01239   4.01670   4.02023   4.02301   4.02505   4.02647   4.02564   4.02256   4.01785   4.01076   3.99969   3.98253   3.95742   3.92368   3.88234   3.83591   3.78765   3.74063   3.69712   3.65841   3.62484   3.59613   3.57173   3.55098   3.53331   3.51821   3.50530   3.49430   3.48500   3.47725   3.47094   3.46599   3.46235   3.45998   3.45883   3.45888   3.46010   3.46246   3.46593   3.47047   3.47606   3.48267   3.49026   3.49883   3.50836   3.51884   3.53025   3.54259   3.55586   3.57004   3.58512   3.60106   3.61782   3.63536   3.65362   3.67255   3.69211   3.71226   3.73295   3.75414   3.77579   3.79787   3.82032   3.84311   3.86620   3.88956   3.91317   3.93700   3.96104   3.98527   4.00967   4.03425   4.05899   4.08389   4.10893   4.13412   4.15942   4.18483   4.21031   4.23585   4.26141   4.28696   4.31248   4.33793   4.36328   4.38850   4.41357   4.43844   4.46311   4.48755   4.51174   4.53566   4.55930   4.58264   4.60566   4.62836   4.65073   4.67275   4.69442   4.71574   4.73670   4.75730   4.77753   4.79740   4.81689   4.83601   4.85477   4.87315   4.89116   4.90881   4.92608   4.94299   4.95954   4.97573   4.99156   5.00703   5.02215   5.03692   5.05134   5.06542   5.07916   5.09256   5.10562   5.11836   5.13077   5.14286   5.15463   5.16609   5.17723   5.18806   5.19859   5.20882   5.21874   5.22838   5.23772   5.24677   5.25554   5.26403   5.27224   5.28017   5.28783   5.29522   5.30235   5.30921   5.31581   5.32216   5.32825   5.33409   5.33968   5.34503   5.35013   5.35499   5.35960   5.36399   5.36813   5.37205   5.37572   5.37917   5.38239   5.38538   5.38813   5.39065   5.39294   5.39500   5.39682   5.39840   5.39974   5.40084   5.40169   5.40231   5.40268   5.40281   5.40272   5.40237   5.40180   5.40098   5.39992   5.39860   5.39698   5.39504   5.39272   5.38997   5.38671   5.38286   5.37826   5.37274   5.36601   5.35773   5.34723   5.33397   5.31644   5.29507   5.26414   5.22834
103.1250   1.30000   2.22042   2.57247   2.69784   2.75897   2.79656   2.82382   2.84622   2.86608   2.88452   2.90177   2.91779   2.93249   2.94572   2.95724   2.96705   2.97532   2.98241   2.98879   2.99542   3.00893   3.05784   3.17001   3.34256   3.54218   3.71517   3.83124   3.89689   3.93339   3.95604   3.97194   3.98412   3.99396   4.00215   4.00902   4.01478   4.01959   4.02358   4.02682   4.02934   4.03125   4.03177   4.02970   4.02615   4.02099   4.01323   4.00119   3.98288   3.95682   3.92274   3.88193   3.83694   3.79083   3.74635   3.70550   3.66932   3.63802   3.61130   3.58860   3.56931   3.55289   3.53886   3.52689   3.51672   3.50817   3.50110   3.49544   3.49110   3.48805   3.48625   3.48564   3.48621   3.48791   3.49073   3.49462   3.49955   3.50549   3.51243   3.52034   3.52920   3.53901   3.54976   3.56142   3.57401   3.58751   3.60191   3.61716   3.63325   3.65012   3.66772   3.68601   3.70495   3.72449   3.74459   3.76522   3.78633   3.80789   3.82984   3.85216   3.87480   3.89773   3.92092   3.94436   3.96801   3.99187   4.01592   4.04015   4.06455   4.08910   4.11381   4.13866   4.16364   4.18872   4.21388   4.23910   4.26435   4.28960   4.31483   4.34000   4.36509   4.39005   4.41489   4.43954   4.46399   4.48822   4.51223   4.53597   4.55945   4.58263   4.60552   4.62809   4.65034   4.67225   4.69382   4.71505   4.73592   4.75644   4.77660   4.79639   4.81582   4.83488   4.85358   4.87191   4.88987   4.90747   4.92470   4.94157   4.95807   4.97422   4.99001   5.00544   5.02052   5.03525   5.04964   5.06368   5.07738   5.09074   5.10377   5.11647   5.12884   5.14089   5.15262   5.16403   5.17513   5.18592   5.19640   5.20659   5.21647   5.22606   5.23535   5.24436   5.25308   5.26152   5.26968   5.27757   5.28518   5.29253   5.29961   5.30642   5.31297   5.31927   5.32531   5.33110   5.33664   5.34193   5.34698   5.35179   5.35636   5.36068   5.36478   5.36863   5.37226   5.37565   5.37880   5.38173   5.38442   5.38688   5.38910   5.39108   5.39283   5.39433   5.39559   5.39660   5.39737   5.39788   5.39815   5.39817   5.39795   5.39748   5.39677   5.39582   5.39460   5.39310   5.39130   5.38914   5.38659   5.38357   5.38000   5.37579   5.37078   5.36478   5.35749   5.34852   5.33718   5.32278   5.30373   5.28013   5.24508   5.20422
104.3750   1.30000   2.21860   2.57100   2.69628   2.75715   2.79446   2.82149   2.84370   2.86342   2.88178   2.89904   2.91511   2.92991   2.94325   2.95489   2.96482   2.97316   2.98024   2.98651   2.99264   3.00155   3.02998   3.11346   3.26220   3.45716   3.64840   3.79081   3.87627   3.92319   3.95078   3.96925   3.98297   3.99388   4.00289   4.01045   4.01681   4.02213   4.02658   4.03027   4.03327   4.03559   4.03715   4.03624   4.03355   4.02965   4.02405   4.01558   4.00254   3.98318   3.95637   3.92218   3.88212   3.83870   3.79476   3.75279   3.71448   3.68070   3.65155   3.62669   3.60559   3.58767   3.57241   3.55940   3.54832   3.53894   3.53111   3.52471   3.51967   3.51594   3.51346   3.51220   3.51212   3.51317   3.51534   3.51858   3.52286   3.52815   3.53444   3.54169   3.54990   3.55904   3.56912   3.58013   3.59205   3.60487   3.61859   3.63317   3.64858   3.66478   3.68172   3.69937   3.71768   3.73661   3.75612   3.77618   3.79674   3.81776   3.83921   3.86104   3.88323   3.90572   3.92850   3.95154   3.97481   3.99831   4.02201   4.04589   4.06996   4.09419   4.11858   4.14311   4.16776   4.19253   4.21738   4.24230   4.26726   4.29222   4.31717   4.34207   4.36690   4.39162   4.41621   4.44065   4.46489   4.48893   4.51274   4.53632   4.55963   4.58267   4.60541   4.62785   4.64998   4.67178   4.69325   4.71438   4.73517   4.75560   4.77568   4.79541   4.81477   4.83377   4.85241   4.87068   4.88859   4.90614   4.92332   4.94014   4.95660   4.97270   4.98845   5.00384   5.01888   5.03357   5.04791   5.06191   5.07557   5.08889   5.10188   5.11453   5.12686   5.13887   5.15056   5.16192   5.17298   5.18373   5.19416   5.20430   5.21414   5.22368   5.23293   5.24189   5.25056   5.25895   5.26707   5.27490   5.28247   5.28976   5.29679   5.30355   5.31006   5.31630   5.32229   5.32803   5.33352   5.33876   5.34375   5.34851   5.35302   5.35729   5.36133   5.36513   5.36869   5.37203   5.37512   5.37799   5.38061   5.38301   5.38516   5.38707   5.38874   5.39017   5.39134   5.39227   5.39293   5.39335   5.39351   5.39342   5.39308   5.39248   5.39163   5.39053   5.38915   5.38748   5.38549   5.38311   5.38031   5.37701   5.37312   5.36854   5.36310   5.35661   5.34873   5.33904   5.32682   5.31122   5.29055   5.26448   5.22455   5.17707
105.6250   1.30000   2.21679   2.56952   2.69469   2.75528   2.79232   2.81911   2.84112   2.86070   2.87898   2.89625   2.91240   2.92730   2.94077   2.95255   2.96260   2.97103   2.97813   2.98433   2.99021   2.99718   3.01312   3.06874   3.18969   3.36980   3.57049   3.73834   3.84787   3.90913   3.94361   3.96547   3.98110   3.99324   4.00316   4.01146   4.01844   4.02432   4.02925   4.03339   4.03684   4.03961   4.04181   4.04222   4.04033   4.03731   4.03311   4.02702   4.01778   4.00378   3.98350   3.95614   3.92209   3.88296   3.84122   3.79947   3.75993   3.72406   3.69253   3.66539   3.64228   3.62267   3.60603   3.59187   3.57982   3.56958   3.56096   3.55382   3.54807   3.54365   3.54050   3.53858   3.53784   3.53825   3.53977   3.54237   3.54601   3.55065   3.55629   3.56289   3.57045   3.57895   3.58837   3.59871   3.60997   3.62213   3.63517   3.64909   3.66383   3.67936   3.69565   3.71266   3.73033   3.74865   3.76756   3.78704   3.80704   3.82753   3.84846   3.86980   3.89152   3.91357   3.93593   3.95857   3.98147   4.00460   4.02795   4.05150   4.07524   4.09915   4.12323   4.14745   4.17180   4.19627   4.22083   4.24546   4.27013   4.29481   4.31949   4.34413   4.36871   4.39319   4.41756   4.44178   4.46582   4.48966   4.51329   4.53670   4.55985   4.58274   4.60535   4.62766   4.64967   4.67136   4.69272   4.71376   4.73445   4.75480   4.77480   4.79445   4.81375   4.83268   4.85126   4.86947   4.88733   4.90482   4.92195   4.93872   4.95514   4.97119   4.98689   5.00224   5.01723   5.03188   5.04617   5.06013   5.07374   5.08702   5.09996   5.11258   5.12486   5.13682   5.14846   5.15978   5.17079   5.18149   5.19188   5.20197   5.21176   5.22125   5.23045   5.23936   5.24798   5.25633   5.26439   5.27217   5.27969   5.28693   5.29390   5.30061   5.30706   5.31326   5.31919   5.32488   5.33031   5.33550   5.34044   5.34514   5.34959   5.35381   5.35779   5.36153   5.36504   5.36831   5.37135   5.37415   5.37671   5.37904   5.38112   5.38296   5.38456   5.38590   5.38699   5.38782   5.38839   5.38870   5.38876   5.38855   5.38808   5.38736   5.38637   5.38511   5.38357   5.38173   5.37953   5.37694   5.37389   5.37030   5.36608   5.36112   5.35524   5.34823   5.33974   5.32930   5.31616   5.29929   5.27691   5.24808   5.20228   5.14584
106.8750   1.30000   2.21498   2.56802   2.69306   2.75336   2.79012   2.81666   2.83848   2.85792   2.87613   2.89341   2.90966   2.92468   2.93829   2.95021   2.96038   2.96892   2.97607   2.98223   2.98794   2.99408   3.00401   3.03666   3.12783   3.28510   3.48431   3.67300   3.80936   3.88966   3.93384   3.96030   3.97836   3.99198   4.00293   4.01203   4.01969   4.02615   4.03159   4.03619   4.04007   4.04331   4.04592   4.04753   4.04661   4.04430   4.04104   4.03652   4.02989   4.01987   4.00496   3.98392   3.95623   3.92253   3.88451   3.84452   3.80496   3.76776   3.73419   3.70479   3.67952   3.65803   3.63982   3.62437   3.61125   3.60010   3.59067   3.58278   3.57632   3.57120   3.56738   3.56479   3.56340   3.56316   3.56404   3.56600   3.56900   3.57301   3.57800   3.58396   3.59088   3.59873   3.60750   3.61719   3.62779   3.63929   3.65168   3.66493   3.67901   3.69388   3.70952   3.72588   3.74293   3.76063   3.77894   3.79783   3.81726   3.83721   3.85762   3.87846   3.89970   3.92131   3.94324   3.96548   3.98799   4.01076   4.03377   4.05698   4.08040   4.10401   4.12778   4.15170   4.17576   4.19994   4.22421   4.24856   4.27296   4.29738   4.32180   4.34619   4.37053   4.39478   4.41892   4.44293   4.46678   4.49043   4.51388   4.53712   4.56012   4.58286   4.60533   4.62751   4.64940   4.67097   4.69224   4.71317   4.73378   4.75404   4.77396   4.79354   4.81276   4.83163   4.85014   4.86829   4.88609   4.90352   4.92060   4.93732   4.95368   4.96969   4.98534   5.00064   5.01558   5.03018   5.04443   5.05834   5.07191   5.08514   5.09803   5.11060   5.12284   5.13475   5.14634   5.15761   5.16857   5.17922   5.18956   5.19960   5.20934   5.21878   5.22793   5.23679   5.24536   5.25365   5.26165   5.26939   5.27684   5.28403   5.29095   5.29761   5.30401   5.31014   5.31603   5.32165   5.32703   5.33216   5.33705   5.34169   5.34609   5.35025   5.35417   5.35785   5.36130   5.36451   5.36748   5.37021   5.37271   5.37497   5.37698   5.37875   5.38026   5.38152   5.38253   5.38327   5.38374   5.38395   5.38388   5.38356   5.38296   5.38210   5.38097   5.37956   5.37786   5.37583   5.37343   5.37062   5.36730   5.36342   5.35886   5.35350   5.34716   5.33962   5.33050   5.31929   5.30519   5.28699   5.26278   5.23087   5.17782   5.10995
108.1250   1.30000   2.21319   2.56650   2.69139   2.75140   2.78787   2.81416   2.83578   2.85507   2.87320   2.89051   2.90687   2.92203   2.93579   2.94786   2.95816   2.96680   2.97402   2.98018   2.98577   2.99149   2.99890   3.01680   3.07832   3.20764   3.39431   3.59550   3.75869   3.86270   3.92044   3.95333   3.97458   3.99002   4.00216   4.01214   4.02053   4.02761   4.03360   4.03866   4.04299   4.04666   4.04969   4.05211   4.05240   4.05077   4.04823   4.04476   4.03988   4.03266   4.02187   4.00615   3.98451   3.95672   3.92357   3.88680   3.84862   3.81121   3.77626   3.74486   3.71744   3.69392   3.67394   3.65702   3.64269   3.63055   3.62026   3.61160   3.60442   3.59861   3.59410   3.59085   3.58880   3.58792   3.58816   3.58948   3.59184   3.59522   3.59958   3.60491   3.61118   3.61839   3.62653   3.63557   3.64553   3.65637   3.66810   3.68070   3.69412   3.70835   3.72334   3.73907   3.75549   3.77257   3.79027   3.80858   3.82744   3.84683   3.86672   3.88705   3.90781   3.92896   3.95046   3.97229   3.99442   4.01682   4.03947   4.06236   4.08546   4.10875   4.13223   4.15586   4.17964   4.20354   4.22754   4.25162   4.27575   4.29992   4.32409   4.34824   4.37234   4.39637   4.42030   4.44410   4.46776   4.49123   4.51451   4.53758   4.56042   4.58302   4.60535   4.62741   4.64917   4.67064   4.69180   4.71263   4.73314   4.75332   4.77316   4.79266   4.81181   4.83061   4.84905   4.86714   4.88488   4.90226   4.91928   4.93594   4.95225   4.96820   4.98380   4.99905   5.01394   5.02849   5.04269   5.05655   5.07007   5.08325   5.09609   5.10861   5.12080   5.13266   5.14420   5.15542   5.16633   5.17692   5.18721   5.19720   5.20688   5.21627   5.22536   5.23417   5.24268   5.25092   5.25887   5.26655   5.27395   5.28108   5.28795   5.29455   5.30089   5.30697   5.31279   5.31836   5.32368   5.32875   5.33358   5.33816   5.34250   5.34660   5.35046   5.35408   5.35747   5.36061   5.36352   5.36619   5.36861   5.37080   5.37274   5.37443   5.37586   5.37704   5.37795   5.37860   5.37897   5.37907   5.37889   5.37844   5.37771   5.37671   5.37543   5.37387   5.37200   5.36978   5.36718   5.36414   5.36056   5.35638   5.35147   5.34570   5.33889   5.33079   5.32101   5.30900   5.29390   5.27431   5.24818   5.21277   5.15074   5.07044
109.3750   1.30000   2.21142   2.56497   2.68970   2.74939   2.78556   2.81160   2.83301   2.85215   2.87021   2.88754   2.90403   2.91935   2.93329   2.94551   2.95594   2.96469   2.97199   2.97817   2.98367   2.98914   2.99548   3.00608   3.04227   3.14080   3.30579   3.50844   3.69466   3.82582   3.90189   3.94390   3.96948   3.98723   4.00079   4.01177   4.02094   4.02870   4.03526   4.04083   4.04559   4.04969   4.05316   4.05606   4.05763   4.05680   4.05486   4.05216   4.04846   4.04317   4.03535   4.02383   4.00743   3.98538   3.95768   3.92527   3.88986   3.85352   3.81819   3.78538   3.75602   3.73044   3.70854   3.68996   3.67425   3.66097   3.64975   3.64028   3.63237   3.62587   3.62069   3.61677   3.61406   3.61253   3.61213   3.61281   3.61455   3.61730   3.62103   3.62573   3.63138   3.63796   3.64545   3.65386   3.66318   3.67338   3.68446   3.69641   3.70919   3.72277   3.73712   3.75221   3.76801   3.78447   3.80158   3.81929   3.83759   3.85642   3.87577   3.89560   3.91587   3.93655   3.95761   3.97902   4.00076   4.02279   4.04509   4.06765   4.09043   4.11342   4.13660   4.15994   4.18344   4.20707   4.23081   4.25463   4.27851   4.30243   4.32636   4.35028   4.37416   4.39797   4.42169   4.44530   4.46877   4.49207   4.51517   4.53808   4.56077   4.58322   4.60542   4.62735   4.64900   4.67035   4.69140   4.71214   4.73256   4.75265   4.77241   4.79182   4.81090   4.82962   4.84800   4.86603   4.88370   4.90102   4.91798   4.93459   4.95084   4.96673   4.98228   4.99747   5.01231   5.02681   5.04096   5.05476   5.06823   5.08136   5.09415   5.10661   5.11875   5.13056   5.14204   5.15321   5.16406   5.17461   5.18484   5.19477   5.20440   5.21373   5.22277   5.23152   5.23997   5.24815   5.25605   5.26367   5.27101   5.27808   5.28489   5.29143   5.29771   5.30373   5.30950   5.31501   5.32027   5.32528   5.33004   5.33456   5.33884   5.34288   5.34667   5.35023   5.35355   5.35663   5.35947   5.36207   5.36442   5.36654   5.36840   5.37001   5.37136   5.37245   5.37327   5.37382   5.37408   5.37407   5.37377   5.37320   5.37233   5.37119   5.36976   5.36804   5.36599   5.36359   5.36079   5.35751   5.35366   5.34916   5.34389   5.33771   5.33040   5.32174   5.31127   5.29844   5.28231   5.26126   5.23309   5.19372   5.12088   5.02861
110.6250   1.30000   2.20968   2.56342   2.68796   2.74733   2.78319   2.80896   2.83017   2.84916   2.86715   2.88450   2.90113   2.91664   2.93077   2.94316   2.95372   2.96258   2.96996   2.97617   2.98162   2.98691   2.99271   3.00028   3.01965   3.08676   3.22385   3.41618   3.61760   3.77671   3.87612   3.93102   3.96266   3.98344   3.99874   4.01088   4.02092   4.02939   4.03657   4.04267   4.04789   4.05241   4.05631   4.05960   4.06217   4.06239   4.06105   4.05895   4.05610   4.05213   4.04640   4.03798   4.02579   4.00885   3.98658   3.95918   3.92767   3.89370   3.85918   3.82587   3.79509   3.76763   3.74376   3.72335   3.70607   3.69149   3.67920   3.66885   3.66017   3.65297   3.64713   3.64255   3.63919   3.63701   3.63596   3.63601   3.63712   3.63924   3.64236   3.64644   3.65146   3.65742   3.66429   3.67207   3.68075   3.69032   3.70076   3.71207   3.72420   3.73715   3.75087   3.76533   3.78051   3.79636   3.81287   3.83000   3.84772   3.86600   3.88481   3.90412   3.92389   3.94410   3.96472   3.98571   4.00705   4.02870   4.05065   4.07287   4.09533   4.11801   4.14090   4.16396   4.18719   4.21055   4.23403   4.25760   4.28124   4.30492   4.32862   4.35232   4.37598   4.39958   4.42310   4.44652   4.46980   4.49293   4.51588   4.53862   4.56116   4.58347   4.60554   4.62734   4.64887   4.67012   4.69106   4.71170   4.73202   4.75203   4.77170   4.79103   4.81003   4.82869   4.84699   4.86495   4.88256   4.89981   4.91671   4.93326   4.94945   4.96529   4.98078   4.99592   5.01070   5.02514   5.03924   5.05299   5.06640   5.07947   5.09221   5.10462   5.11669   5.12845   5.13988   5.15099   5.16179   5.17227   5.18245   5.19232   5.20189   5.21116   5.22014   5.22883   5.23723   5.24535   5.25319   5.26074   5.26803   5.27504   5.28179   5.28827   5.29449   5.30044   5.30615   5.31160   5.31679   5.32174   5.32644   5.33090   5.33511   5.33908   5.34281   5.34630   5.34955   5.35257   5.35534   5.35786   5.36015   5.36218   5.36396   5.36549   5.36676   5.36776   5.36848   5.36892   5.36908   5.36895   5.36853   5.36783   5.36683   5.36554   5.36396   5.36207   5.35985   5.35726   5.35424   5.35072   5.34660   5.34178   5.33614   5.32952   5.32171   5.31245   5.30128   5.28760   5.27041   5.24783   5.21752   5.17364   5.08833   4.98593
111.8750   1.30000   2.20797   2.56186   2.68619   2.74521   2.78076   2.80626   2.82725   2.84610   2.86400   2.88139   2.89817   2.91390   2.92823   2.94081   2.95151   2.96047   2.96792   2.97419   2.97961   2.98473   2.99022   2.99656   3.00750   3.04698   3.15245   3.32429   3.52981   3.71383   3.84061   3.91321   3.95349   3.97838   3.99590   4.00941   4.02043   4.02968   4.03752   4.04419   4.04990   4.05484   4.05914   4.06285   4.06601   4.06749   4.06683   4.06528   4.06307   4.06005   4.05577   4.04957   4.04059   4.02783   4.01049   3.98819   3.96126   3.93077   3.89830   3.86558   3.83420   3.80533   3.77965   3.75736   3.73834   3.72226   3.70873   3.69737   3.68785   3.67992   3.67341   3.66819   3.66419   3.66137   3.65968   3.65909   3.65957   3.66107   3.66357   3.66703   3.67144   3.67678   3.68304   3.69019   3.69825   3.70719   3.71700   3.72767   3.73918   3.75149   3.76459   3.77843   3.79299   3.80824   3.82415   3.84069   3.85784   3.87556   3.89384   3.91263   3.93190   3.95164   3.97180   3.99237   4.01330   4.03457   4.05616   4.07804   4.10017   4.12255   4.14514   4.16793   4.19088   4.21398   4.23721   4.26054   4.28394   4.30739   4.33087   4.35435   4.37780   4.40120   4.42453   4.44776   4.47087   4.49383   4.51662   4.53921   4.56160   4.58377   4.60571   4.62739   4.64880   4.66993   4.69077   4.71131   4.73154   4.75145   4.77104   4.79029   4.80921   4.82779   4.84603   4.86391   4.88145   4.89864   4.91548   4.93196   4.94810   4.96388   4.97930   4.99438   5.00911   5.02349   5.03753   5.05122   5.06458   5.07759   5.09027   5.10262   5.11464   5.12634   5.13771   5.14876   5.15950   5.16993   5.18004   5.18986   5.19937   5.20858   5.21750   5.22612   5.23446   5.24252   5.25029   5.25779   5.26501   5.27196   5.27864   5.28506   5.29121   5.29711   5.30275   5.30813   5.31326   5.31815   5.32278   5.32717   5.33132   5.33522   5.33888   5.34230   5.34549   5.34842   5.35112   5.35357   5.35578   5.35774   5.35944   5.36088   5.36206   5.36296   5.36359   5.36393   5.36397   5.36372   5.36317   5.36233   5.36119   5.35975   5.35801   5.35596   5.35356   5.35078   5.34754   5.34378   5.33938   5.33424   5.32821   5.32115   5.31281   5.30294   5.29103   5.27651   5.25820   5.23404   5.20148   5.15252   5.05333   4.94218
113.1250   1.30000   2.20631   2.56028   2.68437   2.74305   2.77826   2.80349   2.82426   2.84295   2.86077   2.87820   2.89513   2.91111   2.92568   2.93846   2.94930   2.95836   2.96589   2.97220   2.97763   2.98262   2.98786   2.99364   3.00118   3.02183   3.09423   3.23832   3.43560   3.63718   3.79283   3.88841   3.94101   3.97167   3.99208   4.00728   4.01943   4.02953   4.03808   4.04537   4.05159   4.05697   4.06169   4.06581   4.06936   4.07198   4.07221   4.07120   4.06953   4.06722   4.06398   4.05936   4.05271   4.04321   4.03000   4.01242   3.99026   3.96397   3.93460   3.90364   3.87269   3.84315   3.81607   3.79203   3.77120   3.75345   3.73849   3.72595   3.71546   3.70674   3.69953   3.69366   3.68904   3.68560   3.68328   3.68206   3.68191   3.68279   3.68467   3.68752   3.69132   3.69605   3.70170   3.70824   3.71568   3.72400   3.73319   3.74324   3.75412   3.76581   3.77828   3.79150   3.80546   3.82011   3.83542   3.85139   3.86797   3.88514   3.90287   3.92114   3.93992   3.95918   3.97889   3.99902   4.01954   4.04043   4.06165   4.08318   4.10499   4.12706   4.14936   4.17186   4.19455   4.21739   4.24036   4.26345   4.28662   4.30985   4.33311   4.35638   4.37963   4.40284   4.42597   4.44902   4.47196   4.49476   4.51739   4.53984   4.56208   4.58412   4.60592   4.62748   4.64877   4.66980   4.69053   4.71097   4.73111   4.75093   4.77043   4.78960   4.80844   4.82694   4.84510   4.86292   4.88039   4.89751   4.91428   4.93070   4.94677   4.96249   4.97785   4.99287   5.00754   5.02186   5.03584   5.04947   5.06277   5.07572   5.08834   5.10063   5.11259   5.12423   5.13554   5.14653   5.15721   5.16757   5.17763   5.18738   5.19683   5.20598   5.21483   5.22339   5.23167   5.23966   5.24737   5.25480   5.26196   5.26884   5.27546   5.28181   5.28790   5.29373   5.29930   5.30462   5.30968   5.31450   5.31907   5.32339   5.32746   5.33130   5.33489   5.33824   5.34135   5.34421   5.34683   5.34921   5.35133   5.35321   5.35483   5.35618   5.35726   5.35807   5.35859   5.35882   5.35875   5.35838   5.35770   5.35672   5.35543   5.35384   5.35194   5.34971   5.34713   5.34415   5.34070   5.33669   5.33200   5.32652   5.32010   5.31257   5.30369   5.29319   5.28053   5.26516   5.24568   5.21988   5.18498   5.13046   5.01576   4.89778
114.3750   1.30000   2.20470   2.55869   2.68251   2.74083   2.77570   2.80064   2.82119   2.83971   2.85746   2.87491   2.89203   2.90826   2.92310   2.93610   2.94709   2.95625   2.96385   2.97021   2.97565   2.98055   2.98557   2.99105   2.99734   3.00850   3.05099   3.16278   3.34073   3.54879   3.73097   3.85406   3.92381   3.96270   3.98706   4.00439   4.01787   4.02893   4.03825   4.04619   4.05298   4.05883   4.06395   4.06847   4.07240   4.07577   4.07716   4.07673   4.07557   4.07383   4.07137   4.06789   4.06292   4.05584   4.04590   4.03236   4.01469   3.99284   3.96730   3.93912   3.90969   3.88045   3.85265   3.82724   3.80472   3.78524   3.76868   3.75476   3.74314   3.73348   3.72550   3.71897   3.71373   3.70968   3.70676   3.70492   3.70415   3.70440   3.70567   3.70791   3.71111   3.71523   3.72027   3.72621   3.73304   3.74075   3.74933   3.75876   3.76902   3.78009   3.79195   3.80457   3.81792   3.83197   3.84670   3.86209   3.87811   3.89473   3.91192   3.92967   3.94795   3.96673   3.98598   4.00567   4.02579   4.04628   4.06713   4.08832   4.10980   4.13155   4.15355   4.17577   4.19819   4.22078   4.24350   4.26635   4.28929   4.31230   4.33535   4.35841   4.38147   4.40448   4.42744   4.45031   4.47308   4.49572   4.51820   4.54051   4.56261   4.58451   4.60619   4.62762   4.64880   4.66971   4.69035   4.71069   4.73073   4.75046   4.76987   4.78896   4.80772   4.82614   4.84423   4.86197   4.87937   4.89642   4.91312   4.92948   4.94548   4.96113   4.97643   4.99139   5.00599   5.02025   5.03417   5.04774   5.06097   5.07387   5.08642   5.09865   5.11055   5.12212   5.13337   5.14430   5.15491   5.16521   5.17520   5.18489   5.19427   5.20336   5.21215   5.22065   5.22886   5.23678   5.24442   5.25179   5.25888   5.26570   5.27225   5.27853   5.28455   5.29031   5.29581   5.30106   5.30606   5.31080   5.31530   5.31955   5.32355   5.32732   5.33083   5.33411   5.33714   5.33993   5.34247   5.34477   5.34681   5.34860   5.35013   5.35139   5.35238   5.35309   5.35350   5.35362   5.35343   5.35292   5.35211   5.35099   5.34954   5.34780   5.34573   5.34333   5.34057   5.33739   5.33371   5.32945   5.32446   5.31864   5.31181   5.30381   5.29435   5.28322   5.26980   5.25356   5.23284   5.20534   5.16804   5.10756   4.97536   4.85377
115.6250   1.30000   2.20314   2.55709   2.68061   2.73855   2.77307   2.79772   2.81803   2.83638   2.85405   2.87154   2.88884   2.90536   2.92049   2.93373   2.94489   2.95415   2.96182   2.96822   2.97369   2.97852   2.98335   2.98859   2.99440   3.00183   3.02353   3.10074   3.25114   3.45286   3.65469   3.80744   3.89984   3.95057   3.98043   4.00056   4.01568   4.02784   4.03800   4.04664   4.05403   4.06039   4.06593   4.07084   4.07517   4.07898   4.08157   4.08189   4.08123   4.08000   4.07816   4.07553   4.07178   4.06647   4.05900   4.04871   4.03495   4.01735   3.99594   3.97127   3.94433   3.91640   3.88880   3.86265   3.83879   3.81768   3.79945   3.78399   3.77104   3.76028   3.75141   3.74414   3.73825   3.73360   3.73009   3.72766   3.72628   3.72592   3.72657   3.72821   3.73080   3.73432   3.73877   3.74411   3.75034   3.75744   3.76541   3.77424   3.78389   3.79435   3.80561   3.81762   3.83037   3.84384   3.85799   3.87281   3.88826   3.90433   3.92100   3.93823   3.95601   3.97431   3.99310   4.01235   4.03205   4.05215   4.07263   4.09346   4.11461   4.13604   4.15775   4.17968   4.20183   4.22416   4.24664   4.26925   4.29196   4.31475   4.33759   4.36046   4.38332   4.40615   4.42893   4.45163   4.47423   4.49671   4.51905   4.54121   4.56319   4.58495   4.60650   4.62782   4.64888   4.66969   4.69021   4.71045   4.73040   4.75003   4.76936   4.78836   4.80704   4.82538   4.84339   4.86106   4.87839   4.89537   4.91200   4.92828   4.94422   4.95981   4.97504   4.98993   5.00447   5.01867   5.03252   5.04602   5.05919   5.07202   5.08452   5.09668   5.10851   5.12002   5.13120   5.14207   5.15261   5.16285   5.17277   5.18239   5.19171   5.20073   5.20945   5.21788   5.22603   5.23388   5.24146   5.24875   5.25578   5.26252   5.26900   5.27522   5.28117   5.28686   5.29229   5.29747   5.30239   5.30706   5.31149   5.31566   5.31959   5.32328   5.32672   5.32992   5.33287   5.33558   5.33804   5.34026   5.34222   5.34392   5.34535   5.34652   5.34741   5.34801   5.34832   5.34831   5.34800   5.34736   5.34641   5.34513   5.34354   5.34163   5.33939   5.33682   5.33387   5.33048   5.32658   5.32206   5.31677   5.31060   5.30335   5.29485   5.28479   5.27303   5.25888   5.24166   5.21970   5.19042   5.15071   5.08403   4.93191   4.80734
116.8750   1.30000   2.20165   2.55548   2.67867   2.73621   2.77037   2.79472   2.81478   2.83296   2.85054   2.86806   2.88556   2.90240   2.91785   2.93134   2.94269   2.95206   2.95979   2.96623   2.97172   2.97653   2.98119   2.98622   2.99176   2.99793   3.00919   3.05441   3.17185   3.35530   3.56575   3.74647   3.86648   3.93388   3.97163   3.99555   4.01273   4.02620   4.03731   4.04670   4.05473   4.06164   4.06764   4.07294   4.07766   4.08183   4.08534   4.08666   4.08652   4.08576   4.08447   4.08251   4.07968   4.07566   4.07003   4.06223   4.05167   4.03783   4.02044   3.99959   3.97585   3.95018   3.92373   3.89769   3.87308   3.85067   3.83087   3.81379   3.79935   3.78731   3.77737   3.76923   3.76262   3.75735   3.75326   3.75026   3.74830   3.74735   3.74739   3.74842   3.75040   3.75333   3.75718   3.76193   3.76757   3.77408   3.78145   3.78967   3.79873   3.80859   3.81925   3.83067   3.84283   3.85571   3.86928   3.88353   3.89843   3.91396   3.93010   3.94681   3.96410   3.98191   4.00025   4.01906   4.03834   4.05805   4.07815   4.09862   4.11943   4.14055   4.16195   4.18361   4.20548   4.22755   4.24979   4.27216   4.29465   4.31722   4.33986   4.36252   4.38519   4.40784   4.43045   4.45298   4.47542   4.49775   4.51993   4.54196   4.56380   4.58544   4.60686   4.62806   4.64901   4.66971   4.69013   4.71027   4.73012   4.74967   4.76890   4.78782   4.80641   4.82468   4.84261   4.86020   4.87745   4.89436   4.91092   4.92713   4.94300   4.95851   4.97368   4.98850   5.00297   5.01710   5.03088   5.04433   5.05743   5.07019   5.08262   5.09471   5.10648   5.11792   5.12904   5.13984   5.15032   5.16048   5.17034   5.17989   5.18914   5.19809   5.20675   5.21511   5.22318   5.23097   5.23847   5.24570   5.25265   5.25933   5.26573   5.27188   5.27775   5.28337   5.28873   5.29383   5.29868   5.30328   5.30763   5.31173   5.31559   5.31919   5.32256   5.32568   5.32855   5.33118   5.33355   5.33568   5.33755   5.33916   5.34050   5.34157   5.34236   5.34285   5.34304   5.34292   5.34247   5.34170   5.34060   5.33917   5.33742   5.33534   5.33293   5.33017   5.32703   5.32344   5.31931   5.31452   5.30893   5.30239   5.29470   5.28569   5.27503   5.26262   5.24776   5.22940   5.20626   5.17512   5.13306   5.06010   4.88496   4.75417
118.1250   1.30000   2.20023   2.55386   2.67668   2.73381   2.76760   2.79163   2.81144   2.82944   2.84693   2.86448   2.88218   2.89936   2.91517   2.92894   2.94048   2.94997   2.95776   2.96424   2.96975   2.97455   2.97910   2.98392   2.98924   2.99500   3.00234   3.02494   3.10639   3.26244   3.46828   3.67051   3.82088   3.91061   3.95978   3.98899   4.00888   4.02394   4.03613   4.04635   4.05508   4.06258   4.06907   4.07477   4.07987   4.08441   4.08846   4.09097   4.09146   4.09117   4.09035   4.08897   4.08686   4.08382   4.07955   4.07363   4.06556   4.05484   4.04104   4.02396   4.00377   3.98103   3.95662   3.93160   3.90705   3.88390   3.86283   3.84424   3.82824   3.81475   3.80355   3.79437   3.78692   3.78095   3.77625   3.77269   3.77017   3.76866   3.76812   3.76855   3.76994   3.77227   3.77552   3.77968   3.78473   3.79066   3.79744   3.80507   3.81353   3.82281   3.83287   3.84370   3.85528   3.86758   3.88059   3.89428   3.90863   3.92362   3.93922   3.95543   3.97222   3.98956   4.00744   4.02582   4.04467   4.06398   4.08371   4.10382   4.12429   4.14509   4.16619   4.18755   4.20916   4.23096   4.25295   4.27509   4.29736   4.31972   4.34215   4.36461   4.38710   4.40957   4.43200   4.45437   4.47665   4.49882   4.52087   4.54275   4.56447   4.58598   4.60728   4.62836   4.64920   4.66978   4.69010   4.71015   4.72990   4.74935   4.76849   4.78732   4.80583   4.82402   4.84187   4.85938   4.87655   4.89338   4.90987   4.92601   4.94180   4.95725   4.97235   4.98710   5.00150   5.01556   5.02927   5.04265   5.05568   5.06837   5.08073   5.09276   5.10446   5.11583   5.12688   5.13761   5.14802   5.15812   5.16790   5.17739   5.18657   5.19544   5.20403   5.21232   5.22032   5.22804   5.23547   5.24262   5.24950   5.25610   5.26244   5.26851   5.27431   5.27986   5.28514   5.29017   5.29494   5.29946   5.30373   5.30776   5.31153   5.31506   5.31835   5.32138   5.32417   5.32671   5.32900   5.33104   5.33282   5.33434   5.33558   5.33655   5.33723   5.33761   5.33768   5.33743   5.33685   5.33594   5.33468   5.33309   5.33118   5.32893   5.32634   5.32340   5.32007   5.31627   5.31190   5.30685   5.30094   5.29402   5.28588   5.27633   5.26508   5.25198   5.23638   5.21671   5.19248   5.15952   5.11510   5.03610   4.83429   4.69418
119.3750   1.30000   2.19888   2.55223   2.67465   2.73135   2.76476   2.78846   2.80801   2.82582   2.84320   2.86079   2.87870   2.89625   2.91244   2.92652   2.93827   2.94788   2.95574   2.96225   2.96777   2.97258   2.97706   2.98170   2.98680   2.99237   2.99850   3.00984   3.05730   3.17974   3.36829   3.58108   3.76070   3.87812   3.94353   3.98034   4.00389   4.02096   4.03442   4.04557   4.05504   4.06317   4.07020   4.07635   4.08182   4.08674   4.09113   4.09470   4.09603   4.09622   4.09586   4.09499   4.09349   4.09121   4.08797   4.08345   4.07729   4.06903   4.05825   4.04458   4.02793   4.00847   3.98676   3.96360   3.93996   3.91682   3.89503   3.87522   3.85775   3.84276   3.83016   3.81975   3.81128   3.80448   3.79910   3.79494   3.79188   3.78982   3.78873   3.78859   3.78939   3.79113   3.79379   3.79736   3.80183   3.80717   3.81338   3.82043   3.82830   3.83699   3.84647   3.85672   3.86773   3.87946   3.89190   3.90504   3.91884   3.93330   3.94839   3.96409   3.98038   3.99725   4.01467   4.03261   4.05106   4.06997   4.08931   4.10907   4.12920   4.14968   4.17047   4.19154   4.21287   4.23441   4.25616   4.27806   4.30010   4.32224   4.34447   4.36674   4.38904   4.41133   4.43359   4.45580   4.47792   4.49995   4.52184   4.54359   4.56517   4.58657   4.60775   4.62871   4.64943   4.66991   4.69013   4.71007   4.72972   4.74908   4.76814   4.78688   4.80530   4.82340   4.84117   4.85860   4.87570   4.89245   4.90886   4.92493   4.94065   4.95602   4.97105   4.98572   5.00006   5.01404   5.02769   5.04099   5.05395   5.06657   5.07886   5.09082   5.10245   5.11375   5.12472   5.13538   5.14572   5.15575   5.16547   5.17488   5.18398   5.19279   5.20130   5.20952   5.21745   5.22509   5.23245   5.23953   5.24633   5.25286   5.25912   5.26511   5.27084   5.27631   5.28152   5.28647   5.29116   5.29561   5.29980   5.30374   5.30744   5.31088   5.31408   5.31704   5.31974   5.32219   5.32440   5.32634   5.32803   5.32945   5.33059   5.33145   5.33202   5.33229   5.33224   5.33186   5.33114   5.33007   5.32867   5.32691   5.32483   5.32240   5.31963   5.31651   5.31297   5.30896   5.30436   5.29903   5.29279   5.28548   5.27687   5.26677   5.25499   5.24107   5.22455   5.20367   5.17830   5.14376   5.09683   5.01235   4.78041   4.62808
120.6250   1.30000   2.19762   2.55059   2.67257   2.72882   2.76183   2.78520   2.80448   2.82208   2.83936   2.85698   2.87512   2.89306   2.90966   2.92407   2.93604   2.94579   2.95372   2.96026   2.96580   2.97062   2.97505   2.97955   2.98444   2.98985   2.99566   3.00291   3.02610   3.11117   3.27244   3.48219   3.68502   3.83342   3.92088   3.96874   3.99740   4.01709   4.03210   4.04431   4.05460   4.06341   4.07102   4.07765   4.08351   4.08880   4.09354   4.09777   4.10020   4.10093   4.10102   4.10061   4.09965   4.09802   4.09557   4.09212   4.08739   4.08104   4.07267   4.06191   4.04848   4.03233   4.01367   3.99299   3.97105   3.94874   3.92693   3.90642   3.88778   3.87138   3.85732   3.84555   3.83588   3.82808   3.82188   3.81705   3.81341   3.81082   3.80920   3.80852   3.80876   3.80992   3.81200   3.81499   3.81887   3.82364   3.82926   3.83574   3.84304   3.85115   3.86006   3.86974   3.88017   3.89134   3.90323   3.91581   3.92908   3.94301   3.95758   3.97278   3.98859   4.00499   4.02196   4.03947   4.05749   4.07600   4.09497   4.11437   4.13416   4.15431   4.17479   4.19558   4.21663   4.23791   4.25940   4.28107   4.30288   4.32481   4.34683   4.36891   4.39102   4.41313   4.43523   4.45727   4.47924   4.50111   4.52287   4.54448   4.56593   4.58720   4.60827   4.62911   4.64973   4.67010   4.69021   4.71005   4.72960   4.74887   4.76783   4.78649   4.80482   4.82283   4.84052   4.85787   4.87489   4.89156   4.90789   4.92388   4.93953   4.95482   4.96977   4.98438   4.99863   5.01255   5.02612   5.03935   5.05224   5.06479   5.07700   5.08889   5.10044   5.11167   5.12257   5.13316   5.14343   5.15338   5.16302   5.17236   5.18139   5.19013   5.19856   5.20671   5.21456   5.22213   5.22941   5.23642   5.24314   5.24960   5.25578   5.26170   5.26735   5.27274   5.27787   5.28274   5.28735   5.29172   5.29583   5.29969   5.30330   5.30666   5.30978   5.31264   5.31526   5.31762   5.31973   5.32158   5.32317   5.32449   5.32553   5.32629   5.32674   5.32689   5.32671   5.32620   5.32533   5.32412   5.32255   5.32063   5.31836   5.31576   5.31281   5.30949   5.30575   5.30152   5.29668   5.29107   5.28450   5.27679   5.26768   5.25702   5.24471   5.22982   5.21226   5.19041   5.16381   5.12793   5.07832   4.98909   4.72462   4.53932
121.8750   1.30000   2.19644   2.54894   2.67044   2.72623   2.75883   2.78185   2.80084   2.81823   2.83539   2.85305   2.87142   2.88977   2.90683   2.92158   2.93378   2.94368   2.95169   2.95827   2.96382   2.96865   2.97307   2.97746   2.98217   2.98739   2.99306   2.99915   3.01041   3.05964   3.18662   3.37996   3.59513   3.77396   3.88917   3.95287   3.98888   4.01211   4.02907   4.04253   4.05373   4.06328   4.07152   4.07867   4.08496   4.09060   4.09570   4.10032   4.10386   4.10530   4.10584   4.10587   4.10540   4.10433   4.10255   4.09994   4.09631   4.09140   4.08491   4.07649   4.06584   4.05274   4.03715   4.01931   3.99967   3.97892   3.95787   3.93733   3.91801   3.90048   3.88507   3.87189   3.86089   3.85192   3.84474   3.83911   3.83480   3.83165   3.82951   3.82831   3.82802   3.82863   3.83014   3.83255   3.83586   3.84004   3.84510   3.85100   3.85774   3.86528   3.87362   3.88274   3.89261   3.90323   3.91456   3.92661   3.93934   3.95274   3.96681   3.98151   3.99684   4.01277   4.02929   4.04637   4.06398   4.08210   4.10069   4.11973   4.13918   4.15901   4.17918   4.19967   4.22044   4.24146   4.26271   4.28414   4.30572   4.32744   4.34925   4.37113   4.39306   4.41499   4.43691   4.45879   4.48061   4.50234   4.52395   4.54543   4.56675   4.58789   4.60884   4.62957   4.65007   4.67033   4.69034   4.71008   4.72954   4.74871   4.76758   4.78614   4.80439   4.82231   4.83991   4.85718   4.87411   4.89071   4.90696   4.92287   4.93844   4.95365   4.96853   4.98305   4.99724   5.01107   5.02457   5.03772   5.05054   5.06301   5.07516   5.08697   5.09845   5.10960   5.12043   5.13094   5.14113   5.15101   5.16058   5.16984   5.17880   5.18745   5.19582   5.20388   5.21166   5.21915   5.22636   5.23329   5.23994   5.24631   5.25242   5.25826   5.26383   5.26914   5.27418   5.27897   5.28351   5.28779   5.29182   5.29560   5.29912   5.30240   5.30543   5.30820   5.31073   5.31300   5.31502   5.31677   5.31826   5.31947   5.32041   5.32105   5.32139   5.32141   5.32110   5.32045   5.31944   5.31807   5.31633   5.31423   5.31179   5.30900   5.30586   5.30235   5.29841   5.29396   5.28887   5.28297   5.27606   5.26794   5.25830   5.24708   5.23411   5.21827   5.19972   5.17700   5.14916   5.11205   5.05972   4.96637   4.66932   4.36959
123.1250   1.30000   2.19536   2.54728   2.66826   2.72357   2.75575   2.77840   2.79710   2.81427   2.83129   2.84897   2.86759   2.88639   2.90393   2.91905   2.93151   2.94155   2.94965   2.95628   2.96184   2.96669   2.97110   2.97542   2.97998   2.98500   2.99052   2.99634   3.00353   3.02704   3.11522   3.28134   3.49493   3.69854   3.84530   3.93078   3.97750   4.00568   4.02519   4.04016   4.05240   4.06276   4.07166   4.07938   4.08614   4.09216   4.09761   4.10255   4.10691   4.10929   4.11032   4.11079   4.11077   4.11021   4.10902   4.10710   4.10433   4.10053   4.09548   4.08891   4.08052   4.07005   4.05733   4.04236   4.02535   4.00674   3.98714   3.96730   3.94795   3.92977   3.91328   3.89880   3.88644   3.87617   3.86785   3.86125   3.85615   3.85234   3.84964   3.84793   3.84714   3.84723   3.84820   3.85005   3.85279   3.85640   3.86089   3.86622   3.87240   3.87938   3.88716   3.89572   3.90504   3.91511   3.92590   3.93741   3.94962   3.96251   3.97607   3.99028   4.00514   4.02061   4.03668   4.05333   4.07054   4.08826   4.10648   4.12516   4.14427   4.16377   4.18364   4.20383   4.22433   4.24508   4.26607   4.28726   4.30862   4.33012   4.35173   4.37341   4.39515   4.41691   4.43866   4.46038   4.48204   4.50361   4.52509   4.54643   4.56762   4.58864   4.60946   4.63008   4.65047   4.67062   4.69052   4.71016   4.72952   4.74859   4.76737   4.78584   4.80400   4.82184   4.83935   4.85653   4.87338   4.88989   4.90607   4.92189   4.93738   4.95252   4.96731   4.98176   4.99586   5.00962   5.02304   5.03612   5.04885   5.06125   5.07332   5.08505   5.09646   5.10753   5.11829   5.12872   5.13883   5.14864   5.15813   5.16731   5.17619   5.18477   5.19306   5.20105   5.20875   5.21616   5.22329   5.23014   5.23671   5.24301   5.24903   5.25479   5.26028   5.26551   5.27048   5.27518   5.27963   5.28383   5.28777   5.29147   5.29491   5.29810   5.30103   5.30372   5.30615   5.30833   5.31025   5.31190   5.31329   5.31440   5.31522   5.31575   5.31597   5.31586   5.31542   5.31462   5.31346   5.31192   5.31002   5.30774   5.30511   5.30213   5.29880   5.29508   5.29094   5.28626   5.28092   5.27473   5.26747   5.25892   5.24877   5.23695   5.22315   5.20647   5.18701   5.16347   5.13438   5.09610   5.04125   4.94408   4.61786   3.96645
124.3750   1.30000   2.19436   2.54562   2.66603   2.72084   2.75258   2.77485   2.79324   2.81017   2.82706   2.84475   2.86363   2.88291   2.90096   2.91648   2.92919   2.93940   2.94760   2.95427   2.95986   2.96472   2.96914   2.97341   2.97785   2.98270   2.98804   2.99376   2.99988   3.01103   3.06154   3.19264   3.39060   3.60822   3.78651   3.89979   3.96199   3.99728   4.02022   4.03710   4.05056   4.06181   4.07144   4.07978   4.08705   4.09347   4.09928   4.10456   4.10937   4.11286   4.11448   4.11537   4.11579   4.11570   4.11503   4.11371   4.11165   4.10874   4.10481   4.09966   4.09306   4.08476   4.07454   4.06225   4.04793   4.03175   4.01414   3.99565   3.97695   3.95874   3.94163   3.92613   3.91252   3.90094   3.89136   3.88364   3.87759   3.87300   3.86965   3.86739   3.86609   3.86569   3.86615   3.86747   3.86966   3.87271   3.87663   3.88140   3.88701   3.89345   3.90068   3.90869   3.91746   3.92699   3.93725   3.94823   3.95992   3.97230   3.98536   3.99909   4.01347   4.02849   4.04413   4.06035   4.07715   4.09449   4.11234   4.13066   4.14943   4.16861   4.18817   4.20807   4.22828   4.24877   4.26951   4.29046   4.31159   4.33287   4.35427   4.37576   4.39731   4.41889   4.44047   4.46202   4.48353   4.50496   4.52628   4.54749   4.56855   4.58944   4.61015   4.63065   4.65093   4.67097   4.69077   4.71030   4.72956   4.74853   4.76721   4.78559   4.80366   4.82141   4.83883   4.85593   4.87269   4.88912   4.90520   4.92095   4.93635   4.95141   4.96612   4.98049   4.99451   5.00819   5.02153   5.03453   5.04719   5.05951   5.07149   5.08315   5.09447   5.10547   5.11615   5.12650   5.13654   5.14626   5.15567   5.16478   5.17358   5.18208   5.19029   5.19820   5.20582   5.21315   5.22020   5.22697   5.23346   5.23968   5.24563   5.25130   5.25671   5.26185   5.26674   5.27136   5.27573   5.27984   5.28370   5.28730   5.29065   5.29375   5.29660   5.29919   5.30153   5.30361   5.30543   5.30698   5.30826   5.30926   5.30997   5.31038   5.31048   5.31024   5.30966   5.30871   5.30739   5.30569   5.30360   5.30114   5.29832   5.29515   5.29161   5.28770   5.28334   5.27844   5.27285   5.26636   5.25874   5.24974   5.23910   5.22660   5.21190   5.19449   5.17411   5.14976   5.11947   5.08001   5.02310   4.92203   4.57356   3.01187
125.6250   1.30000   2.19346   2.54395   2.66375   2.71805   2.74932   2.77121   2.78927   2.80595   2.82268   2.84038   2.85952   2.87932   2.89793   2.91386   2.92684   2.93722   2.94551   2.95224   2.95787   2.96274   2.96718   2.97143   2.97577   2.98048   2.98565   2.99124   2.99715   3.00428   3.02781   3.11866   3.28940   3.50677   3.71135   3.85670   3.94041   3.98611   4.01384   4.03319   4.04813   4.06040   4.07083   4.07983   4.08766   4.09454   4.10071   4.10633   4.11145   4.11587   4.11828   4.11963   4.12047   4.12083   4.12065   4.11987   4.11842   4.11622   4.11318   4.10915   4.10395   4.09738   4.08922   4.07928   4.06747   4.05380   4.03846   4.02182   4.00439   3.98679   3.96965   3.95356   3.93899   3.92621   3.91537   3.90643   3.89929   3.89376   3.88964   3.88673   3.88489   3.88399   3.88396   3.88478   3.88645   3.88896   3.89232   3.89654   3.90160   3.90747   3.91416   3.92163   3.92987   3.93886   3.94860   3.95906   3.97023   3.98211   3.99468   4.00794   4.02185   4.03642   4.05162   4.06743   4.08383   4.10078   4.11826   4.13623   4.15466   4.17352   4.19277   4.21238   4.23232   4.25254   4.27303   4.29374   4.31464   4.33570   4.35689   4.37818   4.39954   4.42094   4.44235   4.46374   4.48508   4.50636   4.52755   4.54861   4.56954   4.59030   4.61089   4.63127   4.65144   4.67138   4.69106   4.71049   4.72965   4.74852   4.76711   4.78539   4.80336   4.82102   4.83836   4.85536   4.87204   4.88838   4.90438   4.92004   4.93536   4.95033   4.96496   4.97924   4.99319   5.00678   5.02004   5.03296   5.04553   5.05777   5.06968   5.08125   5.09250   5.10341   5.11401   5.12428   5.13424   5.14388   5.15322   5.16224   5.17096   5.17939   5.18751   5.19534   5.20288   5.21013   5.21710   5.22379   5.23020   5.23633   5.24219   5.24779   5.25311   5.25817   5.26297   5.26751   5.27179   5.27581   5.27958   5.28310   5.28636   5.28936   5.29212   5.29462   5.29686   5.29884   5.30055   5.30200   5.30317   5.30406   5.30466   5.30495   5.30492   5.30455   5.30382   5.30272   5.30124   5.29936   5.29709   5.29444   5.29143   5.28805   5.28432   5.28020   5.27563   5.27050   5.26464   5.25785   5.24986   5.24040   5.22928   5.21601   5.20042   5.18230   5.16100   5.13579   5.10442   5.06379   5.00534   4.90037   4.53825   0.00000
126.8750   1.30000   2.19265   2.54226   2.66142   2.71517   2.74598   2.76746   2.78518   2.80158   2.81814   2.83584   2.85527   2.87562   2.89481   2.91118   2.92444   2.93499   2.94339   2.95019   2.95585   2.96075   2.96522   2.96946   2.97373   2.97832   2.98334   2.98878   2.99459   3.00073   3.01164   3.06309   3.19802   3.40046   3.62062   3.79856   3.91009   3.97093   4.00556   4.02824   4.04503   4.05850   4.06980   4.07952   4.08795   4.09534   4.10190   4.10786   4.11330   4.11829   4.12171   4.12357   4.12483   4.12562   4.12590   4.12561   4.12470   4.12312   4.12081   4.11766   4.11356   4.10835   4.10185   4.09388   4.08428   4.07296   4.05995   4.04543   4.02972   4.01331   3.99675   3.98064   3.96552   3.95183   3.93984   3.92969   3.92137   3.91477   3.90973   3.90606   3.90358   3.90213   3.90162   3.90196   3.90313   3.90513   3.90796   3.91163   3.91614   3.92147   3.92761   3.93455   3.94226   3.95073   3.95994   3.96989   3.98056   3.99195   4.00403   4.01681   4.03027   4.04440   4.05917   4.07457   4.09057   4.10714   4.12426   4.14188   4.15998   4.17852   4.19746   4.21678   4.23643   4.25639   4.27663   4.29709   4.31776   4.33861   4.35959   4.38068   4.40185   4.42307   4.44430   4.46552   4.48671   4.50784   4.52888   4.54980   4.57060   4.59123   4.61169   4.63196   4.65201   4.67184   4.69142   4.71074   4.72979   4.74856   4.76705   4.78524   4.80311   4.82068   4.83792   4.85484   4.87142   4.88767   4.90359   4.91916   4.93439   4.94928   4.96382   4.97802   4.99188   5.00539   5.01856   5.03140   5.04389   5.05605   5.06787   5.07936   5.09052   5.10136   5.11187   5.12206   5.13194   5.14150   5.15075   5.15970   5.16834   5.17667   5.18472   5.19247   5.19992   5.20709   5.21398   5.22058   5.22691   5.23296   5.23874   5.24425   5.24949   5.25446   5.25918   5.26363   5.26782   5.27175   5.27543   5.27886   5.28202   5.28494   5.28760   5.29000   5.29214   5.29402   5.29563   5.29697   5.29803   5.29881   5.29928   5.29945   5.29928   5.29878   5.29790   5.29665   5.29500   5.29294   5.29048   5.28764   5.28442   5.28084   5.27690   5.27257   5.26779   5.26242   5.25630   5.24919   5.24082   5.23088   5.21921   5.20518   5.18876   5.16985   5.14766   5.12150   5.08926   5.04757   4.98798   4.87934   4.51071   0.00000
128.1250   1.30000   2.19192   2.54056   2.65903   2.71223   2.74254   2.76360   2.78097   2.79708   2.81345   2.83113   2.85085   2.87180   2.89161   2.90844   2.92199   2.93272   2.94123   2.94810   2.95381   2.95875   2.96324   2.96750   2.97172   2.97622   2.98111   2.98639   2.99207   2.99803   3.00510   3.02849   3.12166   3.29681   3.51801   3.72366   3.86776   3.94984   3.99459   4.02192   4.04111   4.05602   4.06833   4.07882   4.08792   4.09585   4.10285   4.10916   4.11494   4.12025   4.12466   4.12718   4.12886   4.13007   4.13079   4.13096   4.13056   4.12953   4.12784   4.12542   4.12220   4.11806   4.11287   4.10648   4.09874   4.08949   4.07868   4.06633   4.05260   4.03780   4.02236   4.00680   3.99166   3.97747   3.96462   3.95338   3.94389   3.93615   3.93007   3.92550   3.92226   3.92018   3.91913   3.91898   3.91968   3.92120   3.92353   3.92667   3.93064   3.93543   3.94104   3.94744   3.95462   3.96257   3.97128   3.98072   3.99090   4.00180   4.01341   4.02573   4.03873   4.05242   4.06677   4.08176   4.09737   4.11357   4.13032   4.14760   4.16537   4.18359   4.20223   4.22126   4.24064   4.26033   4.28031   4.30054   4.32098   4.34160   4.36237   4.38326   4.40424   4.42527   4.44633   4.46739   4.48842   4.50939   4.53028   4.55107   4.57172   4.59223   4.61256   4.63271   4.65265   4.67236   4.69183   4.71104   4.72999   4.74866   4.76704   4.78513   4.80291   4.82038   4.83753   4.85435   4.87084   4.88700   4.90283   4.91831   4.93345   4.94825   4.96271   4.97682   4.99059   5.00402   5.01710   5.02985   5.04226   5.05433   5.06607   5.07747   5.08855   5.09930   5.10973   5.11984   5.12963   5.13911   5.14828   5.15714   5.16570   5.17395   5.18191   5.18958   5.19695   5.20404   5.21084   5.21736   5.22360   5.22957   5.23526   5.24068   5.24584   5.25072   5.25535   5.25971   5.26381   5.26766   5.27125   5.27458   5.27765   5.28047   5.28303   5.28533   5.28737   5.28915   5.29065   5.29188   5.29283   5.29349   5.29384   5.29388   5.29358   5.29293   5.29191   5.29049   5.28867   5.28643   5.28378   5.28073   5.27731   5.27352   5.26937   5.26483   5.25982   5.25422   5.24783   5.24040   5.23164   5.22120   5.20888   5.19414   5.17690   5.15712   5.13407   5.10699   5.07397   5.03146   4.97097   4.85908   4.48431   0.00000
129.3750   1.30000   2.19128   2.53885   2.65659   2.70921   2.73901   2.75963   2.77662   2.79243   2.80859   2.82624   2.84626   2.86784   2.88831   2.90562   2.91948   2.93039   2.93902   2.94597   2.95174   2.95672   2.96125   2.96555   2.96975   2.97416   2.97894   2.98409   2.98961   2.99547   3.00167   3.01237   3.06443   3.20289   3.40980   3.63257   3.81026   3.92016   3.97972   4.01374   4.03617   4.05289   4.06636   4.07772   4.08752   4.09606   4.10355   4.11024   4.11635   4.12195   4.12705   4.13044   4.13259   4.13420   4.13534   4.13596   4.13603   4.13551   4.13437   4.13257   4.13006   4.12679   4.12264   4.11751   4.11127   4.10377   4.09491   4.08461   4.07291   4.05995   4.04602   4.03150   4.01689   4.00269   3.98937   3.97733   3.96681   3.95795   3.95077   3.94518   3.94106   3.93823   3.93655   3.93587   3.93609   3.93713   3.93899   3.94164   3.94509   3.94935   3.95443   3.96030   3.96697   3.97440   3.98261   3.99156   4.00124   4.01166   4.02281   4.03467   4.04723   4.06049   4.07442   4.08901   4.10424   4.12006   4.13646   4.15340   4.17084   4.18875   4.20709   4.22583   4.24493   4.26436   4.28409   4.30407   4.32428   4.34468   4.36524   4.38593   4.40672   4.42756   4.44845   4.46934   4.49020   4.51102   4.53176   4.55240   4.57292   4.59330   4.61350   4.63352   4.65334   4.67293   4.69229   4.71140   4.73024   4.74880   4.76708   4.78507   4.80275   4.82012   4.83717   4.85390   4.87030   4.88637   4.90210   4.91749   4.93254   4.94725   4.96162   4.97564   4.98932   5.00266   5.01566   5.02832   5.04064   5.05262   5.06427   5.07559   5.08658   5.09725   5.10759   5.11762   5.12732   5.13672   5.14580   5.15457   5.16304   5.17122   5.17909   5.18667   5.19396   5.20096   5.20768   5.21411   5.22027   5.22615   5.23175   5.23709   5.24215   5.24695   5.25149   5.25576   5.25978   5.26353   5.26702   5.27026   5.27324   5.27596   5.27842   5.28062   5.28256   5.28423   5.28562   5.28674   5.28757   5.28811   5.28834   5.28825   5.28781   5.28702   5.28584   5.28426   5.28225   5.27982   5.27697   5.27372   5.27008   5.26608   5.26171   5.25696   5.25173   5.24589   5.23923   5.23147   5.22229   5.21134   5.19833   5.18287   5.16482   5.14412   5.12021   5.09228   5.05860   5.01544   4.95429   4.83951   4.45898   0.00000
130.6250   1.30000   2.19073   2.53713   2.65409   2.70611   2.73538   2.75554   2.77215   2.78763   2.80355   2.82115   2.84150   2.86375   2.88491   2.90273   2.91690   2.92800   2.93675   2.94379   2.94962   2.95465   2.95923   2.96358   2.96779   2.97214   2.97683   2.98186   2.98724   2.99297   2.99902   3.00606   3.02916   3.12433   3.30381   3.52885   3.73564   3.87857   3.95910   4.00296   4.02990   4.04895   4.06384   4.07618   4.08675   4.09593   4.10397   4.11109   4.11753   4.12345   4.12893   4.13330   4.13600   4.13802   4.13956   4.14062   4.14113   4.14108   4.14044   4.13919   4.13731   4.13474   4.13143   4.12731   4.12227   4.11620   4.10898   4.10050   4.09071   4.07964   4.06742   4.05432   4.04070   4.02699   4.01368   4.00121   3.98993   3.98010   3.97185   3.96520   3.96009   3.95640   3.95398   3.95268   3.95236   3.95293   3.95432   3.95650   3.95947   3.96323   3.96778   3.97314   3.97929   3.98622   3.99392   4.00238   4.01159   4.02154   4.03222   4.04363   4.05576   4.06859   4.08212   4.09632   4.11116   4.12662   4.14267   4.15927   4.17639   4.19399   4.21203   4.23048   4.24931   4.26848   4.28795   4.30770   4.32768   4.34786   4.36821   4.38869   4.40928   4.42994   4.45065   4.47137   4.49207   4.51273   4.53332   4.55381   4.57419   4.59443   4.61451   4.63440   4.65410   4.67357   4.69282   4.71181   4.73055   4.74900   4.76718   4.78506   4.80264   4.81991   4.83686   4.85349   4.86979   4.88576   4.90140   4.91670   4.93165   4.94627   4.96055   4.97448   4.98807   5.00132   5.01422   5.02679   5.03902   5.05092   5.06248   5.07371   5.08462   5.09519   5.10545   5.11539   5.12501   5.13431   5.14331   5.15200   5.16038   5.16847   5.17625   5.18375   5.19095   5.19786   5.20449   5.21084   5.21691   5.22270   5.22822   5.23347   5.23844   5.24315   5.24760   5.25178   5.25570   5.25936   5.26276   5.26590   5.26878   5.27140   5.27376   5.27586   5.27769   5.27925   5.28054   5.28154   5.28226   5.28267   5.28277   5.28255   5.28197   5.28103   5.27969   5.27793   5.27574   5.27312   5.27006   5.26660   5.26274   5.25852   5.25394   5.24897   5.24351   5.23743   5.23049   5.22240   5.21279   5.20131   5.18760   5.17137   5.15248   5.13086   5.10610   5.07740   5.04314   4.99954   4.93793   4.82054   4.43442   0.00000
131.8750   1.30000   2.19025   2.53539   2.65153   2.70293   2.73165   2.75134   2.76753   2.78267   2.79834   2.81586   2.83657   2.85951   2.88140   2.89974   2.91424   2.92555   2.93442   2.94155   2.94745   2.95255   2.95718   2.96160   2.96584   2.97015   2.97477   2.97970   2.98495   2.99054   2.99648   3.00270   3.01321   3.06563   3.20750   3.41883   3.64424   3.82172   3.93006   3.98840   4.02183   4.04403   4.06067   4.07415   4.08557   4.09545   4.10408   4.11169   4.11850   4.12474   4.13049   4.13565   4.13908   4.14153   4.14347   4.14494   4.14589   4.14628   4.14611   4.14537   4.14402   4.14206   4.13944   4.13613   4.13206   4.12714   4.12127   4.11433   4.10624   4.09695   4.08650   4.07500   4.06269   4.04991   4.03707   4.02462   4.01295   4.00241   3.99324   3.98558   3.97944   3.97480   3.97152   3.96949   3.96856   3.96860   3.96951   3.97124   3.97374   3.97702   3.98109   3.98594   3.99158   3.99801   4.00522   4.01319   4.02193   4.03142   4.04165   4.05262   4.06432   4.07674   4.08986   4.10367   4.11814   4.13324   4.14895   4.16522   4.18201   4.19931   4.21706   4.23523   4.25378   4.27269   4.29191   4.31142   4.33116   4.35112   4.37126   4.39154   4.41194   4.43241   4.45294   4.47348   4.49402   4.51452   4.53496   4.55530   4.57554   4.59564   4.61559   4.63535   4.65492   4.67428   4.69340   4.71228   4.73090   4.74925   4.76732   4.78509   4.80257   4.81973   4.83658   4.85311   4.86932   4.88519   4.90073   4.91593   4.93079   4.94531   4.95949   4.97333   4.98683   4.99999   5.01280   5.02528   5.03742   5.04922   5.06069   5.07184   5.08265   5.09314   5.10330   5.11315   5.12268   5.13190   5.14080   5.14940   5.15770   5.16570   5.17340   5.18080   5.18792   5.19474   5.20129   5.20755   5.21353   5.21923   5.22466   5.22981   5.23470   5.23932   5.24367   5.24776   5.25159   5.25515   5.25846   5.26150   5.26428   5.26680   5.26906   5.27105   5.27278   5.27423   5.27540   5.27629   5.27688   5.27717   5.27714   5.27678   5.27606   5.27496   5.27345   5.27152   5.26914   5.26632   5.26305   5.25937   5.25529   5.25084   5.24604   5.24085   5.23517   5.22884   5.22161   5.21318   5.20314   5.19109   5.17667   5.15963   5.13987   5.11733   5.09174   5.06234   5.02764   4.98378   4.92190   4.80214   4.41058   0.00000
133.1250   1.30000   2.18985   2.53362   2.64891   2.69966   2.72782   2.74700   2.76278   2.77756   2.79294   2.81037   2.83147   2.85512   2.87776   2.89665   2.91150   2.92302   2.93203   2.93924   2.94522   2.95039   2.95509   2.95958   2.96389   2.96818   2.97274   2.97759   2.98273   2.98820   2.99400   3.00008   3.00714   3.02990   3.12690   3.31061   3.53947   3.74741   3.88919   3.96824   4.01123   4.03780   4.05672   4.07158   4.08396   4.09460   4.10388   4.11201   4.11924   4.12581   4.13185   4.13748   4.14180   4.14473   4.14707   4.14894   4.15031   4.15113   4.15141   4.15113   4.15027   4.14884   4.14682   4.14419   4.14090   4.13690   4.13211   4.12645   4.11981   4.11211   4.10331   4.09345   4.08264   4.07109   4.05912   4.04711   4.03547   4.02457   4.01474   4.00621   3.99911   3.99348   3.98928   3.98642   3.98477   3.98420   3.98459   3.98584   3.98790   3.99072   3.99432   3.99869   4.00384   4.00978   4.01650   4.02399   4.03226   4.04130   4.05108   4.06162   4.07290   4.08491   4.09764   4.11107   4.12518   4.13993   4.15529   4.17123   4.18772   4.20471   4.22217   4.24006   4.25834   4.27699   4.29597   4.31523   4.33475   4.35449   4.37441   4.39449   4.41469   4.43497   4.45532   4.47569   4.49606   4.51639   4.53668   4.55687   4.57697   4.59693   4.61673   4.63637   4.65581   4.67504   4.69405   4.71281   4.73132   4.74955   4.76751   4.78518   4.80254   4.81960   4.83635   4.85278   4.86888   4.88465   4.90009   4.91519   4.92995   4.94438   4.95846   4.97220   4.98561   4.99867   5.01139   5.02377   5.03582   5.04753   5.05891   5.06996   5.08068   5.09107   5.10115   5.11090   5.12034   5.12947   5.13829   5.14680   5.15501   5.16291   5.17052   5.17784   5.18487   5.19160   5.19805   5.20422   5.21011   5.21573   5.22107   5.22613   5.23093   5.23545   5.23971   5.24371   5.24744   5.25091   5.25411   5.25706   5.25974   5.26216   5.26431   5.26620   5.26781   5.26915   5.27020   5.27097   5.27144   5.27160   5.27144   5.27093   5.27007   5.26881   5.26714   5.26502   5.26245   5.25942   5.25594   5.25203   5.24772   5.24305   5.23802   5.23260   5.22669   5.22011   5.21260   5.20381   5.19332   5.18070   5.16555   5.14767   5.12699   5.10353   5.07714   5.04713   5.01210   4.96816   4.90618   4.78424   4.38739   0.00000
134.3750   1.30000   2.18952   2.53184   2.64623   2.69630   2.72386   2.74253   2.75787   2.77228   2.78735   2.80468   2.82620   2.85056   2.87398   2.89344   2.90865   2.92040   2.92955   2.93687   2.94293   2.94818   2.95295   2.95752   2.96193   2.96623   2.97075   2.97553   2.98057   2.98592   2.99159   2.99757   3.00384   3.01418   3.06686   3.21201   3.42773   3.65575   3.83302   3.93981   3.99697   4.02984   4.05180   4.06837   4.08187   4.09335   4.10332   4.11204   4.11975   4.12667   4.13303   4.13893   4.14409   4.14763   4.15038   4.15264   4.15440   4.15565   4.15635   4.15651   4.15611   4.15516   4.15366   4.15160   4.14897   4.14572   4.14182   4.13718   4.13174   4.12540   4.11809   4.10977   4.10048   4.09032   4.07950   4.06831   4.05708   4.04622   4.03606   4.02691   4.01900   4.01245   4.00731   4.00355   4.00110   3.99982   3.99961   4.00034   4.00193   4.00431   4.00746   4.01137   4.01605   4.02151   4.02775   4.03478   4.04259   4.05117   4.06052   4.07064   4.08151   4.09312   4.10546   4.11852   4.13227   4.14667   4.16170   4.17732   4.19349   4.21019   4.22736   4.24497   4.26299   4.28139   4.30011   4.31914   4.33843   4.35795   4.37766   4.39753   4.41753   4.43763   4.45779   4.47798   4.49818   4.51836   4.53848   4.55852   4.57847   4.59829   4.61796   4.63746   4.65677   4.67587   4.69475   4.71339   4.73178   4.74991   4.76775   4.78530   4.80256   4.81951   4.83615   4.85247   4.86847   4.88414   4.89947   4.91447   4.92914   4.94346   4.95745   4.97109   4.98439   4.99736   5.00998   5.02227   5.03422   5.04584   5.05712   5.06808   5.07870   5.08901   5.09899   5.10865   5.11800   5.12703   5.13576   5.14418   5.15229   5.16011   5.16763   5.17485   5.18179   5.18843   5.19480   5.20087   5.20667   5.21219   5.21744   5.22241   5.22712   5.23155   5.23571   5.23961   5.24325   5.24662   5.24973   5.25257   5.25515   5.25746   5.25951   5.26129   5.26279   5.26401   5.26495   5.26559   5.26594   5.26597   5.26567   5.26502   5.26400   5.26258   5.26073   5.25843   5.25567   5.25242   5.24872   5.24457   5.24003   5.23512   5.22987   5.22423   5.21808   5.21125   5.20345   5.19430   5.18335   5.17013   5.15422   5.13545   5.11383   5.08945   5.06230   5.03176   4.99655   4.95270   4.89077   4.76682   4.36482   0.00000
135.6250   1.30000   2.18925   2.53003   2.64348   2.69285   2.71979   2.73792   2.75280   2.76683   2.78159   2.79880   2.82072   2.84581   2.87003   2.89009   2.90570   2.91770   2.92700   2.93442   2.94057   2.94589   2.95075   2.95541   2.95993   2.96429   2.96879   2.97352   2.97847   2.98371   2.98927   2.99510   3.00123   3.00831   3.03075   3.12946   3.31738   3.55002   3.75906   3.89969   3.97725   4.01942   4.04563   4.06441   4.07925   4.09168   4.10239   4.11176   4.11999   4.12731   4.13399   4.14016   4.14589   4.15020   4.15338   4.15603   4.15819   4.15984   4.16096   4.16153   4.16156   4.16106   4.16003   4.15848   4.15640   4.15378   4.15060   4.14681   4.14234   4.13713   4.13108   4.12415   4.11630   4.10756   4.09803   4.08790   4.07744   4.06697   4.05685   4.04740   4.03891   4.03160   4.02558   4.02093   4.01760   4.01554   4.01464   4.01478   4.01586   4.01778   4.02049   4.02396   4.02820   4.03320   4.03898   4.04555   4.05290   4.06104   4.06997   4.07966   4.09013   4.10135   4.11332   4.12601   4.13941   4.15347   4.16817   4.18348   4.19935   4.21574   4.23263   4.24997   4.26773   4.28587   4.30435   4.32314   4.34220   4.36150   4.38100   4.40067   4.42047   4.44038   4.46035   4.48037   4.50039   4.52040   4.54037   4.56026   4.58005   4.59972   4.61925   4.63861   4.65779   4.67677   4.69552   4.71404   4.73231   4.75031   4.76804   4.78548   4.80262   4.81946   4.83599   4.85220   4.86809   4.88365   4.89888   4.91378   4.92834   4.94256   4.95645   4.96999   4.98319   4.99606   5.00858   5.02077   5.03262   5.04414   5.05533   5.06619   5.07672   5.08693   5.09682   5.10639   5.11564   5.12458   5.13321   5.14154   5.14956   5.15728   5.16471   5.17184   5.17869   5.18524   5.19151   5.19750   5.20320   5.20863   5.21378   5.21866   5.22327   5.22761   5.23168   5.23548   5.23901   5.24229   5.24529   5.24803   5.25051   5.25272   5.25466   5.25632   5.25771   5.25882   5.25963   5.26015   5.26037   5.26026   5.25982   5.25903   5.25786   5.25627   5.25424   5.25175   5.24878   5.24532   5.24138   5.23700   5.23221   5.22707   5.22159   5.21571   5.20933   5.20225   5.19415   5.18464   5.17320   5.15938   5.14267   5.12299   5.10039   5.07509   5.04723   5.01627   4.98100   4.93741   4.87566   4.74984   4.34282   0.00000
136.8750   1.30000   2.18903   2.52819   2.64066   2.68929   2.71558   2.73315   2.74757   2.76121   2.77564   2.79274   2.81497   2.84083   2.86590   2.88660   2.90261   2.91488   2.92436   2.93189   2.93813   2.94354   2.94848   2.95324   2.95789   2.96235   2.96686   2.97155   2.97642   2.98156   2.98701   2.99271   2.99874   3.00507   3.01527   3.06817   3.21660   3.43665   3.66721   3.84420   3.94945   4.00545   4.03776   4.05951   4.07601   4.08953   4.10108   4.11112   4.11994   4.12773   4.13475   4.14122   4.14725   4.15239   4.15610   4.15913   4.16168   4.16372   4.16523   4.16621   4.16666   4.16658   4.16598   4.16489   4.16330   4.16122   4.15864   4.15553   4.15186   4.14758   4.14259   4.13685   4.13029   4.12288   4.11467   4.10574   4.09627   4.08651   4.07676   4.06735   4.05858   4.05073   4.04399   4.03850   4.03432   4.03143   4.02976   4.02923   4.02973   4.03115   4.03340   4.03645   4.04026   4.04483   4.05017   4.05629   4.06320   4.07091   4.07941   4.08869   4.09876   4.10961   4.12121   4.13354   4.14659   4.16032   4.17470   4.18970   4.20527   4.22138   4.23798   4.25506   4.27255   4.29044   4.30868   4.32723   4.34607   4.36515   4.38443   4.40390   4.42350   4.44322   4.46301   4.48284   4.50270   4.52254   4.54234   4.56207   4.58171   4.60123   4.62062   4.63984   4.65888   4.67772   4.69635   4.71474   4.73288   4.75076   4.76837   4.78570   4.80273   4.81945   4.83587   4.85197   4.86775   4.88320   4.89832   4.91311   4.92757   4.94168   4.95546   4.96890   4.98200   4.99476   5.00719   5.01928   5.03103   5.04245   5.05354   5.06430   5.07473   5.08484   5.09463   5.10411   5.11326   5.12211   5.13065   5.13888   5.14681   5.15444   5.16177   5.16881   5.17556   5.18202   5.18819   5.19409   5.19970   5.20503   5.21009   5.21487   5.21938   5.22362   5.22760   5.23130   5.23474   5.23791   5.24081   5.24345   5.24582   5.24792   5.24975   5.25130   5.25257   5.25356   5.25425   5.25465   5.25473   5.25449   5.25391   5.25296   5.25163   5.24987   5.24766   5.24498   5.24180   5.23811   5.23393   5.22931   5.22427   5.21889   5.21317   5.20707   5.20045   5.19311   5.18471   5.17481   5.16289   5.14844   5.13090   5.11026   5.08667   5.06046   5.03193   5.00065   4.96548   4.92228   4.86085   4.73327   4.32136   0.00000
138.1250   1.30000   2.18885   2.52632   2.63777   2.68563   2.71122   2.72820   2.74215   2.75541   2.76951   2.78651   2.80891   2.83557   2.86156   2.88293   2.89939   2.91196   2.92163   2.92928   2.93561   2.94111   2.94614   2.95100   2.95578   2.96039   2.96493   2.96961   2.97443   2.97947   2.98482   2.99041   2.99629   3.00247   3.00958   3.03174   3.13219   3.32426   3.56059   3.77065   3.91006   3.98617   4.02753   4.05338   4.07203   4.08686   4.09933   4.11013   4.11957   4.12789   4.13530   4.14208   4.14836   4.15415   4.15850   4.16195   4.16487   4.16729   4.16920   4.17057   4.17142   4.17174   4.17155   4.17087   4.16972   4.16812   4.16605   4.16353   4.16052   4.15699   4.15288   4.14813   4.14268   4.13648   4.12951   4.12180   4.11344   4.10459   4.09550   4.08643   4.07770   4.06959   4.06235   4.05618   4.05121   4.04750   4.04503   4.04376   4.04361   4.04446   4.04623   4.04883   4.05222   4.05637   4.06130   4.06699   4.07348   4.08076   4.08884   4.09773   4.10741   4.11788   4.12912   4.14110   4.15382   4.16722   4.18129   4.19598   4.21126   4.22708   4.24341   4.26022   4.27746   4.29510   4.31310   4.33142   4.35002   4.36889   4.38796   4.40722   4.42663   4.44615   4.46575   4.48541   4.50509   4.52476   4.54439   4.56397   4.58345   4.60282   4.62206   4.64114   4.66004   4.67875   4.69724   4.71550   4.73351   4.75127   4.76876   4.78596   4.80287   4.81948   4.83578   4.85177   4.86743   4.88277   4.89778   4.91246   4.92681   4.94082   4.95449   4.96782   4.98082   4.99348   5.00580   5.01778   5.02943   5.04075   5.05174   5.06240   5.07274   5.08275   5.09244   5.10181   5.11087   5.11962   5.12806   5.13620   5.14403   5.15157   5.15880   5.16575   5.17240   5.17877   5.18484   5.19064   5.19616   5.20140   5.20636   5.21104   5.21546   5.21960   5.22348   5.22708   5.23042   5.23348   5.23628   5.23882   5.24108   5.24307   5.24478   5.24622   5.24738   5.24824   5.24881   5.24908   5.24902   5.24864   5.24791   5.24682   5.24532   5.24338   5.24099   5.23811   5.23471   5.23079   5.22637   5.22149   5.21620   5.21057   5.20461   5.19828   5.19142   5.18382   5.17511   5.16484   5.15240   5.13730   5.11890   5.09727   5.07265   5.04554   5.01641   4.98493   4.94998   4.90734   4.84633   4.71709   4.30040   0.00000
139.3750   1.30000   2.18870   2.52442   2.63480   2.68184   2.70670   2.72305   2.73652   2.74942   2.76321   2.78009   2.80249   2.82996   2.85696   2.87906   2.89601   2.90890   2.91878   2.92657   2.93300   2.93859   2.94372   2.94868   2.95359   2.95836   2.96300   2.96769   2.97248   2.97744   2.98269   2.98817   2.99391   2.99998   3.00638   3.01648   3.06972   3.22139   3.44569   3.67867   3.85529   3.95898   4.01384   4.04562   4.06714   4.08359   4.09713   4.10874   4.11887   4.12776   4.13564   4.14275   4.14931   4.15546   4.16057   4.16447   4.16778   4.17058   4.17287   4.17462   4.17585   4.17655   4.17676   4.17647   4.17573   4.17455   4.17294   4.17091   4.16845   4.16555   4.16217   4.15825   4.15374   4.14857   4.14272   4.13616   4.12893   4.12111   4.11286   4.10440   4.09599   4.08791   4.08043   4.07378   4.06817   4.06370   4.06045   4.05842   4.05755   4.05777   4.05899   4.06112   4.06408   4.06783   4.07235   4.07764   4.08371   4.09059   4.09827   4.10676   4.11606   4.12617   4.13705   4.14870   4.16108   4.17417   4.18793   4.20232   4.21731   4.23285   4.24892   4.26546   4.28245   4.29984   4.31760   4.33569   4.35407   4.37272   4.39158   4.41064   4.42984   4.44917   4.46859   4.48806   4.50756   4.52706   4.54653   4.56594   4.58527   4.60449   4.62358   4.64251   4.66127   4.67983   4.69819   4.71632   4.73420   4.75183   4.76919   4.78627   4.80305   4.81954   4.83573   4.85160   4.86714   4.88237   4.89727   4.91183   4.92607   4.93996   4.95353   4.96675   4.97964   4.99219   5.00441   5.01629   5.02783   5.03905   5.04993   5.06049   5.07073   5.08064   5.09023   5.09950   5.10847   5.11712   5.12546   5.13350   5.14123   5.14867   5.15581   5.16266   5.16921   5.17548   5.18146   5.18716   5.19258   5.19772   5.20259   5.20718   5.21149   5.21554   5.21931   5.22281   5.22605   5.22901   5.23171   5.23413   5.23628   5.23816   5.23976   5.24108   5.24212   5.24286   5.24330   5.24343   5.24324   5.24272   5.24184   5.24059   5.23891   5.23681   5.23423   5.23114   5.22751   5.22335   5.21868   5.21354   5.20800   5.20212   5.19592   5.18935   5.18225   5.17438   5.16537   5.15469   5.14174   5.12595   5.10666   5.08401   5.05835   5.03035   5.00068   4.96911   4.93454   4.89258   4.83211   4.70129   4.27991   0.00000
140.6250   1.30000   2.18857   2.52246   2.63174   2.67793   2.70199   2.71768   2.73066   2.74321   2.75673   2.77344   2.79571   2.82395   2.85204   2.87497   2.89245   2.90571   2.91582   2.92376   2.93030   2.93599   2.94122   2.94628   2.95131   2.95626   2.96104   2.96578   2.97056   2.97547   2.98062   2.98600   2.99162   2.99754   3.00379   3.01094   3.03296   3.13519   3.33134   3.57124   3.78220   3.92035   3.99500   4.03555   4.06107   4.07960   4.09442   4.10694   4.11781   4.12733   4.13572   4.14321   4.15008   4.15646   4.16226   4.16671   4.17040   4.17358   4.17624   4.17837   4.17997   4.18105   4.18163   4.18172   4.18136   4.18057   4.17937   4.17777   4.17579   4.17342   4.17063   4.16740   4.16367   4.15939   4.15451   4.14899   4.14283   4.13605   4.12875   4.12107   4.11321   4.10542   4.09796   4.09109   4.08502   4.07995   4.07599   4.07320   4.07160   4.07114   4.07175   4.07335   4.07585   4.07918   4.08331   4.08821   4.09390   4.10039   4.10768   4.11579   4.12472   4.13446   4.14500   4.15632   4.16838   4.18116   4.19462   4.20872   4.22342   4.23869   4.25449   4.27078   4.28751   4.30466   4.32219   4.34005   4.35821   4.37664   4.39529   4.41414   4.43315   4.45228   4.47151   4.49080   4.51013   4.52945   4.54875   4.56800   4.58717   4.60623   4.62516   4.64395   4.66256   4.68098   4.69920   4.71719   4.73494   4.75243   4.76966   4.78661   4.80328   4.81964   4.83571   4.85145   4.86688   4.88199   4.89677   4.91122   4.92534   4.93912   4.95257   4.96569   4.97847   4.99091   5.00302   5.01479   5.02623   5.03734   5.04812   5.05857   5.06870   5.07851   5.08800   5.09718   5.10604   5.11459   5.12283   5.13077   5.13840   5.14574   5.15278   5.15953   5.16599   5.17216   5.17805   5.18365   5.18897   5.19401   5.19878   5.20327   5.20748   5.21143   5.21510   5.21850   5.22163   5.22449   5.22707   5.22939   5.23143   5.23320   5.23468   5.23588   5.23679   5.23741   5.23772   5.23772   5.23739   5.23672   5.23569   5.23427   5.23242   5.23014   5.22737   5.22406   5.22020   5.21580   5.21087   5.20546   5.19966   5.19352   5.18708   5.18027   5.17293   5.16479   5.15546   5.14439   5.13090   5.11438   5.09419   5.07048   5.04374   5.01487   4.98474   4.95320   4.91914   4.87802   4.81817   4.68583   4.25986   0.00000
141.8750   1.30000   2.18845   2.52046   2.62859   2.67386   2.69706   2.71203   2.72451   2.73678   2.75005   2.76653   2.78867   2.81754   2.84674   2.87062   2.88871   2.90237   2.91274   2.92084   2.92750   2.93329   2.93862   2.94379   2.94895   2.95406   2.95902   2.96386   2.96867   2.97354   2.97862   2.98389   2.98938   2.99517   3.00131   3.00779   3.01786   3.07155   3.22648   3.45490   3.69016   3.86632   3.96842   4.02215   4.05340   4.07472   4.09111   4.10468   4.11636   4.12656   4.13552   4.14347   4.15065   4.15729   4.16352   4.16864   4.17276   4.17630   4.17933   4.18183   4.18380   4.18524   4.18618   4.18663   4.18663   4.18620   4.18538   4.18418   4.18262   4.18070   4.17842   4.17576   4.17268   4.16914   4.16509   4.16049   4.15529   4.14951   4.14317   4.13635   4.12921   4.12192   4.11473   4.10786   4.10157   4.09607   4.09153   4.08807   4.08575   4.08459   4.08455   4.08557   4.08756   4.09045   4.09418   4.09871   4.10403   4.11014   4.11706   4.12481   4.13338   4.14277   4.15297   4.16396   4.17571   4.18818   4.20135   4.21517   4.22960   4.24460   4.26014   4.27617   4.29266   4.30957   4.32686   4.34449   4.36243   4.38064   4.39909   4.41773   4.43654   4.45549   4.47452   4.49363   4.51277   4.53192   4.55105   4.57013   4.58914   4.60804   4.62682   4.64545   4.66392   4.68220   4.70027   4.71812   4.73573   4.75309   4.77019   4.78701   4.80354   4.81978   4.83572   4.85134   4.86665   4.88164   4.89630   4.91063   4.92463   4.93830   4.95163   4.96463   4.97730   4.98963   5.00162   5.01329   5.02462   5.03562   5.04630   5.05664   5.06667   5.07637   5.08576   5.09483   5.10359   5.11203   5.12018   5.12801   5.13555   5.14279   5.14973   5.15638   5.16274   5.16881   5.17459   5.18010   5.18532   5.19026   5.19493   5.19931   5.20343   5.20727   5.21084   5.21413   5.21716   5.21991   5.22239   5.22459   5.22652   5.22817   5.22954   5.23062   5.23140   5.23189   5.23207   5.23193   5.23145   5.23064   5.22945   5.22785   5.22585   5.22338   5.22040   5.21688   5.21278   5.20812   5.20293   5.19725   5.19118   5.18478   5.17809   5.17103   5.16345   5.15505   5.14540   5.13391   5.11986   5.10261   5.08147   5.05666   5.02882   4.99910   4.96860   4.93723   4.90382   4.86365   4.80451   4.67070   4.24026   0.00000
143.1250   1.30000   2.18833   2.51841   2.62534   2.66963   2.69189   2.70606   2.71803   2.73007   2.74319   2.75931   2.78145   2.81084   2.84099   2.86596   2.88475   2.89885   2.90952   2.91780   2.92458   2.93048   2.93592   2.94121   2.94649   2.95176   2.95690   2.96189   2.96678   2.97166   2.97666   2.98184   2.98720   2.99289   2.99887   3.00520   3.01242   3.03441   3.13857   3.33870   3.58200   3.79373   3.93054   4.00373   4.04351   4.06869   4.08711   4.10192   4.11449   4.12543   4.13503   4.14348   4.15104   4.15797   4.16445   4.17023   4.17483   4.17875   4.18214   4.18500   4.18733   4.18913   4.19042   4.19122   4.19157   4.19149   4.19102   4.19018   4.18899   4.18748   4.18563   4.18346   4.18092   4.17800   4.17465   4.17083   4.16649   4.16161   4.15619   4.15026   4.14391   4.13728   4.13054   4.12391   4.11762   4.11189   4.10694   4.10292   4.09996   4.09812   4.09741   4.09781   4.09925   4.10166   4.10497   4.10912   4.11408   4.11984   4.12641   4.13380   4.14202   4.15108   4.16095   4.17162   4.18306   4.19524   4.20812   4.22166   4.23582   4.25056   4.26584   4.28163   4.29787   4.31454   4.33160   4.34901   4.36674   4.38473   4.40297   4.42141   4.44002   4.45877   4.47762   4.49654   4.51550   4.53448   4.55343   4.57234   4.59118   4.60993   4.62855   4.64703   4.66534   4.68347   4.70139   4.71910   4.73657   4.75379   4.77075   4.78744   4.80384   4.81995   4.83576   4.85125   4.86644   4.88130   4.89584   4.91005   4.92393   4.93748   4.95070   4.96358   4.97613   4.98835   5.00023   5.01178   5.02300   5.03389   5.04446   5.05470   5.06462   5.07421   5.08349   5.09246   5.10111   5.10946   5.11749   5.12523   5.13266   5.13980   5.14664   5.15319   5.15945   5.16542   5.17110   5.17650   5.18162   5.18647   5.19103   5.19531   5.19933   5.20306   5.20652   5.20971   5.21263   5.21527   5.21764   5.21973   5.22155   5.22308   5.22433   5.22528   5.22594   5.22630   5.22634   5.22606   5.22544   5.22447   5.22312   5.22136   5.21918   5.21652   5.21333   5.20958   5.20524   5.20032   5.19485   5.18890   5.18255   5.17589   5.16894   5.16164   5.15382   5.14515   5.13517   5.12325   5.10864   5.09062   5.06850   5.04254   5.01359   4.98305   4.95228   4.92120   4.88858   4.84949   4.79112   4.65587   4.22109   0.00000
144.3750   1.30000   2.18819   2.51630   2.62199   2.66521   2.68641   2.69969   2.71110   2.72300   2.73613   2.75180   2.77397   2.80395   2.83479   2.86096   2.88055   2.89516   2.90615   2.91463   2.92155   2.92756   2.93311   2.93852   2.94393   2.94935   2.95468   2.95985   2.96487   2.96978   2.97474   2.97986   2.98508   2.99068   2.99652   3.00272   3.00929   3.01939   3.07377   3.23193   3.46432   3.70170   3.87729   3.97776   4.03038   4.06113   4.08224   4.09859   4.11218   4.12392   4.13420   4.14323   4.15123   4.15847   4.16518   4.17146   4.17662   4.18094   4.18469   4.18791   4.19059   4.19274   4.19438   4.19552   4.19620   4.19645   4.19631   4.19580   4.19496   4.19381   4.19235   4.19059   4.18853   4.18613   4.18337   4.18021   4.17661   4.17252   4.16794   4.16286   4.15733   4.15143   4.14528   4.13905   4.13297   4.12722   4.12205   4.11763   4.11414   4.11168   4.11032   4.11008   4.11094   4.11284   4.11570   4.11945   4.12405   4.12947   4.13571   4.14277   4.15066   4.15938   4.16893   4.17930   4.19044   4.20233   4.21493   4.22820   4.24210   4.25658   4.27161   4.28715   4.30316   4.31959   4.33643   4.35361   4.37112   4.38890   4.40693   4.42517   4.44359   4.46214   4.48080   4.49954   4.51831   4.53711   4.55589   4.57463   4.59330   4.61188   4.63034   4.64866   4.66682   4.68480   4.70258   4.72014   4.73746   4.75454   4.77136   4.78791   4.80418   4.82015   4.83583   4.85119   4.86625   4.88099   4.89540   4.90949   4.92325   4.93667   4.94977   4.96253   4.97496   4.98706   4.99883   5.01026   5.02137   5.03215   5.04261   5.05274   5.06254   5.07203   5.08121   5.09006   5.09861   5.10685   5.11478   5.12241   5.12974   5.13678   5.14352   5.14996   5.15612   5.16199   5.16757   5.17287   5.17789   5.18262   5.18708   5.19127   5.19517   5.19880   5.20216   5.20524   5.20805   5.21058   5.21284   5.21482   5.21651   5.21793   5.21905   5.21988   5.22041   5.22063   5.22054   5.22011   5.21934   5.21822   5.21669   5.21477   5.21241   5.20955   5.20615   5.20217   5.19758   5.19239   5.18664   5.18040   5.17378   5.16684   5.15964   5.15209   5.14403   5.13508   5.12477   5.11241   5.09721   5.07841   5.05526   5.02812   4.99803   4.96672   4.93578   4.90514   4.87343   4.83554   4.77801   4.64132   4.20238   0.00000
145.6250   1.30000   2.18803   2.51413   2.61852   2.66058   2.68059   2.69283   2.70360   2.71544   2.72881   2.74409   2.76615   2.79674   2.82822   2.85557   2.87610   2.89127   2.90262   2.91133   2.91838   2.92451   2.93018   2.93572   2.94127   2.94683   2.95234   2.95770   2.96288   2.96788   2.97285   2.97792   2.98302   2.98852   2.99424   3.00028   3.00671   3.01403   3.03617   3.14237   3.34639   3.59293   3.80525   3.94065   4.01239   4.05140   4.07626   4.09457   4.10938   4.12201   4.13301   4.14267   4.15118   4.15879   4.16577   4.17233   4.17810   4.18285   4.18697   4.19055   4.19358   4.19608   4.19805   4.19952   4.20053   4.20110   4.20127   4.20109   4.20057   4.19975   4.19864   4.19725   4.19559   4.19364   4.19138   4.18878   4.18580   4.18241   4.17858   4.17428   4.16953   4.16438   4.15889   4.15320   4.14748   4.14191   4.13670   4.13206   4.12817   4.12520   4.12325   4.12240   4.12266   4.12400   4.12638   4.12972   4.13395   4.13903   4.14495   4.15169   4.15927   4.16768   4.17692   4.18699   4.19784   4.20945   4.22178   4.23478   4.24842   4.26265   4.27743   4.29273   4.30850   4.32471   4.34132   4.35829   4.37558   4.39315   4.41098   4.42901   4.44723   4.46559   4.48406   4.50261   4.52120   4.53982   4.55842   4.57699   4.59549   4.61390   4.63220   4.65036   4.66836   4.68619   4.70381   4.72122   4.73840   4.75534   4.77201   4.78842   4.80455   4.82039   4.83593   4.85116   4.86608   4.88069   4.89497   4.90893   4.92257   4.93587   4.94884   4.96148   4.97379   4.98577   4.99742   5.00874   5.01973   5.03040   5.04074   5.05076   5.06045   5.06983   5.07889   5.08764   5.09608   5.10422   5.11204   5.11957   5.12679   5.13372   5.14035   5.14670   5.15275   5.15851   5.16399   5.16919   5.17410   5.17874   5.18309   5.18717   5.19097   5.19449   5.19774   5.20072   5.20341   5.20583   5.20797   5.20984   5.21141   5.21270   5.21370   5.21441   5.21480   5.21489   5.21465   5.21408   5.21316   5.21187   5.21018   5.20809   5.20553   5.20247   5.19885   5.19464   5.18979   5.18433   5.17829   5.17176   5.16484   5.15764   5.15018   5.14238   5.13407   5.12485   5.11419   5.10138   5.08558   5.06596   5.04176   5.01338   4.98215   4.95012   4.91912   4.88904   4.85839   4.82180   4.76515   4.62704   4.18414   0.00000
146.8750   1.30000   2.18783   2.51189   2.61493   2.65571   2.67436   2.68537   2.69538   2.70716   2.72107   2.73631   2.75808   2.78900   2.82131   2.84976   2.87136   2.88717   2.89893   2.90787   2.91508   2.92132   2.92711   2.93279   2.93848   2.94419   2.94987   2.95543   2.96080   2.96592   2.97094   2.97599   2.98104   2.98642   2.99202   2.99792   3.00423   3.01093   3.02113   3.07640   3.23782   3.47402   3.71331   3.88821   3.98702   4.03854   4.06879   4.08972   4.10602   4.11965   4.13145   4.14179   4.15087   4.15891   4.16620   4.17297   4.17926   4.18450   4.18900   4.19293   4.19632   4.19915   4.20146   4.20326   4.20458   4.20546   4.20594   4.20605   4.20584   4.20533   4.20453   4.20348   4.20217   4.20061   4.19878   4.19666   4.19422   4.19142   4.18824   4.18465   4.18063   4.17620   4.17140   4.16631   4.16106   4.15581   4.15074   4.14604   4.14193   4.13857   4.13613   4.13472   4.13439   4.13518   4.13704   4.13993   4.14378   4.14852   4.15412   4.16056   4.16784   4.17596   4.18491   4.19468   4.20525   4.21659   4.22865   4.24140   4.25478   4.26877   4.28331   4.29837   4.31391   4.32990   4.34628   4.36303   4.38011   4.39747   4.41509   4.43293   4.45095   4.46911   4.48739   4.50575   4.52416   4.54260   4.56103   4.57942   4.59775   4.61599   4.63412   4.65212   4.66996   4.68763   4.70510   4.72236   4.73939   4.75617   4.77270   4.78897   4.80495   4.82065   4.83605   4.85115   4.86593   4.88041   4.89456   4.90839   4.92190   4.93507   4.94792   4.96044   4.97262   4.98448   4.99601   5.00721   5.01808   5.02863   5.03885   5.04876   5.05834   5.06761   5.07656   5.08520   5.09353   5.10155   5.10927   5.11669   5.12381   5.13063   5.13716   5.14339   5.14934   5.15500   5.16037   5.16546   5.17027   5.17480   5.17905   5.18302   5.18671   5.19013   5.19327   5.19613   5.19871   5.20102   5.20305   5.20479   5.20625   5.20741   5.20829   5.20886   5.20912   5.20906   5.20868   5.20796   5.20688   5.20542   5.20358   5.20130   5.19855   5.19529   5.19144   5.18699   5.18188   5.17613   5.16980   5.16296   5.15575   5.14827   5.14055   5.13251   5.12394   5.11444   5.10343   5.09016   5.07373   5.05327   5.02799   4.99833   4.96595   4.93325   4.90230   4.87294   4.84347   4.80830   4.75253   4.61305   4.16634   0.00000
148.1250   1.30000   2.18760   2.50957   2.61120   2.65058   2.66767   2.67724   2.68630   2.69794   2.71260   2.72838   2.74987   2.78066   2.81399   2.84350   2.86629   2.88285   2.89505   2.90426   2.91162   2.91799   2.92390   2.92971   2.93555   2.94142   2.94727   2.95302   2.95858   2.96387   2.96899   2.97405   2.97910   2.98438   2.98986   2.99564   3.00178   3.00834   3.01577   3.03823   3.14667   3.35448   3.60401   3.81679   3.95069   4.02097   4.05924   4.08379   4.10199   4.11681   4.12948   4.14055   4.15026   4.15881   4.16645   4.17347   4.18008   4.18587   4.19077   4.19506   4.19879   4.20197   4.20461   4.20673   4.20836   4.20954   4.21032   4.21072   4.21080   4.21057   4.21008   4.20933   4.20835   4.20713   4.20567   4.20396   4.20198   4.19970   4.19708   4.19410   4.19074   4.18698   4.18285   4.17840   4.17369   4.16886   4.16406   4.15947   4.15528   4.15169   4.14887   4.14698   4.14612   4.14635   4.14770   4.15012   4.15355   4.15794   4.16323   4.16938   4.17637   4.18421   4.19288   4.20238   4.21268   4.22375   4.23555   4.24805   4.26119   4.27493   4.28924   4.30407   4.31938   4.33514   4.35131   4.36784   4.38471   4.40187   4.41928   4.43692   4.45474   4.47271   4.49080   4.50897   4.52720   4.54545   4.56370   4.58191   4.60007   4.61814   4.63611   4.65394   4.67162   4.68912   4.70643   4.72354   4.74041   4.75705   4.77343   4.78955   4.80539   4.82094   4.83620   4.85116   4.86580   4.88014   4.89416   4.90786   4.92123   4.93428   4.94700   4.95939   4.97145   4.98318   4.99458   5.00566   5.01641   5.02684   5.03695   5.04673   5.05620   5.06535   5.07419   5.08272   5.09094   5.09885   5.10646   5.11377   5.12078   5.12749   5.13391   5.14004   5.14588   5.15144   5.15670   5.16169   5.16639   5.17081   5.17495   5.17882   5.18240   5.18571   5.18873   5.19148   5.19395   5.19614   5.19805   5.19967   5.20101   5.20205   5.20279   5.20323   5.20335   5.20316   5.20263   5.20175   5.20051   5.19889   5.19687   5.19441   5.19146   5.18799   5.18392   5.17921   5.17383   5.16779   5.16115   5.15400   5.14649   5.13873   5.13074   5.12246   5.11363   5.10385   5.09249   5.07873   5.06166   5.04033   5.01395   4.98296   4.94942   4.91610   4.88533   4.85684   4.82868   4.79502   4.74016   4.59933   4.14901   0.00000
149.3750   1.30000   2.18731   2.50719   2.60733   2.64515   2.66046   2.66833   2.67621   2.68756   2.70301   2.71985   2.74145   2.77173   2.80618   2.83677   2.86085   2.87828   2.89098   2.90047   2.90801   2.91450   2.92053   2.92647   2.93247   2.93851   2.94452   2.95045   2.95621   2.96169   2.96694   2.97207   2.97718   2.98239   2.98776   2.99344   2.99942   3.00586   3.01267   3.02302   3.07951   3.24421   3.48400   3.72502   3.89908   3.99621   4.04664   4.07641   4.09716   4.11342   4.12708   4.13894   4.14933   4.15845   4.16652   4.17384   4.18065   4.18695   4.19229   4.19695   4.20102   4.20454   4.20750   4.20994   4.21188   4.21336   4.21442   4.21511   4.21547   4.21552   4.21530   4.21484   4.21414   4.21323   4.21211   4.21076   4.20918   4.20734   4.20521   4.20277   4.19998   4.19684   4.19334   4.18950   4.18537   4.18103   4.17660   4.17224   4.16812   4.16443   4.16137   4.15910   4.15778   4.15751   4.15834   4.16028   4.16329   4.16731   4.17227   4.17813   4.18485   4.19242   4.20083   4.21007   4.22011   4.23092   4.24247   4.25472   4.26762   4.28113   4.29521   4.30981   4.32490   4.34044   4.35639   4.37271   4.38937   4.40632   4.42354   4.44097   4.45860   4.47637   4.49427   4.51226   4.53030   4.54837   4.56643   4.58447   4.60245   4.62035   4.63815   4.65581   4.67332   4.69066   4.70782   4.72476   4.74148   4.75796   4.77419   4.79016   4.80585   4.82126   4.83637   4.85118   4.86569   4.87989   4.89377   4.90733   4.92057   4.93348   4.94607   4.95833   4.97026   4.98187   4.99315   5.00410   5.01473   5.02503   5.03502   5.04469   5.05404   5.06307   5.07180   5.08021   5.08832   5.09612   5.10362   5.11081   5.11771   5.12432   5.13063   5.13665   5.14238   5.14783   5.15299   5.15786   5.16246   5.16677   5.17080   5.17456   5.17803   5.18122   5.18414   5.18678   5.18913   5.19120   5.19299   5.19449   5.19570   5.19661   5.19722   5.19752   5.19751   5.19717   5.19649   5.19545   5.19405   5.19226   5.19006   5.18741   5.18426   5.18057   5.17626   5.17130   5.16564   5.15930   5.15235   5.14489   5.13707   5.12901   5.12076   5.11223   5.10315   5.09308   5.08135   5.06710   5.04935   5.02713   4.99964   4.96726   4.93254   4.89867   4.86824   4.84077   4.81406   4.78197   4.72802   4.58591   4.13214   0.00000
150.6250   1.30000   2.18697   2.50472   2.60330   2.63940   2.65269   2.65858   2.66500   2.67580   2.69186   2.71031   2.73266   2.76217   2.79773   2.82957   2.85503   2.87346   2.88670   2.89651   2.90423   2.91084   2.91699   2.92307   2.92922   2.93542   2.94161   2.94771   2.95365   2.95934   2.96476   2.97002   2.97522   2.98041   2.98571   2.99129   2.99715   3.00340   3.01007   3.01766   3.04062   3.15154   3.36296   3.61530   3.82834   3.96067   4.02948   4.06702   4.09128   4.10938   4.12420   4.13693   4.14805   4.15781   4.16637   4.17403   4.18108   4.18772   4.19354   4.19859   4.20301   4.20686   4.21016   4.21291   4.21515   4.21693   4.21827   4.21924   4.21986   4.22017   4.22022   4.22002   4.21960   4.21898   4.21815   4.21713   4.21589   4.21443   4.21273   4.21076   4.20848   4.20589   4.20297   4.19971   4.19614   4.19233   4.18834   4.18430   4.18037   4.17671   4.17353   4.17101   4.16932   4.16860   4.16895   4.17042   4.17299   4.17662   4.18125   4.18682   4.19328   4.20060   4.20876   4.21774   4.22753   4.23810   4.24941   4.26142   4.27408   4.28736   4.30121   4.31560   4.33047   4.34579   4.36153   4.37764   4.39410   4.41084   4.42786   4.44509   4.46252   4.48010   4.49781   4.51561   4.53346   4.55135   4.56923   4.58709   4.60489   4.62262   4.64024   4.65773   4.67508   4.69225   4.70924   4.72602   4.74259   4.75891   4.77498   4.79080   4.80634   4.82159   4.83656   4.85123   4.86559   4.87964   4.89338   4.90681   4.91991   4.93268   4.94514   4.95727   4.96907   4.98055   4.99170   5.00252   5.01303   5.02321   5.03307   5.04262   5.05185   5.06077   5.06937   5.07767   5.08566   5.09335   5.10073   5.10782   5.11461   5.12110   5.12730   5.13321   5.13884   5.14417   5.14922   5.15399   5.15847   5.16267   5.16660   5.17024   5.17360   5.17668   5.17948   5.18200   5.18424   5.18619   5.18786   5.18923   5.19031   5.19110   5.19157   5.19173   5.19158   5.19109   5.19025   5.18905   5.18749   5.18553   5.18315   5.18030   5.17694   5.17303   5.16848   5.16326   5.15731   5.15066   5.14339   5.13560   5.12747   5.11912   5.11060   5.10181   5.09248   5.08212   5.07001   5.05525   5.03680   5.01365   4.98507   4.95120   4.91529   4.88096   4.85104   4.82476   4.79961   4.76914   4.71611   4.57279   4.11576   0.00000
151.8750   1.30000   2.18657   2.50217   2.59910   2.63329   2.64430   2.64789   2.65252   2.66248   2.67890   2.69932   2.72293   2.75183   2.78847   2.82187   2.84882   2.86835   2.88221   2.89237   2.90027   2.90700   2.91326   2.91948   2.92578   2.93215   2.93851   2.94478   2.95089   2.95679   2.96240   2.96784   2.97318   2.97840   2.98371   2.98920   2.99494   3.00103   3.00758   3.01455   3.02512   3.08315   3.25111   3.49430   3.73682   3.90993   4.00532   4.05469   4.08400   4.10456   4.12079   4.13448   4.14640   4.15684   4.16598   4.17405   4.18139   4.18824   4.19453   4.19999   4.20477   4.20896   4.21257   4.21564   4.21819   4.22025   4.22188   4.22311   4.22399   4.22456   4.22486   4.22492   4.22476   4.22439   4.22384   4.22311   4.22218   4.22106   4.21973   4.21816   4.21634   4.21423   4.21183   4.20911   4.20608   4.20278   4.19927   4.19562   4.19196   4.18845   4.18527   4.18261   4.18065   4.17957   4.17950   4.18052   4.18266   4.18590   4.19018   4.19546   4.20165   4.20872   4.21665   4.22540   4.23495   4.24528   4.25636   4.26813   4.28057   4.29363   4.30726   4.32142   4.33608   4.35119   4.36672   4.38263   4.39888   4.41542   4.43223   4.44927   4.46651   4.48390   4.50141   4.51902   4.53669   4.55439   4.57209   4.58976   4.60739   4.62494   4.64238   4.65971   4.67688   4.69389   4.71071   4.72733   4.74373   4.75989   4.77581   4.79146   4.80685   4.82195   4.83677   4.85129   4.86550   4.87941   4.89301   4.90628   4.91925   4.93188   4.94420   4.95619   4.96786   4.97921   4.99023   5.00093   5.01130   5.02136   5.03110   5.04052   5.04963   5.05843   5.06691   5.07509   5.08297   5.09054   5.09781   5.10478   5.11145   5.11784   5.12393   5.12973   5.13524   5.14046   5.14540   5.15006   5.15443   5.15852   5.16233   5.16586   5.16911   5.17207   5.17476   5.17716   5.17928   5.18111   5.18265   5.18390   5.18485   5.18550   5.18584   5.18586   5.18555   5.18491   5.18392   5.18256   5.18083   5.17869   5.17612   5.17307   5.16951   5.16536   5.16057   5.15507   5.14883   5.14187   5.13426   5.12615   5.11769   5.10905   5.10026   5.09121   5.08162   5.07096   5.05847   5.04317   5.02400   4.99987   4.97021   4.93471   4.89764   4.86300   4.83379   4.80885   4.78534   4.75650   4.70443   4.56001   4.09988   0.00000
153.1250   1.30000   2.18611   2.49953   2.59473   2.62681   2.63522   2.63616   2.63864   2.64741   2.66396   2.68632   2.71147   2.74046   2.77829   2.81361   2.84217   2.86296   2.87750   2.88802   2.89612   2.90298   2.90935   2.91569   2.92215   2.92868   2.93520   2.94164   2.94792   2.95401   2.95983   2.96549   2.97100   2.97631   2.98170   2.98716   2.99280   2.99876   3.00511   3.01194   3.01966   3.04337   3.15697   3.37190   3.62680   3.83991   3.97058   4.03794   4.07477   4.09874   4.11675   4.13157   4.14435   4.15552   4.16530   4.17387   4.18154   4.18860   4.19526   4.20113   4.20629   4.21082   4.21476   4.21814   4.22099   4.22334   4.22524   4.22674   4.22788   4.22870   4.22924   4.22954   4.22962   4.22950   4.22921   4.22874   4.22810   4.22728   4.22628   4.22507   4.22364   4.22196   4.22001   4.21778   4.21527   4.21247   4.20943   4.20620   4.20288   4.19960   4.19653   4.19383   4.19172   4.19036   4.18993   4.19055   4.19228   4.19513   4.19907   4.20404   4.20996   4.21680   4.22450   4.23303   4.24236   4.25246   4.26331   4.27487   4.28708   4.29992   4.31333   4.32728   4.34173   4.35664   4.37196   4.38766   4.40371   4.42005   4.43667   4.45351   4.47055   4.48774   4.50507   4.52248   4.53997   4.55748   4.57500   4.59249   4.60994   4.62731   4.64458   4.66172   4.67872   4.69556   4.71221   4.72867   4.74490   4.76090   4.77666   4.79215   4.80738   4.82233   4.83699   4.85136   4.86542   4.87918   4.89263   4.90576   4.91858   4.93108   4.94326   4.95511   4.96664   4.97786   4.98874   4.99931   5.00956   5.01949   5.02910   5.03839   5.04738   5.05605   5.06442   5.07248   5.08023   5.08769   5.09484   5.10170   5.10826   5.11452   5.12050   5.12619   5.13159   5.13670   5.14153   5.14607   5.15033   5.15431   5.15800   5.16142   5.16455   5.16740   5.16997   5.17225   5.17425   5.17595   5.17737   5.17849   5.17931   5.17982   5.18002   5.17990   5.17944   5.17864   5.17749   5.17597   5.17406   5.17174   5.16897   5.16573   5.16194   5.15757   5.15252   5.14675   5.14020   5.13291   5.12496   5.11651   5.10772   5.09878   5.08972   5.08042   5.07057   5.05961   5.04671   5.03085   5.01092   4.98580   4.95499   4.91777   4.87963   4.84485   4.81653   4.79306   4.77123   4.74405   4.69299   4.54757   4.08456   0.00000
154.3750   1.30000   2.18557   2.49680   2.59016   2.61992   2.62541   2.62327   2.62314   2.63034   2.64679   2.67075   2.69761   2.72773   2.76711   2.80469   2.83505   2.85724   2.87255   2.88348   2.89178   2.89875   2.90523   2.91170   2.91830   2.92499   2.93168   2.93827   2.94471   2.95098   2.95702   2.96292   2.96864   2.97412   2.97963   2.98513   2.99071   2.99656   3.00273   3.00944   3.01649   3.02738   3.08729   3.25857   3.50495   3.74875   3.92074   4.01437   4.06270   4.09156   4.11195   4.12814   4.14187   4.15383   4.16430   4.17345   4.18152   4.18885   4.19573   4.20203   4.20758   4.21246   4.21673   4.22043   4.22357   4.22621   4.22839   4.23014   4.23153   4.23260   4.23338   4.23391   4.23422   4.23434   4.23428   4.23405   4.23367   4.23313   4.23242   4.23153   4.23045   4.22915   4.22762   4.22583   4.22377   4.22145   4.21887   4.21607   4.21313   4.21014   4.20725   4.20463   4.20245   4.20092   4.20021   4.20048   4.20184   4.20431   4.20790   4.21256   4.21822   4.22482   4.23230   4.24062   4.24974   4.25963   4.27027   4.28160   4.29361   4.30623   4.31943   4.33318   4.34742   4.36212   4.37724   4.39274   4.40858   4.42473   4.44115   4.45780   4.47464   4.49164   4.50878   4.52601   4.54330   4.56062   4.57796   4.59527   4.61253   4.62972   4.64681   4.66378   4.68061   4.69727   4.71375   4.73004   4.74610   4.76194   4.77753   4.79286   4.80793   4.82272   4.83723   4.85144   4.86535   4.87896   4.89226   4.90524   4.91791   4.93027   4.94230   4.95402   4.96541   4.97648   4.98724   4.99767   5.00779   5.01758   5.02707   5.03624   5.04509   5.05364   5.06189   5.06982   5.07746   5.08479   5.09183   5.09857   5.10501   5.11116   5.11702   5.12260   5.12788   5.13288   5.13759   5.14202   5.14617   5.15003   5.15361   5.15691   5.15993   5.16266   5.16511   5.16727   5.16914   5.17072   5.17201   5.17300   5.17368   5.17406   5.17411   5.17384   5.17324   5.17228   5.17096   5.16927   5.16718   5.16467   5.16171   5.15826   5.15425   5.14964   5.14433   5.13828   5.13142   5.12379   5.11549   5.10669   5.09757   5.08833   5.07899   5.06943   5.05932   5.04805   5.03473   5.01828   4.99755   4.97139   4.93927   4.90042   4.86135   4.82659   4.79932   4.77739   4.75728   4.73180   4.68181   4.53550   4.06986   0.00000
155.6250   1.30000   2.18496   2.49398   2.58539   2.61259   2.61478   2.60908   2.60583   2.61105   2.62705   2.65213   2.68087   2.71322   2.75479   2.79499   2.82740   2.85117   2.86735   2.87872   2.88724   2.89433   2.90090   2.90748   2.91422   2.92107   2.92791   2.93465   2.94125   2.94769   2.95395   2.96009   2.96606   2.97176   2.97743   2.98305   2.98865   2.99442   3.00046   3.00697   3.01387   3.02178   3.04645   3.16302   3.38130   3.63853   3.85153   3.98044   4.04635   4.08250   4.10618   4.12410   4.13893   4.15175   4.16296   4.17275   4.18131   4.18897   4.19604   4.20270   4.20863   4.21388   4.21848   4.22249   4.22594   4.22886   4.23131   4.23333   4.23496   4.23626   4.23728   4.23803   4.23857   4.23891   4.23908   4.23908   4.23894   4.23865   4.23821   4.23761   4.23684   4.23588   4.23471   4.23332   4.23168   4.22979   4.22765   4.22528   4.22273   4.22008   4.21743   4.21495   4.21280   4.21118   4.21028   4.21028   4.21130   4.21343   4.21669   4.22104   4.22643   4.23279   4.24006   4.24817   4.25709   4.26679   4.27722   4.28835   4.30014   4.31256   4.32556   4.33910   4.35314   4.36764   4.38256   4.39786   4.41351   4.42946   4.44568   4.46213   4.47878   4.49559   4.51254   4.52957   4.54668   4.56382   4.58096   4.59809   4.61517   4.63218   4.64909   4.66588   4.68253   4.69902   4.71532   4.73143   4.74733   4.76300   4.77842   4.79359   4.80850   4.82313   4.83747   4.85152   4.86528   4.87873   4.89188   4.90472   4.91724   4.92944   4.94133   4.95290   4.96416   4.97509   4.98571   4.99601   5.00599   5.01565   5.02501   5.03405   5.04278   5.05120   5.05932   5.06713   5.07464   5.08185   5.08877   5.09539   5.10172   5.10775   5.11349   5.11895   5.12412   5.12900   5.13360   5.13791   5.14194   5.14569   5.14916   5.15234   5.15523   5.15785   5.16017   5.16221   5.16396   5.16541   5.16657   5.16742   5.16797   5.16820   5.16812   5.16770   5.16693   5.16582   5.16433   5.16247   5.16019   5.15749   5.15433   5.15066   5.14643   5.14157   5.13600   5.12966   5.12247   5.11450   5.10584   5.09668   5.08723   5.07767   5.06806   5.05823   5.04787   5.03627   5.02252   5.00545   4.98388   4.95665   4.92296   4.88284   4.84289   4.80827   4.78215   4.76183   4.74345   4.71974   4.67088   4.52382   4.05586   0.00000
156.8750   1.30000   2.18426   2.49105   2.58040   2.60479   2.60326   2.59344   2.58649   2.58925   2.60439   2.63012   2.66090   2.69653   2.74115   2.78441   2.81920   2.84472   2.86188   2.87375   2.88249   2.88970   2.89636   2.90304   2.90991   2.91691   2.92389   2.93078   2.93753   2.94413   2.95060   2.95698   2.96320   2.96919   2.97508   2.98084   2.98657   2.99232   2.99827   3.00458   3.01136   3.01857   3.02983   3.09201   3.26660   3.51593   3.76082   3.93155   4.02338   4.07069   4.09910   4.11932   4.13548   4.14924   4.16125   4.17174   4.18087   4.18892   4.19624   4.20313   4.20945   4.21507   4.22002   4.22435   4.22810   4.23131   4.23402   4.23630   4.23818   4.23972   4.24095   4.24193   4.24268   4.24324   4.24362   4.24385   4.24393   4.24387   4.24367   4.24334   4.24285   4.24219   4.24135   4.24031   4.23905   4.23756   4.23583   4.23387   4.23172   4.22942   4.22706   4.22478   4.22273   4.22111   4.22010   4.21989   4.22064   4.22246   4.22540   4.22946   4.23458   4.24071   4.24776   4.25568   4.26441   4.27392   4.28415   4.29508   4.30668   4.31890   4.33169   4.34504   4.35888   4.37318   4.38790   4.40301   4.41846   4.43422   4.45025   4.46651   4.48297   4.49959   4.51634   4.53319   4.55010   4.56705   4.58401   4.60095   4.61785   4.63467   4.65140   4.66801   4.68448   4.70079   4.71692   4.73286   4.74858   4.76408   4.77933   4.79434   4.80907   4.82354   4.83772   4.85161   4.86521   4.87851   4.89150   4.90418   4.91655   4.92861   4.94035   4.95178   4.96288   4.97368   4.98415   4.99431   5.00416   5.01369   5.02291   5.03182   5.04042   5.04871   5.05670   5.06439   5.07178   5.07887   5.08566   5.09216   5.09837   5.10428   5.10991   5.11525   5.12030   5.12506   5.12955   5.13374   5.13766   5.14129   5.14463   5.14769   5.15047   5.15296   5.15516   5.15707   5.15869   5.16002   5.16104   5.16176   5.16217   5.16226   5.16202   5.16145   5.16053   5.15925   5.15759   5.15555   5.15309   5.15019   5.14682   5.14294   5.13848   5.13337   5.12752   5.12088   5.11337   5.10504   5.09600   5.08648   5.07668   5.06682   5.05692   5.04684   5.03621   5.02427   5.01006   4.99235   4.96989   4.94154   4.90618   4.86510   4.82425   4.78990   4.76501   4.74635   4.72977   4.70789   4.66022   4.51255   4.04264   0.00000
158.1250   1.30000   2.18349   2.48802   2.57517   2.59647   2.59076   2.57619   2.56490   2.56466   2.57846   2.60446   2.63741   2.67727   2.72592   2.77280   2.81038   2.83785   2.85614   2.86854   2.87754   2.88485   2.89159   2.89837   2.90536   2.91249   2.91961   2.92663   2.93352   2.94029   2.94695   2.95356   2.96005   2.96635   2.97250   2.97848   2.98439   2.99022   2.99613   3.00232   3.00886   3.01592   3.02402   3.04990   3.16969   3.39115   3.65050   3.86321   3.99026   4.05473   4.09020   4.11360   4.13144   4.14628   4.15914   4.17038   4.18017   4.18869   4.19632   4.20339   4.21005   4.21605   4.22134   4.22599   4.23005   4.23355   4.23654   4.23907   4.24119   4.24296   4.24442   4.24561   4.24658   4.24734   4.24793   4.24836   4.24865   4.24882   4.24885   4.24875   4.24852   4.24814   4.24760   4.24688   4.24596   4.24483   4.24348   4.24191   4.24013   4.23819   4.23615   4.23412   4.23223   4.23067   4.22962   4.22928   4.22982   4.23138   4.23404   4.23782   4.24268   4.24857   4.25542   4.26315   4.27170   4.28102   4.29107   4.30181   4.31322   4.32524   4.33784   4.35099   4.36464   4.37875   4.39328   4.40820   4.42345   4.43902   4.45485   4.47092   4.48719   4.50362   4.52018   4.53684   4.55356   4.57032   4.58710   4.60385   4.62056   4.63720   4.65374   4.67017   4.68646   4.70259   4.71854   4.73430   4.74985   4.76517   4.78026   4.79509   4.80966   4.82396   4.83798   4.85171   4.86514   4.87828   4.89111   4.90364   4.91585   4.92776   4.93935   4.95063   4.96159   4.97224   4.98257   4.99259   5.00230   5.01169   5.02078   5.02955   5.03802   5.04619   5.05405   5.06161   5.06887   5.07583   5.08250   5.08888   5.09497   5.10076   5.10627   5.11149   5.11642   5.12107   5.12543   5.12951   5.13330   5.13681   5.14004   5.14298   5.14563   5.14800   5.15008   5.15186   5.15335   5.15454   5.15543   5.15602   5.15628   5.15622   5.15584   5.15511   5.15402   5.15257   5.15074   5.14851   5.14586   5.14277   5.13919   5.13508   5.13038   5.12501   5.11889   5.11194   5.10409   5.09539   5.08597   5.07608   5.06592   5.05575   5.04556   5.03524   5.02432   5.01203   4.99735   4.97896   4.95557   4.92605   4.88911   4.84720   4.80543   4.77143   4.74785   4.73095   4.71626   4.69625   4.64982   4.50173   4.03029   0.00000
159.3750   1.30000   2.18263   2.48487   2.56970   2.58761   2.57718   2.55715   2.54082   2.53696   2.54892   2.57495   2.61013   2.65506   2.70883   2.76002   2.80088   2.83054   2.85011   2.86311   2.87236   2.87978   2.88659   2.89346   2.90055   2.90780   2.91505   2.92219   2.92922   2.93614   2.94300   2.94983   2.95658   2.96319   2.96966   2.97592   2.98205   2.98808   2.99402   3.00014   3.00647   3.01341   3.02071   3.03246   3.09728   3.27516   3.52727   3.77303   3.94234   4.03235   4.07865   4.10663   4.12669   4.14282   4.15661   4.16865   4.17915   4.18825   4.19625   4.20355   4.21045   4.21680   4.22246   4.22744   4.23181   4.23559   4.23886   4.24164   4.24401   4.24601   4.24769   4.24909   4.25026   4.25123   4.25201   4.25265   4.25314   4.25351   4.25376   4.25388   4.25389   4.25376   4.25349   4.25306   4.25245   4.25165   4.25065   4.24944   4.24803   4.24644   4.24472   4.24296   4.24128   4.23984   4.23882   4.23842   4.23881   4.24017   4.24258   4.24610   4.25071   4.25638   4.26302   4.27056   4.27894   4.28809   4.29796   4.30853   4.31975   4.33159   4.34400   4.35696   4.37042   4.38434   4.39868   4.41340   4.42847   4.44385   4.45949   4.47537   4.49144   4.50768   4.52405   4.54052   4.55706   4.57363   4.59021   4.60678   4.62330   4.63975   4.65611   4.67235   4.68846   4.70441   4.72018   4.73576   4.75114   4.76628   4.78119   4.79585   4.81025   4.82438   4.83823   4.85179   4.86507   4.87804   4.89071   4.90308   4.91514   4.92689   4.93833   4.94946   4.96027   4.97077   4.98096   4.99084   5.00040   5.00966   5.01861   5.02725   5.03558   5.04362   5.05135   5.05878   5.06591   5.07275   5.07929   5.08554   5.09151   5.09718   5.10256   5.10766   5.11247   5.11700   5.12124   5.12520   5.12888   5.13226   5.13537   5.13819   5.14072   5.14296   5.14491   5.14657   5.14792   5.14898   5.14974   5.15018   5.15030   5.15009   5.14955   5.14866   5.14741   5.14579   5.14378   5.14136   5.13852   5.13521   5.13142   5.12708   5.12214   5.11651   5.11010   5.10283   5.09463   5.08556   5.07575   5.06547   5.05496   5.04446   5.03399   5.02342   5.01221   4.99957   4.98438   4.96527   4.94091   4.91016   4.87182   4.82915   4.78634   4.75276   4.73069   4.71568   4.70291   4.68482   4.63969   4.49137   4.01891   0.00000
160.6250   1.30000   2.18169   2.48160   2.56396   2.57814   2.56241   2.53616   2.51401   2.50587   2.51544   2.54138   2.57885   2.62954   2.68958   2.74589   2.79060   2.82276   2.84377   2.85743   2.86696   2.87449   2.88136   2.88830   2.89550   2.90285   2.91020   2.91745   2.92460   2.93168   2.93871   2.94576   2.95277   2.95970   2.96650   2.97310   2.97951   2.98577   2.99189   2.99799   3.00422   3.01092   3.01805   3.02633   3.05372   3.17692   3.40145   3.66273   3.87494   4.00005   4.06310   4.09790   4.12103   4.13878   4.15363   4.16653   4.17779   4.18754   4.19602   4.20360   4.21068   4.21734   4.22337   4.22869   4.23337   4.23745   4.24098   4.24403   4.24664   4.24886   4.25076   4.25238   4.25375   4.25491   4.25589   4.25672   4.25741   4.25797   4.25842   4.25876   4.25898   4.25908   4.25906   4.25889   4.25857   4.25808   4.25740   4.25652   4.25545   4.25420   4.25281   4.25134   4.24990   4.24862   4.24768   4.24728   4.24759   4.24879   4.25100   4.25429   4.25867   4.26412   4.27056   4.27793   4.28613   4.29512   4.30483   4.31522   4.32627   4.33793   4.35016   4.36293   4.37620   4.38994   4.40409   4.41863   4.43351   4.44870   4.46416   4.47984   4.49573   4.51178   4.52796   4.54424   4.56058   4.57697   4.59336   4.60973   4.62607   4.64233   4.65850   4.67456   4.69048   4.70625   4.72184   4.73724   4.75243   4.76740   4.78213   4.79662   4.81084   4.82480   4.83848   4.85188   4.86498   4.87779   4.89030   4.90251   4.91441   4.92600   4.93729   4.94826   4.95892   4.96927   4.97932   4.98905   4.99847   5.00759   5.01640   5.02490   5.03310   5.04100   5.04860   5.05590   5.06290   5.06961   5.07603   5.08215   5.08799   5.09354   5.09880   5.10377   5.10846   5.11287   5.11699   5.12083   5.12438   5.12765   5.13063   5.13332   5.13572   5.13784   5.13966   5.14119   5.14241   5.14333   5.14395   5.14424   5.14422   5.14386   5.14316   5.14211   5.14069   5.13889   5.13670   5.13409   5.13104   5.12753   5.12351   5.11894   5.11375   5.10785   5.10115   5.09355   5.08500   5.07555   5.06532   5.05465   5.04378   5.03295   5.02220   5.01136   4.99986   4.98685   4.97113   4.95126   4.92588   4.89387   4.85426   4.81089   4.76683   4.73392   4.71362   4.70057   4.68975   4.67360   4.62983   4.48152   4.00859   0.00000
161.8750   1.30000   2.18066   2.47822   2.55795   2.56804   2.54634   2.51301   2.48422   2.47116   2.47785   2.50352   2.54340   2.60040   2.66782   2.73021   2.77944   2.81448   2.83711   2.85151   2.86134   2.86897   2.87590   2.88291   2.89019   2.89764   2.90508   2.91242   2.91967   2.92688   2.93409   2.94135   2.94861   2.95584   2.96299   2.96997   2.97672   2.98325   2.98963   2.99583   3.00206   3.00850   3.01553   3.02293   3.03526   3.10307   3.28423   3.53898   3.78539   3.95313   4.04131   4.08662   4.11416   4.13406   4.15016   4.16398   4.17605   4.18653   4.19558   4.20353   4.21080   4.21769   4.22406   4.22974   4.23474   4.23912   4.24293   4.24623   4.24908   4.25154   4.25365   4.25547   4.25704   4.25840   4.25957   4.26058   4.26146   4.26221   4.26286   4.26339   4.26382   4.26414   4.26435   4.26442   4.26436   4.26414   4.26376   4.26319   4.26244   4.26151   4.26044   4.25926   4.25808   4.25701   4.25620   4.25584   4.25612   4.25722   4.25927   4.26237   4.26655   4.27180   4.27805   4.28523   4.29328   4.30210   4.31166   4.32189   4.33277   4.34425   4.35631   4.36891   4.38200   4.39555   4.40952   4.42388   4.43857   4.45357   4.46884   4.48434   4.50004   4.51590   4.53189   4.54797   4.56413   4.58032   4.59653   4.61271   4.62886   4.64493   4.66092   4.67679   4.69252   4.70810   4.72351   4.73872   4.75373   4.76852   4.78308   4.79738   4.81143   4.82522   4.83872   4.85195   4.86489   4.87753   4.88988   4.90192   4.91366   4.92509   4.93622   4.94704   4.95754   4.96775   4.97764   4.98722   4.99650   5.00547   5.01414   5.02251   5.03057   5.03833   5.04580   5.05296   5.05984   5.06641   5.07270   5.07870   5.08441   5.08983   5.09497   5.09982   5.10439   5.10867   5.11267   5.11638   5.11981   5.12295   5.12581   5.12837   5.13065   5.13264   5.13433   5.13572   5.13681   5.13759   5.13806   5.13821   5.13804   5.13752   5.13666   5.13544   5.13385   5.13187   5.12949   5.12669   5.12343   5.11971   5.11546   5.11065   5.10520   5.09903   5.09203   5.08410   5.07518   5.06533   5.05470   5.04362   5.03237   5.02122   5.01017   4.99906   4.98727   4.97388   4.95759   4.93691   4.91046   4.87716   4.83631   4.79221   4.74681   4.71506   4.69674   4.68567   4.67677   4.66259   4.62025   4.47217   3.99939   0.00000
163.1250   1.30000   2.17955   2.47470   2.55164   2.55724   2.52886   2.48753   2.45124   2.43262   2.43614   2.46105   2.50357   2.56732   2.64322   2.71276   2.76729   2.80565   2.83011   2.84534   2.85549   2.86322   2.87020   2.87728   2.88463   2.89215   2.89967   2.90708   2.91442   2.92174   2.92912   2.93657   2.94408   2.95160   2.95910   2.96648   2.97363   2.98050   2.98717   2.99358   2.99990   3.00624   3.01304   3.02023   3.02874   3.05793   3.18471   3.41223   3.67523   3.88672   4.00983   4.07146   4.10561   4.12846   4.14613   4.16099   4.17392   4.18518   4.19488   4.20329   4.21083   4.21789   4.22455   4.23060   4.23592   4.24060   4.24469   4.24826   4.25135   4.25404   4.25637   4.25839   4.26016   4.26170   4.26306   4.26426   4.26531   4.26625   4.26708   4.26780   4.26843   4.26895   4.26937   4.26967   4.26985   4.26989   4.26977   4.26949   4.26904   4.26842   4.26765   4.26677   4.26585   4.26501   4.26436   4.26410   4.26440   4.26545   4.26739   4.27033   4.27434   4.27940   4.28547   4.29249   4.30037   4.30904   4.31845   4.32853   4.33925   4.35057   4.36245   4.37487   4.38779   4.40116   4.41496   4.42913   4.44364   4.45846   4.47354   4.48886   4.50437   4.52004   4.53584   4.55173   4.56770   4.58370   4.59972   4.61571   4.63166   4.64755   4.66334   4.67902   4.69457   4.70996   4.72518   4.74022   4.75504   4.76965   4.78402   4.79815   4.81202   4.82563   4.83896   4.85201   4.86478   4.87725   4.88943   4.90131   4.91288   4.92416   4.93512   4.94578   4.95613   4.96618   4.97592   4.98536   4.99449   5.00332   5.01184   5.02007   5.02799   5.03562   5.04294   5.04998   5.05671   5.06316   5.06932   5.07519   5.08077   5.08606   5.09107   5.09580   5.10024   5.10440   5.10827   5.11186   5.11516   5.11818   5.12091   5.12334   5.12549   5.12735   5.12890   5.13016   5.13111   5.13175   5.13208   5.13208   5.13175   5.13108   5.13006   5.12867   5.12690   5.12474   5.12216   5.11916   5.11569   5.11174   5.10727   5.10221   5.09650   5.09005   5.08274   5.07447   5.06518   5.05492   5.04386   5.03237   5.02074   5.00925   4.99790   4.98652   4.97444   4.96064   4.94375   4.92220   4.89462   4.85999   4.81793   4.77274   4.72650   4.69646   4.68018   4.67099   4.66395   4.65175   4.61094   4.46333   3.99123   0.00000
164.3750   1.30000   2.17835   2.47104   2.54501   2.54570   2.50987   2.45964   2.41501   2.39019   2.39019   2.41368   2.45920   2.53003   2.61542   2.69330   2.75402   2.79623   2.82275   2.83890   2.84941   2.85725   2.86427   2.87140   2.87883   2.88642   2.89398   2.90144   2.90884   2.91627   2.92378   2.93142   2.93916   2.94697   2.95481   2.96258   2.97016   2.97746   2.98446   2.99117   2.99768   3.00406   3.01065   3.01771   3.02521   3.03827   3.10942   3.29389   3.55109   3.79790   3.96393   4.05026   4.09459   4.12170   4.14144   4.15752   4.17137   4.18345   4.19389   4.20286   4.21075   4.21798   4.22487   4.23125   4.23692   4.24191   4.24629   4.25011   4.25345   4.25637   4.25891   4.26114   4.26310   4.26483   4.26637   4.26775   4.26898   4.27010   4.27110   4.27201   4.27282   4.27354   4.27416   4.27467   4.27507   4.27535   4.27548   4.27547   4.27529   4.27496   4.27448   4.27389   4.27324   4.27263   4.27218   4.27205   4.27241   4.27345   4.27533   4.27816   4.28201   4.28691   4.29282   4.29967   4.30740   4.31593   4.32519   4.33513   4.34570   4.35686   4.36858   4.38083   4.39358   4.40678   4.42039   4.43439   4.44872   4.46336   4.47826   4.49338   4.50871   4.52419   4.53980   4.55551   4.57128   4.58709   4.60292   4.61872   4.63448   4.65018   4.66578   4.68127   4.69663   4.71183   4.72686   4.74171   4.75635   4.77077   4.78496   4.79890   4.81259   4.82602   4.83918   4.85206   4.86465   4.87695   4.88896   4.90067   4.91208   4.92319   4.93399   4.94449   4.95469   4.96458   4.97417   4.98345   4.99243   5.00111   5.00949   5.01758   5.02536   5.03284   5.04003   5.04693   5.05354   5.05985   5.06587   5.07161   5.07706   5.08223   5.08711   5.09171   5.09602   5.10005   5.10380   5.10726   5.11043   5.11332   5.11592   5.11823   5.12025   5.12197   5.12339   5.12451   5.12532   5.12582   5.12600   5.12585   5.12536   5.12453   5.12334   5.12178   5.11983   5.11748   5.11470   5.11149   5.10781   5.10364   5.09892   5.09362   5.08764   5.08090   5.07327   5.06466   5.05497   5.04430   5.03281   5.02090   5.00887   4.99704   4.98539   4.97373   4.96134   4.94712   4.92959   4.90710   4.87833   4.84233   4.79904   4.75232   4.70641   4.67839   4.66396   4.65647   4.65124   4.64108   4.60192   4.45497   3.98401   0.00000
165.6250   1.30000   2.17706   2.46723   2.53805   2.53334   2.48930   2.42942   2.37600   2.34452   2.34047   2.36184   2.41040   2.48830   2.58403   2.67155   2.73946   2.78613   2.81500   2.83219   2.84309   2.85104   2.85811   2.86530   2.87279   2.88043   2.88803   2.89551   2.90295   2.91045   2.91808   2.92589   2.93385   2.94194   2.95010   2.95825   2.96628   2.97406   2.98147   2.98853   2.99535   3.00186   3.00841   3.01523   3.02248   3.03126   3.06258   3.19318   3.42357   3.68800   3.89858   4.01962   4.07983   4.11332   4.13591   4.15350   4.16837   4.18132   4.19256   4.20219   4.21051   4.21799   4.22504   4.23170   4.23773   4.24304   4.24771   4.25180   4.25539   4.25853   4.26129   4.26372   4.26587   4.26779   4.26951   4.27106   4.27247   4.27376   4.27494   4.27602   4.27701   4.27791   4.27872   4.27944   4.28005   4.28054   4.28091   4.28114   4.28122   4.28116   4.28096   4.28064   4.28027   4.27990   4.27967   4.27969   4.28015   4.28123   4.28308   4.28583   4.28956   4.29432   4.30008   4.30679   4.31438   4.32277   4.33189   4.34169   4.35211   4.36312   4.37469   4.38678   4.39936   4.41239   4.42583   4.43965   4.45380   4.46826   4.48298   4.49792   4.51306   4.52835   4.54377   4.55929   4.57488   4.59050   4.60613   4.62174   4.63731   4.65281   4.66822   4.68352   4.69868   4.71370   4.72854   4.74319   4.75765   4.77188   4.78589   4.79965   4.81316   4.82640   4.83938   4.85208   4.86450   4.87663   4.88846   4.90001   4.91125   4.92219   4.93283   4.94317   4.95320   4.96294   4.97237   4.98150   4.99033   4.99886   5.00709   5.01503   5.02267   5.03002   5.03707   5.04383   5.05029   5.05647   5.06236   5.06797   5.07329   5.07832   5.08307   5.08754   5.09173   5.09563   5.09925   5.10258   5.10563   5.10838   5.11085   5.11303   5.11492   5.11650   5.11779   5.11877   5.11944   5.11979   5.11982   5.11951   5.11887   5.11787   5.11650   5.11476   5.11263   5.11009   5.10711   5.10369   5.09979   5.09539   5.09043   5.08486   5.07861   5.07157   5.06362   5.05465   5.04457   5.03347   5.02153   5.00919   4.99677   4.98458   4.97263   4.96069   4.94798   4.93332   4.91509   4.89160   4.86155   4.82414   4.77961   4.73132   4.68693   4.66089   4.64796   4.64204   4.63863   4.63059   4.59319   4.44711   3.97767   0.00000
166.8750   1.30000   2.17568   2.46327   2.53071   2.52008   2.46712   2.39750   2.33665   2.30059   2.29251   2.30950   2.35835   2.44217   2.54866   2.64722   2.72346   2.77529   2.80685   2.82520   2.83653   2.84460   2.85171   2.85896   2.86652   2.87421   2.88182   2.88931   2.89676   2.90431   2.91203   2.91997   2.92813   2.93647   2.94495   2.95348   2.96195   2.97022   2.97813   2.98561   2.99279   2.99954   3.00619   3.01286   3.01992   3.02756   3.04156   3.11649   3.30429   3.56362   3.81058   3.97477   4.05922   4.10257   4.12926   4.14884   4.16490   4.17877   4.19084   4.20123   4.21011   4.21791   4.22511   4.23199   4.23835   4.24399   4.24896   4.25332   4.25716   4.26054   4.26351   4.26614   4.26849   4.27059   4.27249   4.27421   4.27579   4.27725   4.27860   4.27985   4.28101   4.28209   4.28308   4.28398   4.28479   4.28549   4.28608   4.28654   4.28687   4.28706   4.28712   4.28707   4.28696   4.28684   4.28682   4.28703   4.28762   4.28877   4.29062   4.29333   4.29699   4.30163   4.30726   4.31384   4.32129   4.32955   4.33854   4.34820   4.35848   4.36935   4.38077   4.39270   4.40512   4.41798   4.43125   4.44490   4.45888   4.47316   4.48770   4.50246   4.51741   4.53252   4.54775   4.56308   4.57847   4.59390   4.60934   4.62476   4.64013   4.65544   4.67066   4.68577   4.70074   4.71556   4.73021   4.74468   4.75894   4.77298   4.78680   4.80038   4.81370   4.82677   4.83956   4.85208   4.86432   4.87628   4.88794   4.89931   4.91038   4.92115   4.93163   4.94180   4.95168   4.96125   4.97053   4.97950   4.98818   4.99656   5.00464   5.01243   5.01993   5.02713   5.03404   5.04066   5.04699   5.05303   5.05879   5.06426   5.06944   5.07434   5.07896   5.08330   5.08736   5.09113   5.09461   5.09782   5.10073   5.10336   5.10570   5.10774   5.10949   5.11094   5.11209   5.11292   5.11345   5.11365   5.11353   5.11306   5.11226   5.11109   5.10955   5.10763   5.10531   5.10257   5.09939   5.09575   5.09162   5.08698   5.08177   5.07594   5.06941   5.06207   5.05378   5.04445   5.03397   5.02242   5.01004   4.99724   4.98442   4.97188   4.95962   4.94739   4.93435   4.91921   4.90024   4.87566   4.84424   4.80537   4.75962   4.71033   4.66800   4.64361   4.63198   4.62771   4.62614   4.62027   4.58475   4.43977   3.97219   0.00000
168.1250   1.30000   2.17421   2.45914   2.52296   2.50582   2.44348   2.36569   2.30340   2.27067   2.26014   2.26724   2.30727   2.39228   2.50894   2.61993   2.70581   2.76362   2.79827   2.81792   2.82973   2.83792   2.84508   2.85240   2.86003   2.86776   2.87537   2.88284   2.89028   2.89784   2.90561   2.91366   2.92199   2.93057   2.93936   2.94825   2.95714   2.96590   2.97436   2.98236   2.98993   2.99703   3.00388   3.01060   3.01743   3.02479   3.03398   3.06787   3.20257   3.43554   3.70106   3.91052   4.02943   4.08821   4.12106   4.14338   4.16090   4.17577   4.18873   4.19993   4.20947   4.21769   4.22511   4.23214   4.23879   4.24477   4.25004   4.25469   4.25878   4.26239   4.26558   4.26842   4.27095   4.27324   4.27531   4.27721   4.27895   4.28057   4.28209   4.28350   4.28483   4.28608   4.28725   4.28833   4.28933   4.29023   4.29102   4.29170   4.29225   4.29268   4.29299   4.29320   4.29334   4.29347   4.29368   4.29408   4.29482   4.29607   4.29797   4.30066   4.30427   4.30882   4.31435   4.32080   4.32813   4.33626   4.34513   4.35466   4.36481   4.37554   4.38682   4.39860   4.41086   4.42356   4.43667   4.45014   4.46395   4.47805   4.49241   4.50699   4.52176   4.53668   4.55173   4.56687   4.58207   4.59731   4.61255   4.62778   4.64296   4.65807   4.67310   4.68801   4.70279   4.71741   4.73187   4.74614   4.76022   4.77407   4.78770   4.80109   4.81423   4.82711   4.83972   4.85206   4.86412   4.87589   4.88738   4.89858   4.90948   4.92008   4.93039   4.94040   4.95011   4.95952   4.96863   4.97745   4.98597   4.99420   5.00213   5.00977   5.01712   5.02418   5.03095   5.03743   5.04362   5.04952   5.05514   5.06047   5.06552   5.07029   5.07478   5.07898   5.08291   5.08654   5.08990   5.09297   5.09575   5.09825   5.10045   5.10236   5.10397   5.10528   5.10629   5.10698   5.10736   5.10741   5.10713   5.10650   5.10553   5.10419   5.10248   5.10037   5.09785   5.09491   5.09152   5.08766   5.08330   5.07842   5.07295   5.06685   5.06003   5.05238   5.04376   5.03406   5.02315   5.01115   4.99830   4.98506   4.97181   4.95892   4.94634   4.93382   4.92043   4.90478   4.88500   4.85925   4.82636   4.78598   4.73906   4.68955   4.64897   4.62599   4.61612   4.61363   4.61383   4.61011   4.57660   4.43295   3.96752   0.00000
169.3750   1.30000   2.17265   2.45483   2.51472   2.49049   2.41888   2.33733   2.28392   2.26349   2.25245   2.24550   2.26528   2.34073   2.46465   2.58928   2.68633   2.75103   2.78921   2.81033   2.82268   2.83101   2.83822   2.84562   2.85333   2.86109   2.86869   2.87612   2.88352   2.89106   2.89886   2.90699   2.91545   2.92424   2.93329   2.94254   2.95185   2.96109   2.97010   2.97868   2.98676   2.99428   3.00140   3.00831   3.01506   3.02224   3.03018   3.04530   3.12456   3.31556   3.57661   3.82343   3.98566   4.06821   4.11057   4.13684   4.15627   4.17231   4.18619   4.19824   4.20855   4.21731   4.22503   4.23219   4.23905   4.24537   4.25096   4.25589   4.26024   4.26409   4.26750   4.27054   4.27327   4.27574   4.27798   4.28005   4.28196   4.28374   4.28542   4.28700   4.28849   4.28990   4.29124   4.29250   4.29367   4.29476   4.29574   4.29663   4.29740   4.29805   4.29859   4.29904   4.29943   4.29980   4.30024   4.30085   4.30176   4.30313   4.30510   4.30782   4.31139   4.31589   4.32132   4.32768   4.33489   4.34291   4.35165   4.36107   4.37110   4.38169   4.39283   4.40446   4.41657   4.42912   4.44206   4.45537   4.46901   4.48294   4.49712   4.51152   4.52610   4.54084   4.55570   4.57065   4.58566   4.60071   4.61576   4.63079   4.64578   4.66070   4.67552   4.69024   4.70482   4.71926   4.73352   4.74760   4.76148   4.77514   4.78858   4.80178   4.81473   4.82742   4.83985   4.85200   4.86388   4.87548   4.88679   4.89780   4.90853   4.91896   4.92910   4.93894   4.94849   4.95774   4.96669   4.97535   4.98371   4.99178   4.99956   5.00705   5.01425   5.02117   5.02779   5.03413   5.04018   5.04594   5.05142   5.05662   5.06153   5.06616   5.07051   5.07458   5.07837   5.08188   5.08510   5.08804   5.09069   5.09305   5.09511   5.09688   5.09836   5.09952   5.10038   5.10093   5.10116   5.10105   5.10062   5.09983   5.09869   5.09717   5.09527   5.09298   5.09026   5.08711   5.08351   5.07942   5.07483   5.06969   5.06396   5.05759   5.05047   5.04250   5.03354   5.02345   5.01212   4.99965   4.98634   4.97262   4.95896   4.94569   4.93280   4.91997   4.90622   4.89003   4.86936   4.84232   4.80786   4.76590   4.71791   4.66876   4.62933   4.60832   4.60099   4.59997   4.60162   4.60001   4.56869   4.42664   3.96361   0.00000
170.6250   1.30000   2.17101   2.45031   2.50594   2.47409   2.39453   2.31626   2.28091   2.27545   2.26416   2.24327   2.23946   2.29199   2.41596   2.55482   2.66477   2.73742   2.77966   2.80244   2.81537   2.82386   2.83113   2.83863   2.84643   2.85423   2.86180   2.86918   2.87651   2.88401   2.89179   2.89995   2.90851   2.91746   2.92676   2.93633   2.94604   2.95576   2.96531   2.97451   2.98319   2.99122   2.99872   3.00587   3.01278   3.01975   3.02741   3.03696   3.07407   3.21308   3.44817   3.71441   3.92258   4.03927   4.09662   4.12881   4.15087   4.16833   4.18321   4.19615   4.20728   4.21671   4.22483   4.23218   4.23918   4.24579   4.25172   4.25694   4.26156   4.26564   4.26928   4.27252   4.27544   4.27809   4.28051   4.28274   4.28482   4.28676   4.28860   4.29033   4.29198   4.29356   4.29506   4.29649   4.29783   4.29910   4.30027   4.30135   4.30232   4.30319   4.30395   4.30463   4.30525   4.30586   4.30653   4.30735   4.30844   4.30995   4.31202   4.31479   4.31836   4.32282   4.32819   4.33446   4.34157   4.34948   4.35812   4.36742   4.37732   4.38780   4.39880   4.41029   4.42225   4.43464   4.44743   4.46058   4.47405   4.48780   4.50181   4.51603   4.53043   4.54499   4.55966   4.57442   4.58924   4.60410   4.61896   4.63379   4.64858   4.66331   4.67794   4.69246   4.70684   4.72108   4.73515   4.74903   4.76271   4.77618   4.78943   4.80243   4.81520   4.82770   4.83994   4.85191   4.86361   4.87502   4.88615   4.89699   4.90754   4.91780   4.92777   4.93744   4.94682   4.95590   4.96469   4.97319   4.98139   4.98931   4.99693   5.00427   5.01132   5.01808   5.02456   5.03075   5.03666   5.04228   5.04762   5.05268   5.05746   5.06195   5.06617   5.07010   5.07375   5.07712   5.08021   5.08301   5.08552   5.08775   5.08968   5.09131   5.09264   5.09367   5.09438   5.09478   5.09485   5.09459   5.09399   5.09304   5.09172   5.09003   5.08794   5.08545   5.08253   5.07917   5.07535   5.07103   5.06619   5.06080   5.05480   5.04814   5.04073   5.03243   5.02311   5.01263   5.00087   4.98793   4.97412   4.95993   4.94584   4.93220   4.91897   4.90585   4.89171   4.87493   4.85329   4.82485   4.78867   4.74509   4.69616   4.64792   4.61011   4.59258   4.58699   4.58643   4.58928   4.58981   4.56096   4.42080   3.96041   0.00000
171.8750   1.30000   2.16927   2.44557   2.49655   2.45684   2.37213   2.30491   2.29179   2.29912   2.28778   2.25618   2.23016   2.25198   2.36403   2.51607   2.64090   2.72267   2.76957   2.79422   2.80781   2.81646   2.82380   2.83143   2.83934   2.84718   2.85473   2.86202   2.86927   2.87668   2.88442   2.89257   2.90119   2.91026   2.91976   2.92962   2.93971   2.94988   2.95997   2.96978   2.97911   2.98776   2.99575   3.00322   3.01040   3.01737   3.02482   3.03300   3.04971   3.13390   3.32775   3.59004   3.83649   3.99662   4.07722   4.11860   4.14445   4.16374   4.17975   4.19363   4.20564   4.21584   4.22448   4.23210   4.23922   4.24605   4.25230   4.25783   4.26272   4.26705   4.27091   4.27436   4.27748   4.28031   4.28290   4.28530   4.28754   4.28964   4.29163   4.29352   4.29533   4.29706   4.29872   4.30031   4.30182   4.30326   4.30461   4.30587   4.30704   4.30811   4.30909   4.30999   4.31084   4.31168   4.31257   4.31360   4.31488   4.31655   4.31873   4.32157   4.32517   4.32962   4.33494   4.34113   4.34816   4.35598   4.36451   4.37370   4.38349   4.39385   4.40472   4.41608   4.42790   4.44014   4.45277   4.46575   4.47906   4.49265   4.50648   4.52052   4.53475   4.54912   4.56361   4.57818   4.59281   4.60747   4.62213   4.63678   4.65137   4.66590   4.68033   4.69465   4.70884   4.72288   4.73675   4.75043   4.76392   4.77720   4.79025   4.80306   4.81563   4.82795   4.84000   4.85178   4.86329   4.87452   4.88547   4.89613   4.90650   4.91659   4.92638   4.93588   4.94509   4.95401   4.96263   4.97097   4.97901   4.98677   4.99424   5.00142   5.00832   5.01493   5.02126   5.02731   5.03307   5.03855   5.04375   5.04867   5.05331   5.05766   5.06174   5.06553   5.06905   5.07228   5.07523   5.07789   5.08027   5.08235   5.08414   5.08563   5.08682   5.08770   5.08827   5.08851   5.08843   5.08801   5.08724   5.08612   5.08463   5.08275   5.08048   5.07779   5.07466   5.07109   5.06703   5.06248   5.05739   5.05174   5.04547   5.03852   5.03079   5.02216   5.01248   5.00160   4.98939   4.97596   4.96166   4.94699   4.93245   4.91843   4.90487   4.89142   4.87687   4.85946   4.83675   4.80677   4.76874   4.72348   4.67387   4.62742   4.59397   4.58008   4.57311   4.57232   4.57648   4.57934   4.55330   4.41541   3.95785   0.00000
173.1250   1.30000   2.16744   2.44056   2.48651   2.43920   2.35343   2.30356   2.31196   2.32835   2.31718   2.27825   2.23228   2.22504   2.31168   2.47263   2.61443   2.70668   2.75890   2.78566   2.79998   2.80882   2.81625   2.82402   2.83207   2.83996   2.84747   2.85468   2.86182   2.86912   2.87677   2.88487   2.89349   2.90264   2.91230   2.92241   2.93284   2.94345   2.95405   2.96446   2.97446   2.98381   2.99240   3.00033   3.00782   3.01501   3.02225   3.03019   3.04041   3.08153   3.22479   3.46142   3.72810   3.93477   4.04916   4.10506   4.13660   4.15841   4.17579   4.19067   4.20359   4.21463   4.22392   4.23192   4.23920   4.24617   4.25272   4.25857   4.26374   4.26832   4.27241   4.27607   4.27938   4.28239   4.28515   4.28772   4.29012   4.29238   4.29452   4.29657   4.29853   4.30042   4.30223   4.30398   4.30566   4.30726   4.30878   4.31022   4.31157   4.31284   4.31402   4.31513   4.31620   4.31726   4.31837   4.31961   4.32109   4.32292   4.32524   4.32817   4.33182   4.33627   4.34156   4.34770   4.35466   4.36239   4.37083   4.37992   4.38960   4.39984   4.41059   4.42182   4.43350   4.44559   4.45807   4.47090   4.48404   4.49746   4.51112   4.52499   4.53904   4.55323   4.56753   4.58191   4.59635   4.61082   4.62529   4.63974   4.65414   4.66846   4.68270   4.69682   4.71081   4.72465   4.73832   4.75181   4.76510   4.77818   4.79103   4.80365   4.81603   4.82815   4.84001   4.85161   4.86293   4.87398   4.88474   4.89522   4.90542   4.91532   4.92494   4.93427   4.94330   4.95205   4.96051   4.96868   4.97657   4.98416   4.99148   4.99850   5.00525   5.01171   5.01789   5.02379   5.02940   5.03474   5.03980   5.04457   5.04907   5.05328   5.05722   5.06088   5.06425   5.06735   5.07016   5.07268   5.07492   5.07686   5.07851   5.07985   5.08090   5.08163   5.08204   5.08213   5.08189   5.08131   5.08038   5.07908   5.07741   5.07535   5.07288   5.06998   5.06665   5.06285   5.05856   5.05377   5.04842   5.04250   5.03595   5.02870   5.02065   5.01169   5.00163   4.99035   4.97768   4.96375   4.94894   4.93378   4.91879   4.90438   4.89048   4.87670   4.86171   4.84360   4.81972   4.78803   4.74800   4.70103   4.65115   4.60774   4.58182   4.56691   4.55770   4.55729   4.56312   4.56853   4.54563   4.41040   3.95591   0.00000
174.3750   1.30000   2.16551   2.43528   2.47587   2.42182   2.33971   2.31088   2.33700   2.35867   2.34801   2.30548   2.24641   2.21144   2.26339   2.42444   2.58501   2.68933   2.74760   2.77676   2.79189   2.80094   2.80846   2.81641   2.82463   2.83258   2.84007   2.84718   2.85418   2.86134   2.86887   2.87688   2.88546   2.89463   2.90440   2.91470   2.92543   2.93644   2.94754   2.95853   2.96919   2.97927   2.98860   2.99712   3.00503   3.01253   3.01978   3.02754   3.03625   3.05514   3.14471   3.34079   3.60393   3.84978   4.00766   4.08628   4.12667   4.15210   4.17124   4.18723   4.20110   4.21304   4.22311   4.23160   4.23913   4.24620   4.25298   4.25915   4.26461   4.26945   4.27377   4.27765   4.28115   4.28434   4.28728   4.29001   4.29257   4.29498   4.29728   4.29948   4.30159   4.30363   4.30560   4.30750   4.30934   4.31110   4.31279   4.31440   4.31593   4.31738   4.31876   4.32007   4.32135   4.32262   4.32395   4.32540   4.32708   4.32908   4.33154   4.33458   4.33829   4.34277   4.34806   4.35416   4.36106   4.36871   4.37706   4.38606   4.39564   4.40577   4.41640   4.42751   4.43905   4.45101   4.46334   4.47601   4.48899   4.50225   4.51574   4.52943   4.54330   4.55731   4.57142   4.58562   4.59987   4.61415   4.62842   4.64267   4.65687   4.67100   4.68504   4.69896   4.71275   4.72639   4.73986   4.75315   4.76624   4.77912   4.79178   4.80420   4.81638   4.82831   4.83998   4.85139   4.86252   4.87338   4.88396   4.89426   4.90427   4.91400   4.92344   4.93259   4.94146   4.95004   4.95833   4.96633   4.97405   4.98149   4.98864   4.99551   5.00210   5.00841   5.01444   5.02019   5.02566   5.03085   5.03576   5.04039   5.04474   5.04882   5.05261   5.05613   5.05936   5.06232   5.06499   5.06737   5.06946   5.07126   5.07277   5.07397   5.07486   5.07544   5.07570   5.07564   5.07523   5.07449   5.07338   5.07191   5.07006   5.06780   5.06513   5.06203   5.05848   5.05446   5.04993   5.04489   5.03928   5.03308   5.02624   5.01869   5.01032   5.00100   4.99057   4.97887   4.96574   4.95129   4.93596   4.92030   4.90484   4.89004   4.87579   4.86167   4.84620   4.82734   4.80215   4.76858   4.72636   4.67769   4.62802   4.58874   4.56972   4.54927   4.54075   4.54172   4.54940   4.55745   4.53792   4.40571   3.95456   0.00000
175.6250   1.30000   2.16347   2.42967   2.46471   2.40543   2.33156   2.32442   2.36358   2.38756   2.37761   2.33396   2.26721   2.20946   2.22403   2.37225   2.55225   2.67051   2.73562   2.76749   2.78353   2.79281   2.80044   2.80860   2.81702   2.82506   2.83251   2.83952   2.84638   2.85338   2.86075   2.86863   2.87711   2.88626   2.89607   2.90651   2.91749   2.92886   2.94043   2.95198   2.96329   2.97410   2.98422   2.99349   3.00196   3.00982   3.01733   3.02490   3.03330   3.04456   3.09056   3.23764   3.47528   3.74212   3.94712   4.05910   4.11354   4.14443   4.16598   4.18330   4.19816   4.21104   4.22197   4.23110   4.23897   4.24618   4.25310   4.25957   4.26533   4.27044   4.27500   4.27909   4.28279   4.28617   4.28928   4.29217   4.29489   4.29746   4.29991   4.30226   4.30452   4.30671   4.30883   4.31088   4.31287   4.31479   4.31664   4.31842   4.32012   4.32175   4.32331   4.32482   4.32630   4.32778   4.32932   4.33098   4.33285   4.33504   4.33765   4.34081   4.34461   4.34913   4.35442   4.36050   4.36736   4.37494   4.38322   4.39212   4.40161   4.41163   4.42215   4.43314   4.44455   4.45637   4.46856   4.48108   4.49390   4.50699   4.52031   4.53384   4.54753   4.56135   4.57529   4.58930   4.60336   4.61744   4.63152   4.64557   4.65958   4.67351   4.68734   4.70106   4.71465   4.72809   4.74136   4.75445   4.76734   4.78002   4.79248   4.80470   4.81669   4.82842   4.83990   4.85111   4.86206   4.87273   4.88312   4.89323   4.90307   4.91261   4.92188   4.93085   4.93955   4.94795   4.95608   4.96391   4.97147   4.97874   4.98573   4.99244   4.99888   5.00503   5.01090   5.01650   5.02182   5.02687   5.03163   5.03612   5.04033   5.04426   5.04791   5.05129   5.05438   5.05719   5.05972   5.06196   5.06390   5.06556   5.06692   5.06797   5.06871   5.06914   5.06925   5.06902   5.06846   5.06754   5.06626   5.06461   5.06257   5.06012   5.05724   5.05393   5.05016   5.04590   5.04114   5.03583   5.02996   5.02348   5.01634   5.00847   4.99977   4.99010   4.97928   4.96716   4.95355   4.93858   4.92272   4.90654   4.89062   4.87540   4.86079   4.84632   4.83034   4.81065   4.78400   4.74834   4.70374   4.65335   4.60426   4.56909   4.55383   4.53004   4.52338   4.52599   4.53551   4.54618   4.53014   4.40128   3.95379   0.00000
176.8750   1.30000   2.16132   2.42373   2.45321   2.39071   2.32885   2.34199   2.38972   2.41415   2.40472   2.36131   2.29077   2.21563   2.19663   2.31816   2.51572   2.65008   2.72292   2.75784   2.77490   2.78443   2.79219   2.80060   2.80925   2.81739   2.82483   2.83173   2.83843   2.84525   2.85243   2.86014   2.86849   2.87754   2.88734   2.89786   2.90903   2.92070   2.93269   2.94478   2.95671   2.96826   2.97918   2.98929   2.99848   3.00683   3.01470   3.02236   3.03052   3.03995   3.06184   3.15708   3.35462   3.61828   3.86332   4.01880   4.09537   4.13476   4.15978   4.17879   4.19475   4.20858   4.22044   4.23035   4.23869   4.24610   4.25313   4.25984   4.26591   4.27130   4.27610   4.28041   4.28431   4.28787   4.29116   4.29422   4.29709   4.29981   4.30242   4.30491   4.30733   4.30966   4.31193   4.31413   4.31627   4.31835   4.32035   4.32229   4.32416   4.32596   4.32771   4.32940   4.33108   4.33276   4.33450   4.33636   4.33843   4.34080   4.34357   4.34686   4.35075   4.35533   4.36065   4.36672   4.37354   4.38108   4.38928   4.39810   4.40750   4.41743   4.42784   4.43870   4.45000   4.46168   4.47372   4.48610   4.49876   4.51169   4.52485   4.53820   4.55171   4.56536   4.57911   4.59293   4.60680   4.62069   4.63458   4.64844   4.66224   4.67597   4.68961   4.70313   4.71651   4.72975   4.74282   4.75570   4.76839   4.78087   4.79313   4.80516   4.81694   4.82848   4.83976   4.85078   4.86154   4.87202   4.88222   4.89215   4.90180   4.91116   4.92025   4.92905   4.93756   4.94580   4.95375   4.96142   4.96881   4.97592   4.98275   4.98930   4.99557   5.00157   5.00729   5.01273   5.01790   5.02280   5.02742   5.03176   5.03582   5.03961   5.04312   5.04635   5.04929   5.05196   5.05434   5.05644   5.05824   5.05975   5.06096   5.06186   5.06245   5.06273   5.06267   5.06228   5.06155   5.06046   5.05901   5.05717   5.05494   5.05229   5.04921   5.04568   5.04168   5.03718   5.03217   5.02661   5.02046   5.01369   5.00624   4.99806   4.98902   4.97898   4.96777   4.95520   4.94111   4.92561   4.90920   4.89250   4.87610   4.86047   4.84548   4.83064   4.81409   4.79350   4.76522   4.72723   4.68001   4.62784   4.57940   4.54738   4.53309   4.51071   4.50586   4.51012   4.52149   4.53476   4.52228   4.39705   3.95355   0.00000
178.1250   1.30000   2.15904   2.41744   2.44159   2.37820   2.33104   2.36174   2.41447   2.43842   2.42905   2.38642   2.31487   2.22919   2.18092   2.26566   2.47513   2.62787   2.70941   2.74779   2.76598   2.77580   2.78371   2.79240   2.80133   2.80960   2.81703   2.82382   2.83036   2.83697   2.84394   2.85144   2.85961   2.86853   2.87825   2.88878   2.90007   2.91198   2.92435   2.93692   2.94946   2.96171   2.97344   2.98443   2.99446   3.00347   3.01177   3.01976   3.02777   3.03673   3.04955   3.10148   3.25149   3.48971   3.75650   3.95965   4.06910   4.12204   4.15229   4.17359   4.19084   4.20568   4.21848   4.22927   4.23823   4.24597   4.25310   4.25996   4.26634   4.27201   4.27707   4.28160   4.28571   4.28945   4.29291   4.29614   4.29917   4.30205   4.30480   4.30745   4.31001   4.31249   4.31490   4.31725   4.31954   4.32176   4.32393   4.32602   4.32805   4.33003   4.33194   4.33382   4.33568   4.33756   4.33950   4.34156   4.34382   4.34637   4.34931   4.35273   4.35673   4.36138   4.36674   4.37282   4.37962   4.38711   4.39525   4.40400   4.41331   4.42314   4.43345   4.44421   4.45538   4.46693   4.47883   4.49106   4.50358   4.51635   4.52934   4.54252   4.55586   4.56932   4.58289   4.59653   4.61021   4.62391   4.63760   4.65126   4.66486   4.67839   4.69183   4.70514   4.71833   4.73136   4.74422   4.75691   4.76939   4.78167   4.79373   4.80555   4.81714   4.82848   4.83957   4.85039   4.86095   4.87124   4.88126   4.89100   4.90046   4.90964   4.91855   4.92717   4.93551   4.94357   4.95135   4.95885   4.96607   4.97301   4.97968   4.98607   4.99218   4.99802   5.00358   5.00888   5.01389   5.01864   5.02311   5.02730   5.03122   5.03486   5.03822   5.04130   5.04411   5.04663   5.04886   5.05081   5.05247   5.05383   5.05488   5.05564   5.05607   5.05619   5.05597   5.05542   5.05452   5.05325   5.05162   5.04959   5.04716   5.04431   5.04102   5.03726   5.03303   5.02829   5.02303   5.01719   5.01076   5.00370   4.99594   4.98743   4.97804   4.96763   4.95601   4.94301   4.92842   4.91238   4.89541   4.87817   4.86128   4.84522   4.82986   4.81462   4.79747   4.77587   4.74576   4.70514   4.65502   4.60089   4.55284   4.52299   4.50943   4.49072   4.48816   4.49414   4.50737   4.52323   4.51433   4.39297   3.95379   0.00000
179.3750   1.30000   2.15663   2.41081   2.43008   2.36827   2.33769   2.38230   2.43746   2.46042   2.45092   2.40906   2.33775   2.24668   2.17603   2.21917   2.43070   2.60369   2.69504   2.73733   2.75679   2.76693   2.77500   2.78402   2.79327   2.80170   2.80913   2.81582   2.82218   2.82858   2.83531   2.84257   2.85051   2.85924   2.86883   2.87931   2.89064   2.90273   2.91540   2.92841   2.94151   2.95444   2.96695   2.97882   2.98980   2.99967   3.00854   3.01694   3.02505   3.03373   3.04402   3.07022   3.17074   3.36908   3.63308   3.87717   4.03005   4.10450   4.14289   4.16750   4.18637   4.20229   4.21608   4.22782   4.23755   4.24572   4.25303   4.25999   4.26662   4.27259   4.27790   4.28267   4.28698   4.29092   4.29456   4.29794   4.30114   4.30417   4.30707   4.30986   4.31257   4.31519   4.31775   4.32025   4.32268   4.32505   4.32737   4.32962   4.33181   4.33394   4.33603   4.33808   4.34013   4.34219   4.34433   4.34658   4.34904   4.35177   4.35487   4.35844   4.36255   4.36729   4.37269   4.37879   4.38557   4.39303   4.40112   4.40981   4.41904   4.42878   4.43899   4.44964   4.46069   4.47211   4.48389   4.49597   4.50833   4.52095   4.53377   4.54679   4.55995   4.57324   4.58662   4.60007   4.61356   4.62707   4.64057   4.65403   4.66743   4.68076   4.69399   4.70711   4.72009   4.73292   4.74558   4.75805   4.77034   4.78241   4.79427   4.80589   4.81728   4.82842   4.83931   4.84994   4.86030   4.87040   4.88023   4.88978   4.89905   4.90805   4.91677   4.92521   4.93338   4.94126   4.94887   4.95619   4.96325   4.97002   4.97652   4.98275   4.98870   4.99438   4.99979   5.00493   5.00979   5.01438   5.01870   5.02274   5.02651   5.03000   5.03322   5.03616   5.03881   5.04119   5.04327   5.04507   5.04658   5.04779   5.04869   5.04929   5.04957   5.04953   5.04915   5.04843   5.04735   5.04591   5.04409   5.04187   5.03924   5.03618   5.03267   5.02869   5.02422   5.01923   5.01370   5.00760   5.00088   4.99351   4.98543   4.97658   4.96684   4.95605   4.94402   4.93056   4.91546   4.89889   4.88134   4.86355   4.84616   4.82967   4.81390   4.79825   4.78047   4.75771   4.72553   4.68197   4.62858   4.57218   4.52406   4.49593   4.48401   4.47040   4.47053   4.47818   4.49319   4.51160   4.50629   4.38897   3.95445   0.00000
180.6250   1.30000   2.15408   2.40387   2.41893   2.36099   2.34691   2.40272   2.45862   2.48047   2.47079   2.42952   2.35871   2.26483   2.17849   2.18278   2.38371   2.57734   2.67973   2.72645   2.74731   2.75782   2.76608   2.77547   2.78507   2.79368   2.80113   2.80773   2.81392   2.82010   2.82657   2.83355   2.84123   2.84971   2.85911   2.86947   2.88079   2.89297   2.90587   2.91925   2.93286   2.94643   2.95969   2.97243   2.98438   2.99525   3.00494   3.01382   3.02227   3.03079   3.04037   3.05571   3.11400   3.26606   3.50460   3.77132   3.97237   4.07915   4.13058   4.16018   4.18124   4.19842   4.21321   4.22593   4.23655   4.24532   4.25291   4.25997   4.26676   4.27303   4.27861   4.28361   4.28814   4.29227   4.29608   4.29964   4.30299   4.30617   4.30922   4.31216   4.31501   4.31778   4.32048   4.32312   4.32570   4.32822   4.33068   4.33309   4.33543   4.33773   4.33998   4.34220   4.34442   4.34667   4.34899   4.35144   4.35408   4.35700   4.36027   4.36398   4.36821   4.37304   4.37850   4.38462   4.39141   4.39884   4.40689   4.41552   4.42468   4.43433   4.44445   4.45499   4.46593   4.47723   4.48887   4.50081   4.51303   4.52549   4.53815   4.55100   4.56399   4.57710   4.59030   4.60356   4.61687   4.63018   4.64348   4.65674   4.66995   4.68308   4.69611   4.70902   4.72179   4.73442   4.74687   4.75914   4.77122   4.78309   4.79474   4.80616   4.81735   4.82829   4.83898   4.84941   4.85958   4.86948   4.87912   4.88848   4.89757   4.90638   4.91492   4.92318   4.93116   4.93887   4.94630   4.95346   4.96034   4.96695   4.97328   4.97934   4.98513   4.99065   4.99590   5.00088   5.00559   5.01003   5.01419   5.01808   5.02170   5.02505   5.02811   5.03090   5.03341   5.03564   5.03757   5.03922   5.04058   5.04163   5.04238   5.04282   5.04294   5.04273   5.04219   5.04130   5.04005   5.03842   5.03641   5.03400   5.03117   5.02789   5.02416   5.01995   5.01523   5.00999   5.00420   4.99781   4.99079   4.98311   4.97471   4.96552   4.95541   4.94423   4.93178   4.91785   4.90225   4.88513   4.86698   4.84862   4.83074   4.81379   4.79761   4.78152   4.76310   4.73898   4.70447   4.65758   4.60045   4.54132   4.49266   4.46626   4.45748   4.45024   4.45317   4.46233   4.47898   4.49988   4.49815   4.38499   3.95546   0.00000
181.8750   1.30000   2.15139   2.39668   2.40836   2.35626   2.35794   2.42243   2.47807   2.49889   2.48905   2.44820   2.37773   2.28223   2.18517   2.15835   2.33640   2.54854   2.66341   2.71513   2.73756   2.74848   2.75694   2.76674   2.77674   2.78556   2.79306   2.79958   2.80559   2.81153   2.81772   2.82441   2.83179   2.83999   2.84914   2.85932   2.87054   2.88275   2.89580   2.90947   2.92352   2.93767   2.95165   2.96522   2.97812   2.99005   3.00077   3.01035   3.01925   3.02788   3.03720   3.04882   3.08016   3.18525   3.38397   3.64838   3.89134   4.04137   4.11365   4.15104   4.17526   4.19399   4.20986   4.22358   4.23517   4.24470   4.25270   4.25991   4.26679   4.27332   4.27919   4.28444   4.28918   4.29350   4.29750   4.30122   4.30473   4.30806   4.31126   4.31435   4.31734   4.32026   4.32310   4.32588   4.32861   4.33127   4.33388   4.33643   4.33893   4.34138   4.34379   4.34618   4.34858   4.35101   4.35351   4.35614   4.35897   4.36206   4.36550   4.36936   4.37372   4.37864   4.38417   4.39033   4.39713   4.40454   4.41255   4.42113   4.43022   4.43980   4.44982   4.46026   4.47109   4.48227   4.49378   4.50559   4.51766   4.52996   4.54247   4.55514   4.56796   4.58090   4.59392   4.60700   4.62011   4.63323   4.64633   4.65940   4.67241   4.68533   4.69816   4.71086   4.72343   4.73585   4.74810   4.76016   4.77204   4.78370   4.79515   4.80637   4.81735   4.82809   4.83858   4.84881   4.85878   4.86849   4.87793   4.88710   4.89600   4.90463   4.91298   4.92106   4.92886   4.93639   4.94365   4.95063   4.95734   4.96378   4.96994   4.97584   4.98147   4.98683   4.99191   4.99673   5.00129   5.00557   5.00958   5.01332   5.01679   5.01998   5.02290   5.02554   5.02789   5.02997   5.03176   5.03325   5.03445   5.03535   5.03595   5.03623   5.03619   5.03581   5.03510   5.03403   5.03260   5.03079   5.02859   5.02598   5.02294   5.01945   5.01548   5.01103   5.00607   5.00057   4.99450   4.98782   4.98051   4.97251   4.96377   4.95422   4.94374   4.93216   4.91929   4.90489   4.88876   4.87108   4.85233   4.83340   4.81501   4.79758   4.78097   4.76442   4.74532   4.71963   4.68248   4.63180   4.57035   4.50794   4.45836   4.43406   4.43048   4.43072   4.43619   4.44664   4.46477   4.48806   4.48988   4.38098   3.95675   0.00000
183.1250   1.30000   2.14855   2.38928   2.39856   2.35387   2.37024   2.44114   2.49596   2.51587   2.50595   2.46542   2.39503   2.29835   2.19442   2.14409   2.29081   2.51684   2.64597   2.70336   2.72752   2.73891   2.74760   2.75784   2.76828   2.77733   2.78490   2.79136   2.79721   2.80290   2.80881   2.81518   2.82222   2.83009   2.83895   2.84888   2.85994   2.87209   2.88521   2.89910   2.91351   2.92817   2.94280   2.95716   2.97099   2.98397   2.99582   3.00637   3.01586   3.02488   3.03408   3.04448   3.06303   3.12751   3.28098   3.51996   3.78658   3.98526   4.08921   4.13913   4.16810   4.18892   4.20602   4.22075   4.23335   4.24378   4.25235   4.25980   4.26677   4.27348   4.27964   4.28514   4.29010   4.29463   4.29880   4.30269   4.30636   4.30985   4.31319   4.31642   4.31956   4.32262   4.32561   4.32853   4.33140   4.33420   4.33696   4.33966   4.34230   4.34491   4.34748   4.35003   4.35260   4.35520   4.35788   4.36069   4.36370   4.36697   4.37057   4.37458   4.37907   4.38410   4.38970   4.39590   4.40272   4.41013   4.41811   4.42663   4.43566   4.44517   4.45511   4.46545   4.47617   4.48723   4.49862   4.51029   4.52221   4.53436   4.54671   4.55922   4.57187   4.58463   4.59747   4.61036   4.62328   4.63621   4.64912   4.66199   4.67480   4.68752   4.70014   4.71264   4.72501   4.73722   4.74926   4.76112   4.77278   4.78424   4.79548   4.80649   4.81727   4.82781   4.83810   4.84813   4.85791   4.86742   4.87667   4.88564   4.89435   4.90279   4.91096   4.91885   4.92647   4.93382   4.94090   4.94771   4.95425   4.96051   4.96651   4.97224   4.97770   4.98290   4.98783   4.99249   4.99688   5.00101   5.00486   5.00845   5.01176   5.01481   5.01757   5.02006   5.02226   5.02418   5.02582   5.02716   5.02821   5.02895   5.02938   5.02950   5.02930   5.02875   5.02787   5.02662   5.02501   5.02301   5.02062   5.01780   5.01454   5.01083   5.00664   5.00195   4.99673   4.99096   4.98461   4.97764   4.97001   4.96168   4.95260   4.94269   4.93183   4.91985   4.90653   4.89166   4.87500   4.85675   4.83738   4.81788   4.79896   4.78105   4.76398   4.74692   4.72706   4.69962   4.65949   4.60445   4.53796   4.47167   4.42092   4.39947   4.40376   4.41258   4.41976   4.43113   4.45055   4.47615   4.48148   4.37688   3.95826   0.00000
184.3750   1.30000   2.14555   2.38175   2.38965   2.35356   2.38327   2.45871   2.51240   2.53154   2.52163   2.48138   2.41090   2.31302   2.20476   2.13733   2.24810   2.48173   2.62726   2.69112   2.71722   2.72913   2.73808   2.74878   2.75969   2.76902   2.77667   2.78309   2.78878   2.79423   2.79983   2.80586   2.81255   2.82006   2.82857   2.83820   2.84903   2.86105   2.87416   2.88818   2.90286   2.91794   2.93316   2.94826   2.96296   2.97697   2.98997   3.00169   3.01205   3.02156   3.03089   3.04087   3.05437   3.09129   3.20009   3.39918   3.66420   3.90580   4.05273   4.12280   4.15922   4.18304   4.20164   4.21745   4.23106   4.24247   4.25179   4.25962   4.26672   4.27353   4.27995   4.28571   4.29091   4.29564   4.30000   4.30406   4.30789   4.31153   4.31502   4.31840   4.32168   4.32488   4.32800   4.33107   4.33408   4.33703   4.33992   4.34276   4.34556   4.34832   4.35104   4.35376   4.35649   4.35926   4.36211   4.36510   4.36829   4.37173   4.37549   4.37966   4.38427   4.38941   4.39509   4.40135   4.40818   4.41559   4.42355   4.43203   4.44101   4.45044   4.46030   4.47055   4.48116   4.49211   4.50337   4.51491   4.52669   4.53869   4.55088   4.56323   4.57571   4.58829   4.60095   4.61366   4.62639   4.63913   4.65184   4.66451   4.67711   4.68964   4.70205   4.71435   4.72650   4.73851   4.75034   4.76199   4.77345   4.78470   4.79573   4.80654   4.81711   4.82745   4.83753   4.84737   4.85694   4.86626   4.87531   4.88410   4.89261   4.90086   4.90884   4.91655   4.92399   4.93116   4.93806   4.94469   4.95105   4.95715   4.96298   4.96854   4.97384   4.97887   4.98363   4.98813   4.99237   4.99633   5.00003   5.00346   5.00663   5.00951   5.01212   5.01446   5.01651   5.01828   5.01976   5.02094   5.02183   5.02242   5.02269   5.02264   5.02227   5.02156   5.02050   5.01907   5.01727   5.01508   5.01249   5.00946   5.00599   5.00205   4.99762   4.99267   4.98719   4.98115   4.97452   4.96724   4.95930   4.95064   4.94120   4.93093   4.91967   4.90728   4.89352   4.87816   4.86097   4.84213   4.82213   4.80204   4.78260   4.76418   4.74662   4.72904   4.70826   4.67889   4.63535   4.57529   4.50293   4.43216   4.38013   4.36257   4.37799   4.39658   4.40407   4.41589   4.43635   4.46411   4.47292   4.37265   3.95992   0.00000
185.6250   1.30000   2.14239   2.37415   2.38173   2.35500   2.39657   2.47507   2.52750   2.54596   2.53613   2.49619   2.42557   2.32629   2.21441   2.13460   2.20920   2.44318   2.60704   2.67839   2.70665   2.71916   2.72840   2.73958   2.75097   2.76060   2.76838   2.77478   2.78032   2.78553   2.79082   2.79650   2.80279   2.80992   2.81804   2.82732   2.83785   2.84967   2.86269   2.87675   2.89161   2.90703   2.92275   2.93850   2.95402   2.96900   2.98314   2.99611   3.00762   3.01784   3.02752   3.03738   3.04902   3.07147   3.14152   3.29600   3.53581   3.80227   3.99824   4.09928   4.14769   4.17603   4.19663   4.21364   4.22829   4.24073   4.25094   4.25931   4.26662   4.27351   4.28013   4.28617   4.29160   4.29654   4.30108   4.30532   4.30931   4.31310   4.31674   4.32026   4.32368   4.32703   4.33030   4.33350   4.33665   4.33974   4.34278   4.34576   4.34870   4.35161   4.35449   4.35736   4.36025   4.36319   4.36621   4.36938   4.37273   4.37634   4.38027   4.38458   4.38933   4.39457   4.40034   4.40665   4.41352   4.42093   4.42888   4.43732   4.44625   4.45561   4.46539   4.47555   4.48606   4.49690   4.50804   4.51944   4.53108   4.54294   4.55497   4.56715   4.57946   4.59187   4.60435   4.61687   4.62942   4.64196   4.65448   4.66695   4.67936   4.69167   4.70388   4.71597   4.72792   4.73972   4.75134   4.76278   4.77403   4.78507   4.79590   4.80650   4.81687   4.82700   4.83688   4.84651   4.85589   4.86501   4.87386   4.88245   4.89078   4.89884   4.90663   4.91415   4.92141   4.92840   4.93512   4.94157   4.94776   4.95368   4.95934   4.96473   4.96986   4.97473   4.97933   4.98367   4.98774   4.99155   4.99509   4.99836   5.00137   5.00410   5.00656   5.00874   5.01063   5.01225   5.01357   5.01460   5.01533   5.01575   5.01586   5.01565   5.01510   5.01422   5.01298   5.01137   5.00938   5.00700   5.00419   5.00096   4.99726   4.99309   4.98842   4.98322   4.97747   4.97115   4.96422   4.95664   4.94836   4.93936   4.92957   4.91891   4.90726   4.89444   4.88023   4.86438   4.84665   4.82721   4.80658   4.78589   4.76591   4.74696   4.72889   4.71074   4.68890   4.65737   4.60994   4.54408   4.46489   4.38911   4.33571   4.32285   4.35180   4.38445   4.38948   4.40106   4.42216   4.45190   4.46417   4.36823   3.96168   0.00000
186.8750   1.30000   2.13907   2.36656   2.37483   2.35789   2.40979   2.49022   2.54133   2.55921   2.54952   2.50990   2.43914   2.33833   2.22284   2.13344   2.17466   2.40155   2.58504   2.66513   2.69583   2.70903   2.71859   2.73024   2.74213   2.75210   2.76004   2.76643   2.77184   2.77681   2.78179   2.78709   2.79299   2.79969   2.80739   2.81627   2.82645   2.83799   2.85084   2.86486   2.87982   2.89548   2.91158   2.92790   2.94416   2.96006   2.97530   2.98951   3.00234   3.01364   3.02384   3.03383   3.04475   3.06078   3.10326   3.21487   3.41467   3.68054   3.92046   4.06409   4.13195   4.16739   4.19083   4.20929   4.22502   4.23851   4.24972   4.25881   4.26647   4.27346   4.28019   4.28649   4.29217   4.29733   4.30206   4.30647   4.31063   4.31457   4.31836   4.32203   4.32559   4.32907   4.33248   4.33583   4.33911   4.34234   4.34552   4.34865   4.35174   4.35479   4.35782   4.36084   4.36389   4.36699   4.37018   4.37351   4.37704   4.38082   4.38490   4.38936   4.39424   4.39960   4.40545   4.41182   4.41872   4.42615   4.43408   4.44250   4.45137   4.46068   4.47038   4.48045   4.49087   4.50160   4.51261   4.52388   4.53539   4.54709   4.55897   4.57099   4.58314   4.59537   4.60767   4.62001   4.63236   4.64471   4.65704   4.66931   4.68151   4.69363   4.70563   4.71751   4.72926   4.74084   4.75226   4.76349   4.77453   4.78536   4.79598   4.80637   4.81653   4.82646   4.83613   4.84556   4.85474   4.86366   4.87232   4.88071   4.88884   4.89671   4.90431   4.91165   4.91872   4.92553   4.93207   4.93834   4.94436   4.95011   4.95559   4.96082   4.96578   4.97048   4.97491   4.97909   4.98300   4.98665   4.99003   4.99314   4.99599   4.99856   5.00087   5.00289   5.00463   5.00608   5.00725   5.00812   5.00868   5.00894   5.00889   5.00851   5.00779   5.00673   5.00531   5.00352   5.00133   4.99875   4.99574   4.99229   4.98836   4.98395   4.97903   4.97357   4.96755   4.96094   4.95371   4.94582   4.93721   4.92785   4.91769   4.90665   4.89459   4.88133   4.86666   4.85031   4.83204   4.81201   4.79073   4.76943   4.74888   4.72939   4.71078   4.69201   4.66898   4.63495   4.58310   4.51050   4.42349   4.34225   4.28715   4.27784   4.31743   4.37253   4.37646   4.38703   4.40806   4.43949   4.45518   4.36359   3.96349   0.00000
188.1250   1.30000   2.13559   2.35903   2.36894   2.36191   2.42269   2.50419   2.55398   2.57133   2.56183   2.52254   2.45165   2.34925   2.22999   2.13253   2.14462   2.35782   2.56104   2.65131   2.68477   2.69878   2.70870   2.72078   2.73316   2.74351   2.75163   2.75806   2.76335   2.76809   2.77274   2.77767   2.78314   2.78940   2.79664   2.80507   2.81485   2.82606   2.83867   2.85256   2.86752   2.88332   2.89972   2.91649   2.93339   2.95013   2.96640   2.98182   2.99602   3.00866   3.01976   3.03010   3.04075   3.05406   3.08092   3.15558   3.31101   3.55216   3.81829   4.01125   4.10930   4.15623   4.18397   4.20433   4.22125   4.23579   4.24806   4.25804   4.26620   4.27338   4.28018   4.28669   4.29263   4.29800   4.30294   4.30753   4.31184   4.31594   4.31988   4.32369   4.32739   4.33101   4.33456   4.33805   4.34147   4.34485   4.34816   4.35143   4.35466   4.35786   4.36104   4.36421   4.36742   4.37067   4.37403   4.37753   4.38122   4.38515   4.38940   4.39400   4.39902   4.40448   4.41042   4.41686   4.42380   4.43124   4.43916   4.44756   4.45639   4.46563   4.47526   4.48525   4.49557   4.50619   4.51709   4.52823   4.53960   4.55116   4.56288   4.57474   4.58672   4.59878   4.61090   4.62305   4.63522   4.64738   4.65951   4.67158   4.68358   4.69549   4.70729   4.71896   4.73050   4.74187   4.75308   4.76410   4.77493   4.78555   4.79596   4.80614   4.81610   4.82581   4.83529   4.84451   4.85349   4.86221   4.87067   4.87887   4.88681   4.89448   4.90189   4.90904   4.91593   4.92255   4.92891   4.93501   4.94084   4.94642   4.95173   4.95678   4.96157   4.96611   4.97038   4.97439   4.97813   4.98162   4.98484   4.98780   4.99049   4.99290   4.99504   4.99691   4.99849   4.99979   5.00079   5.00150   5.00190   5.00200   5.00177   5.00122   5.00033   4.99909   4.99749   4.99550   4.99313   4.99034   4.98711   4.98344   4.97929   4.97463   4.96945   4.96373   4.95743   4.95053   4.94299   4.93477   4.92582   4.91611   4.90557   4.89413   4.88165   4.86795   4.85281   4.83596   4.81714   4.79650   4.77458   4.75266   4.73152   4.71146   4.69228   4.67284   4.64847   4.61158   4.55466   4.47420   4.37844   4.29137   4.23338   4.22140   4.25910   4.33894   4.36166   4.37424   4.39426   4.42681   4.44591   4.35869   3.96529   0.00000
189.3750   1.30000   2.13194   2.35163   2.36404   2.36680   2.43508   2.51699   2.56549   2.58240   2.57312   2.53412   2.46311   2.35914   2.23594   2.13125   2.11887   2.31343   2.53486   2.63686   2.67349   2.68844   2.69877   2.71122   2.72407   2.73484   2.74319   2.74966   2.75485   2.75936   2.76370   2.76824   2.77328   2.77907   2.78583   2.79378   2.80310   2.81391   2.82622   2.83990   2.85478   2.87062   2.88721   2.90432   2.92175   2.93922   2.95644   2.97301   2.98855   3.00265   3.01504   3.02604   3.03676   3.04885   3.06809   3.11569   3.22939   3.43053   3.69730   3.93522   4.07539   4.14105   4.17555   4.19862   4.21694   4.23257   4.24591   4.25690   4.26576   4.27325   4.28014   4.28677   4.29296   4.29857   4.30370   4.30847   4.31295   4.31721   4.32130   4.32525   4.32910   4.33286   4.33654   4.34017   4.34373   4.34724   4.35070   4.35411   4.35748   4.36082   4.36414   4.36747   4.37082   4.37424   4.37775   4.38141   4.38526   4.38936   4.39376   4.39851   4.40365   4.40922   4.41525   4.42176   4.42874   4.43620   4.44412   4.45249   4.46128   4.47047   4.48003   4.48994   4.50016   4.51068   4.52146   4.53248   4.54371   4.55512   4.56670   4.57840   4.59020   4.60209   4.61403   4.62600   4.63798   4.64995   4.66188   4.67375   4.68555   4.69726   4.70885   4.72032   4.73164   4.74281   4.75380   4.76461   4.77523   4.78564   4.79584   4.80582   4.81556   4.82507   4.83434   4.84336   4.85213   4.86065   4.86891   4.87691   4.88466   4.89214   4.89936   4.90632   4.91302   4.91946   4.92564   4.93156   4.93721   4.94261   4.94775   4.95263   4.95725   4.96162   4.96572   4.96956   4.97315   4.97647   4.97953   4.98232   4.98485   4.98711   4.98909   4.99080   4.99222   4.99335   4.99420   4.99474   4.99498   4.99491   4.99451   4.99379   4.99272   4.99130   4.98950   4.98733   4.98475   4.98175   4.97831   4.97441   4.97002   4.96512   4.95968   4.95368   4.94710   4.93990   4.93204   4.92349   4.91419   4.90411   4.89318   4.88134   4.86844   4.85429   4.83867   4.82131   4.80194   4.78069   4.75812   4.73556   4.71382   4.69316   4.67339   4.65322   4.62735   4.58721   4.52440   4.43483   4.32962   4.23618   4.17209   4.14529   4.16272   4.25239   4.33258   4.36043   4.38120   4.41389   4.43628   4.35347   3.96705   0.00000
190.6250   1.30000   2.12813   2.34442   2.36006   2.37237   2.44682   2.52868   2.57595   2.59250   2.58343   2.54469   2.47353   2.36801   2.24082   2.12933   2.09693   2.26989   2.50652   2.62172   2.66200   2.67808   2.68889   2.70158   2.71487   2.72610   2.73470   2.74125   2.74636   2.75064   2.75466   2.75881   2.76341   2.76871   2.77496   2.78240   2.79123   2.80159   2.81352   2.82693   2.84165   2.85744   2.87410   2.89145   2.90927   2.92736   2.94542   2.96306   2.97989   2.99544   3.00934   3.02147   3.03261   3.04418   3.05972   3.09108   3.16941   3.32614   3.56898   3.83450   4.02419   4.11925   4.16473   4.19189   4.21203   4.22883   4.24324   4.25531   4.26506   4.27301   4.28006   4.28677   4.29317   4.29902   4.30436   4.30932   4.31397   4.31838   4.32262   4.32672   4.33070   4.33460   4.33842   4.34218   4.34589   4.34953   4.35313   4.35668   4.36019   4.36367   4.36714   4.37061   4.37412   4.37769   4.38136   4.38517   4.38918   4.39344   4.39798   4.40287   4.40814   4.41383   4.41995   4.42652   4.43355   4.44103   4.44895   4.45730   4.46606   4.47519   4.48469   4.49452   4.50465   4.51506   4.52573   4.53662   4.54772   4.55899   4.57041   4.58195   4.59359   4.60530   4.61706   4.62885   4.64064   4.65242   4.66415   4.67583   4.68742   4.69892   4.71031   4.72157   4.73268   4.74364   4.75442   4.76502   4.77543   4.78563   4.79561   4.80538   4.81492   4.82422   4.83328   4.84209   4.85066   4.85898   4.86704   4.87485   4.88239   4.88968   4.89671   4.90349   4.91000   4.91625   4.92225   4.92798   4.93346   4.93868   4.94365   4.94836   4.95281   4.95700   4.96093   4.96461   4.96803   4.97119   4.97408   4.97672   4.97908   4.98118   4.98300   4.98454   4.98580   4.98678   4.98746   4.98783   4.98791   4.98766   4.98710   4.98620   4.98495   4.98334   4.98136   4.97899   4.97620   4.97300   4.96934   4.96520   4.96057   4.95542   4.94971   4.94343   4.93655   4.92905   4.92087   4.91198   4.90232   4.89187   4.88054   4.86829   4.85494   4.84033   4.82423   4.80636   4.78643   4.76457   4.74136   4.71815   4.69579   4.67450   4.65409   4.63313   4.60557   4.56183   4.49210   4.39201   4.27703   4.17604   4.09990   4.05236   4.05347   4.13102   4.26845   4.33949   4.36892   4.40087   4.42624   4.34791   3.96871   0.00000
191.8750   1.30000   2.12416   2.33743   2.35691   2.37826   2.45782   2.53929   2.58542   2.60168   2.59284   2.55430   2.48290   2.37585   2.24468   2.12664   2.07811   2.22831   2.47620   2.60582   2.65031   2.66773   2.67913   2.69195   2.70558   2.71731   2.72619   2.73283   2.73786   2.74193   2.74563   2.74939   2.75354   2.75835   2.76408   2.77097   2.77926   2.78913   2.80063   2.81370   2.82817   2.84383   2.86047   2.87792   2.89603   2.91460   2.93336   2.95198   2.97000   2.98697   3.00243   3.01606   3.02808   3.03966   3.05329   3.07606   3.12816   3.24378   3.44680   3.71437   3.94993   4.08657   4.15007   4.18367   4.20638   4.22455   4.24005   4.25322   4.26399   4.27262   4.27994   4.28673   4.29327   4.29936   4.30492   4.31006   4.31488   4.31945   4.32384   4.32808   4.33221   4.33624   4.34021   4.34410   4.34794   4.35173   4.35546   4.35915   4.36280   4.36642   4.37003   4.37365   4.37730   4.38102   4.38485   4.38882   4.39298   4.39738   4.40208   4.40710   4.41250   4.41829   4.42450   4.43114   4.43822   4.44572   4.45365   4.46198   4.47071   4.47979   4.48922   4.49897   4.50902   4.51933   4.52988   4.54065   4.55161   4.56274   4.57401   4.58539   4.59686   4.60840   4.61999   4.63159   4.64320   4.65478   4.66632   4.67779   4.68919   4.70048   4.71166   4.72271   4.73361   4.74436   4.75493   4.76532   4.77551   4.78550   4.79527   4.80483   4.81416   4.82325   4.83210   4.84071   4.84908   4.85719   4.86505   4.87266   4.88001   4.88711   4.89394   4.90053   4.90685   4.91292   4.91873   4.92428   4.92958   4.93463   4.93942   4.94395   4.94823   4.95225   4.95602   4.95953   4.96278   4.96577   4.96850   4.97097   4.97317   4.97511   4.97677   4.97815   4.97924   4.98005   4.98057   4.98078   4.98068   4.98027   4.97953   4.97845   4.97701   4.97522   4.97304   4.97047   4.96748   4.96406   4.96017   4.95581   4.95093   4.94551   4.93953   4.93297   4.92579   4.91797   4.90946   4.90023   4.89020   4.87936   4.86764   4.85496   4.84116   4.82609   4.80949   4.79110   4.77061   4.74815   4.72429   4.70041   4.67740   4.65546   4.63438   4.61255   4.58310   4.53531   4.45751   4.34545   4.22079   4.10947   4.01723   3.97203   4.00293   4.07291   4.17921   4.30510   4.35589   4.38797   4.41581   4.34195   3.97026   0.00000
193.1250   1.30000   2.12002   2.33070   2.35449   2.38425   2.46804   2.54887   2.59396   2.61001   2.60137   2.56298   2.49125   2.38264   2.24754   2.12308   2.06163   2.18923   2.44422   2.58905   2.63842   2.65739   2.66955   2.68242   2.69629   2.70849   2.71768   2.72441   2.72938   2.73324   2.73662   2.73998   2.74368   2.74799   2.75317   2.75950   2.76722   2.77655   2.78757   2.80024   2.81440   2.82985   2.84637   2.86383   2.88208   2.90098   2.92032   2.93977   2.95889   2.97720   2.99419   3.00946   3.02285   3.03499   3.04774   3.06590   3.10143   3.18299   3.34151   3.58616   3.85073   4.03698   4.12906   4.17315   4.19976   4.21968   4.23634   4.25060   4.26246   4.27198   4.27974   4.28666   4.29328   4.29958   4.30536   4.31069   4.31569   4.32042   4.32496   4.32935   4.33362   4.33779   4.34189   4.34592   4.34989   4.35381   4.35769   4.36151   4.36530   4.36907   4.37282   4.37658   4.38038   4.38425   4.38822   4.39234   4.39665   4.40121   4.40604   4.41120   4.41672   4.42262   4.42892   4.43563   4.44275   4.45028   4.45821   4.46653   4.47523   4.48427   4.49364   4.50331   4.51326   4.52347   4.53391   4.54456   4.55539   4.56637   4.57749   4.58872   4.60002   4.61139   4.62280   4.63422   4.64564   4.65702   4.66837   4.67964   4.69083   4.70192   4.71290   4.72374   4.73443   4.74496   4.75532   4.76550   4.77548   4.78525   4.79482   4.80416   4.81327   4.82216   4.83080   4.83921   4.84737   4.85528   4.86294   4.87035   4.87750   4.88440   4.89105   4.89744   4.90357   4.90946   4.91508   4.92046   4.92558   4.93044   4.93505   4.93941   4.94352   4.94737   4.95097   4.95431   4.95739   4.96022   4.96278   4.96509   4.96712   4.96889   4.97038   4.97160   4.97253   4.97318   4.97352   4.97357   4.97330   4.97271   4.97179   4.97053   4.96891   4.96693   4.96456   4.96178   4.95858   4.95494   4.95082   4.94622   4.94108   4.93540   4.92914   4.92229   4.91480   4.90666   4.89782   4.88823   4.87783   4.86659   4.85445   4.84134   4.82709   4.81153   4.79443   4.77553   4.75448   4.73143   4.70691   4.68236   4.65868   4.63606   4.61427   4.59147   4.55988   4.50750   4.42035   4.29495   4.16061   4.03430   3.93786   3.94061   4.01065   4.07626   4.13481   4.26260   4.33981   4.37536   4.40506   4.33551   3.97166   0.00000
194.3750   1.30000   2.11570   2.32427   2.35270   2.39021   2.47742   2.55747   2.60163   2.61751   2.60906   2.57077   2.49859   2.38836   2.24937   2.11858   2.04661   2.15281   2.41098   2.57135   2.62634   2.64705   2.66015   2.67312   2.68709   2.69968   2.70917   2.71600   2.72091   2.72456   2.72762   2.73058   2.73383   2.73763   2.74227   2.74801   2.75514   2.76388   2.77438   2.78659   2.80039   2.81554   2.83187   2.84921   2.86749   2.88659   2.90636   2.92649   2.94658   2.96612   2.98459   3.00150   3.01652   3.02977   3.04250   3.05809   3.08418   3.14044   3.25814   3.46345   3.73153   3.96447   4.09754   4.15896   4.19170   4.21409   4.23209   4.24745   4.26042   4.27097   4.27938   4.28655   4.29324   4.29969   4.30569   4.31123   4.31640   4.32129   4.32598   4.33052   4.33493   4.33924   4.34347   4.34764   4.35175   4.35580   4.35981   4.36377   4.36770   4.37161   4.37550   4.37940   4.38334   4.38735   4.39148   4.39574   4.40020   4.40490   4.40987   4.41516   4.42080   4.42681   4.43319   4.43997   4.44714   4.45470   4.46264   4.47095   4.47961   4.48861   4.49792   4.50751   4.51738   4.52749   4.53782   4.54835   4.55904   4.56989   4.58085   4.59192   4.60306   4.61426   4.62549   4.63673   4.64796   4.65915   4.67030   4.68137   4.69236   4.70325   4.71401   4.72464   4.73512   4.74544   4.75559   4.76555   4.77532   4.78488   4.79423   4.80336   4.81227   4.82094   4.82938   4.83758   4.84553   4.85324   4.86070   4.86790   4.87486   4.88157   4.88802   4.89422   4.90017   4.90586   4.91130   4.91649   4.92143   4.92612   4.93055   4.93473   4.93867   4.94234   4.94577   4.94894   4.95186   4.95451   4.95691   4.95905   4.96092   4.96252   4.96385   4.96490   4.96567   4.96614   4.96632   4.96619   4.96575   4.96499   4.96389   4.96245   4.96064   4.95846   4.95589   4.95291   4.94950   4.94563   4.94128   4.93642   4.93103   4.92508   4.91854   4.91138   4.90358   4.89512   4.88592   4.87597   4.86519   4.85356   4.84099   4.82744   4.81272   4.79667   4.77906   4.75963   4.73803   4.71439   4.68922   4.66399   4.63960   4.61629   4.59374   4.56987   4.53587   4.47829   4.38027   4.24052   4.09463   3.95134   3.88722   3.94909   4.03288   4.08971   4.13110   4.22098   4.32026   4.36322   4.39415   4.32854   3.97295   0.00000
195.6250   1.30000   2.11120   2.31813   2.35144   2.39602   2.48597   2.56514   2.60845   2.62417   2.61591   2.57771   2.50493   2.39298   2.25014   2.11305   2.03224   2.11890   2.37691   2.55266   2.61404   2.63671   2.65089   2.66407   2.67808   2.69095   2.70069   2.70761   2.71246   2.71589   2.71864   2.72120   2.72399   2.72729   2.73137   2.73651   2.74302   2.75115   2.76108   2.77279   2.78616   2.80097   2.81701   2.83416   2.85234   2.87150   2.89153   2.91219   2.93309   2.95374   2.97359   2.99209   3.00883   3.02361   3.03705   3.05141   3.07219   3.11171   3.19628   3.35715   3.60353   3.86681   4.04948   4.13868   4.18146   4.20754   4.22724   4.24377   4.25785   4.26949   4.27879   4.28637   4.29317   4.29970   4.30591   4.31165   4.31700   4.32207   4.32691   4.33159   4.33614   4.34059   4.34496   4.34926   4.35350   4.35769   4.36183   4.36593   4.37000   4.37404   4.37807   4.38212   4.38620   4.39035   4.39462   4.39903   4.40363   4.40847   4.41358   4.41899   4.42475   4.43085   4.43733   4.44418   4.45139   4.45898   4.46693   4.47522   4.48386   4.49281   4.50206   4.51159   4.52137   4.53138   4.54160   4.55200   4.56257   4.57327   4.58409   4.59500   4.60598   4.61700   4.62805   4.63911   4.65015   4.66115   4.67210   4.68297   4.69376   4.70444   4.71500   4.72542   4.73569   4.74579   4.75573   4.76547   4.77503   4.78438   4.79351   4.80243   4.81113   4.81959   4.82782   4.83581   4.84356   4.85106   4.85832   4.86533   4.87208   4.87859   4.88485   4.89086   4.89662   4.90212   4.90738   4.91239   4.91714   4.92165   4.92591   4.92991   4.93367   4.93717   4.94043   4.94343   4.94617   4.94866   4.95089   4.95286   4.95457   4.95600   4.95716   4.95805   4.95864   4.95895   4.95895   4.95865   4.95804   4.95710   4.95581   4.95419   4.95219   4.94982   4.94704   4.94385   4.94022   4.93612   4.93153   4.92643   4.92077   4.91455   4.90771   4.90025   4.89213   4.88332   4.87378   4.86346   4.85228   4.84024   4.82725   4.81324   4.79804   4.78149   4.76336   4.74340   4.72126   4.69705   4.67123   4.64531   4.62019   4.59614   4.57279   4.54773   4.51102   4.44754   4.33697   4.18231   4.01922   3.87098   3.87519   3.97493   4.05990   4.10734   4.13550   4.18859   4.29922   4.35177   4.38322   4.32094   3.97413   0.00000
196.8750   1.30000   2.10651   2.31229   2.35058   2.40158   2.49366   2.57192   2.61447   2.63002   2.62193   2.58379   2.51030   2.39651   2.24982   2.10646   2.01789   2.08728   2.34242   2.53297   2.60152   2.62636   2.64176   2.65531   2.66932   2.68231   2.69227   2.69926   2.70403   2.70725   2.70966   2.71182   2.71416   2.71695   2.72048   2.72502   2.73089   2.73838   2.74770   2.75886   2.77175   2.78616   2.80186   2.81872   2.83670   2.85579   2.87593   2.89695   2.91851   2.94012   2.96121   2.98123   2.99966   3.01616   3.03086   3.04513   3.06293   3.09230   3.15235   3.27250   3.48031   3.74858   3.97868   4.10822   4.16768   4.19962   4.22169   4.23953   4.25473   4.26750   4.27783   4.28604   4.29307   4.29967   4.30602   4.31197   4.31751   4.32274   4.32773   4.33256   4.33725   4.34184   4.34634   4.35078   4.35516   4.35948   4.36375   4.36799   4.37219   4.37636   4.38054   4.38472   4.38895   4.39324   4.39764   4.40219   4.40694   4.41191   4.41715   4.42269   4.42856   4.43476   4.44132   4.44823   4.45550   4.46311   4.47107   4.47936   4.48796   4.49687   4.50607   4.51552   4.52522   4.53513   4.54524   4.55552   4.56596   4.57652   4.58719   4.59794   4.60875   4.61961   4.63048   4.64135   4.65220   4.66302   4.67377   4.68444   4.69502   4.70550   4.71585   4.72606   4.73611   4.74601   4.75573   4.76526   4.77460   4.78374   4.79266   4.80137   4.80985   4.81810   4.82612   4.83390   4.84144   4.84874   4.85580   4.86260   4.86916   4.87548   4.88154   4.88735   4.89292   4.89824   4.90331   4.90813   4.91271   4.91703   4.92111   4.92494   4.92852   4.93185   4.93493   4.93776   4.94034   4.94266   4.94472   4.94652   4.94805   4.94932   4.95031   4.95102   4.95145   4.95159   4.95142   4.95094   4.95015   4.94903   4.94756   4.94574   4.94356   4.94098   4.93800   4.93460   4.93074   4.92641   4.92158   4.91622   4.91030   4.90379   4.89665   4.88888   4.88043   4.87128   4.86138   4.85068   4.83910   4.82664   4.81321   4.79874   4.78304   4.76599   4.74733   4.72684   4.70416   4.67939   4.65294   4.62632   4.60045   4.57562   4.55142   4.52503   4.48527   4.41507   4.29042   4.12006   3.93221   3.81325   3.88554   4.00659   4.08801   4.12540   4.14289   4.17250   4.27969   4.34114   4.37239   4.31265   3.97523   0.00000
198.1250   1.30000   2.10162   2.30674   2.35003   2.40680   2.50050   2.57785   2.61970   2.63508   2.62711   2.58904   2.51468   2.39893   2.24837   2.09874   2.00311   2.05773   2.30791   2.51230   2.58876   2.61605   2.63277   2.64686   2.66083   2.67381   2.68394   2.69097   2.69564   2.69861   2.70068   2.70243   2.70431   2.70660   2.70958   2.71352   2.71876   2.72559   2.73426   2.74483   2.75721   2.77115   2.78645   2.80295   2.82063   2.83953   2.85964   2.88085   2.90289   2.92529   2.94749   2.96890   2.98896   3.00722   3.02353   3.03858   3.05500   3.07844   3.12179   3.20923   3.37294   3.62083   3.88250   4.06156   4.14802   4.18959   4.21520   4.23469   4.25106   4.26496   4.27639   4.28548   4.29289   4.29959   4.30604   4.31218   4.31791   4.32330   4.32846   4.33343   4.33826   4.34299   4.34763   4.35220   4.35671   4.36116   4.36557   4.36994   4.37427   4.37858   4.38289   4.38721   4.39158   4.39602   4.40056   4.40524   4.41012   4.41523   4.42059   4.42625   4.43223   4.43853   4.44517   4.45215   4.45946   4.46710   4.47506   4.48334   4.49192   4.50079   4.50993   4.51931   4.52892   4.53874   4.54874   4.55890   4.56921   4.57963   4.59015   4.60074   4.61139   4.62207   4.63277   4.64346   4.65412   4.66474   4.67529   4.68577   4.69615   4.70641   4.71655   4.72655   4.73640   4.74608   4.75558   4.76490   4.77403   4.78295   4.79166   4.80015   4.80842   4.81646   4.82427   4.83185   4.83918   4.84627   4.85312   4.85973   4.86609   4.87221   4.87808   4.88370   4.88907   4.89420   4.89909   4.90372   4.90812   4.91226   4.91616   4.91981   4.92322   4.92637   4.92928   4.93194   4.93434   4.93649   4.93838   4.94001   4.94137   4.94247   4.94329   4.94383   4.94409   4.94405   4.94371   4.94306   4.94208   4.94078   4.93913   4.93712   4.93473   4.93196   4.92877   4.92515   4.92107   4.91650   4.91142   4.90580   4.89960   4.89280   4.88536   4.87726   4.86848   4.85898   4.84871   4.83763   4.82564   4.81275   4.79887   4.78393   4.76773   4.75016   4.73096   4.70994   4.68673   4.66142   4.63435   4.60703   4.58038   4.55471   4.52962   4.50176   4.45858   4.38062   4.24108   4.05227   3.83812   3.78931   3.91129   4.03850   4.11339   4.14185   4.15137   4.16800   4.26374   4.33153   4.36175   4.30366   3.97630   0.00000
199.3750   1.30000   2.09651   2.30145   2.34970   2.41160   2.50649   2.58296   2.62417   2.63937   2.63147   2.59345   2.51810   2.40026   2.24578   2.08986   1.98765   2.03015   2.27374   2.49071   2.57573   2.60580   2.62393   2.63874   2.65263   2.66549   2.67572   2.68276   2.68728   2.69000   2.69171   2.69304   2.69445   2.69624   2.69868   2.70202   2.70661   2.71277   2.72078   2.73073   2.74254   2.75599   2.77083   2.78691   2.80420   2.82279   2.84273   2.86399   2.88632   2.90934   2.93249   2.95514   2.97672   2.99671   3.01477   3.03117   3.04748   3.06759   3.10032   3.16373   3.28687   3.49714   3.76524   3.99230   4.11848   4.17614   4.20737   4.22915   4.24682   4.26185   4.27442   4.28455   4.29258   4.29948   4.30600   4.31229   4.31820   4.32377   4.32908   4.33420   4.33918   4.34404   4.34881   4.35352   4.35816   4.36275   4.36729   4.37179   4.37625   4.38069   4.38513   4.38959   4.39410   4.39868   4.40336   4.40818   4.41318   4.41841   4.42390   4.42968   4.43576   4.44215   4.44887   4.45591   4.46326   4.47093   4.47890   4.48717   4.49573   4.50456   4.51364   4.52295   4.53248   4.54220   4.55209   4.56213   4.57231   4.58259   4.59296   4.60339   4.61388   4.62439   4.63491   4.64541   4.65589   4.66631   4.67667   4.68694   4.69712   4.70718   4.71711   4.72690   4.73653   4.74600   4.75529   4.76440   4.77330   4.78201   4.79051   4.79878   4.80684   4.81467   4.82227   4.82963   4.83676   4.84365   4.85030   4.85670   4.86287   4.86878   4.87446   4.87989   4.88507   4.89001   4.89471   4.89916   4.90337   4.90733   4.91105   4.91452   4.91775   4.92073   4.92346   4.92594   4.92818   4.93015   4.93187   4.93333   4.93452   4.93545   4.93610   4.93647   4.93655   4.93634   4.93582   4.93499   4.93383   4.93234   4.93050   4.92830   4.92572   4.92274   4.91934   4.91549   4.91118   4.90637   4.90104   4.89515   4.88867   4.88157   4.87382   4.86540   4.85627   4.84642   4.83577   4.82429   4.81189   4.79857   4.78422   4.76881   4.75209   4.73399   4.71424   4.69269   4.66896   4.64314   4.61547   4.58746   4.56001   4.53343   4.50738   4.47789   4.43091   4.34384   4.18970   3.97578   3.75144   3.78838   3.94097   4.06655   4.13426   4.15619   4.15946   4.16843   4.25174   4.32302   4.35136   4.29399   3.97738   0.00000
200.6250   1.30000   2.09110   2.29643   2.34950   2.41593   2.51166   2.58727   2.62789   2.64290   2.63503   2.59701   2.52054   2.40051   2.24203   2.07978   1.97134   2.00406   2.24022   2.46830   2.56241   2.59565   2.61525   2.63090   2.64476   2.65739   2.66765   2.67464   2.67898   2.68141   2.68273   2.68361   2.68455   2.68583   2.68773   2.69050   2.69446   2.69994   2.70726   2.71656   2.72778   2.74069   2.75504   2.77063   2.78747   2.80565   2.82529   2.84643   2.86890   2.89236   2.91627   2.94002   2.96298   2.98459   3.00443   3.02248   3.03957   3.05820   3.08451   3.13139   3.22196   3.38871   3.63776   3.89747   4.07302   4.15699   4.19749   4.22268   4.24197   4.25818   4.27189   4.28313   4.29204   4.29931   4.30592   4.31229   4.31839   4.32414   4.32961   4.33487   4.33999   4.34499   4.34989   4.35473   4.35950   4.36423   4.36890   4.37353   4.37812   4.38270   4.38727   4.39186   4.39650   4.40121   4.40604   4.41099   4.41612   4.42147   4.42708   4.43296   4.43914   4.44563   4.45242   4.45952   4.46692   4.47461   4.48259   4.49085   4.49938   4.50817   4.51719   4.52644   4.53588   4.54550   4.55529   4.56521   4.57525   4.58539   4.59561   4.60589   4.61621   4.62655   4.63689   4.64721   4.65750   4.66773   4.67789   4.68796   4.69793   4.70779   4.71751   4.72709   4.73651   4.74576   4.75484   4.76373   4.77242   4.78091   4.78919   4.79726   4.80510   4.81272   4.82011   4.82726   4.83418   4.84087   4.84731   4.85351   4.85947   4.86519   4.87067   4.87591   4.88090   4.88565   4.89016   4.89443   4.89845   4.90223   4.90577   4.90906   4.91211   4.91492   4.91747   4.91978   4.92184   4.92364   4.92519   4.92647   4.92750   4.92825   4.92872   4.92892   4.92883   4.92844   4.92774   4.92673   4.92539   4.92371   4.92168   4.91928   4.91650   4.91331   4.90969   4.90563   4.90108   4.89603   4.89044   4.88428   4.87751   4.87011   4.86203   4.85328   4.84380   4.83359   4.82255   4.81067   4.79784   4.78408   4.76927   4.75336   4.73611   4.71747   4.69717   4.67509   4.65085   4.62454   4.59630   4.56760   4.53934   4.51178   4.48472   4.45339   4.40221   4.30432   4.13677   3.88724   3.69198   3.80385   3.96866   4.08932   4.15073   4.16828   4.16693   4.17048   4.24277   4.31550   4.34125   4.28377   3.97854   0.00000
201.8750   1.30000   2.08525   2.29166   2.34935   2.41976   2.51601   2.59082   2.63090   2.64571   2.63784   2.59971   2.52200   2.39969   2.23709   2.06849   1.95412   1.97888   2.20750   2.44518   2.54877   2.58560   2.60674   2.62331   2.63722   2.64959   2.65975   2.66665   2.67074   2.67285   2.67374   2.67416   2.67459   2.67535   2.67672   2.67892   2.68226   2.68708   2.69372   2.70235   2.71294   2.72529   2.73910   2.75417   2.77048   2.78816   2.80739   2.82827   2.85071   2.87443   2.89893   2.92360   2.94780   2.97091   2.99246   3.01226   3.03066   3.04915   3.07187   3.10796   3.17469   3.30114   3.51365   3.78106   4.00505   4.12817   4.18428   4.21490   4.23641   4.25392   4.26878   4.28117   4.29112   4.29901   4.30580   4.31224   4.31847   4.32439   4.33002   4.33544   4.34070   4.34583   4.35087   4.35584   4.36075   4.36560   4.37040   4.37516   4.37988   4.38459   4.38929   4.39401   4.39878   4.40362   4.40858   4.41368   4.41894   4.42439   4.43012   4.43611   4.44238   4.44895   4.45582   4.46297   4.47041   4.47813   4.48611   4.49436   4.50287   4.51161   4.52058   4.52976   4.53912   4.54865   4.55832   4.56812   4.57803   4.58803   4.59810   4.60822   4.61838   4.62855   4.63871   4.64885   4.65895   4.66898   4.67895   4.68882   4.69858   4.70823   4.71774   4.72711   4.73632   4.74536   4.75422   4.76289   4.77137   4.77965   4.78771   4.79556   4.80319   4.81060   4.81778   4.82472   4.83144   4.83791   4.84415   4.85015   4.85591   4.86144   4.86672   4.87176   4.87656   4.88112   4.88544   4.88952   4.89336   4.89696   4.90031   4.90343   4.90630   4.90893   4.91131   4.91344   4.91532   4.91695   4.91832   4.91944   4.92028   4.92086   4.92116   4.92118   4.92091   4.92034   4.91947   4.91827   4.91675   4.91488   4.91266   4.91006   4.90707   4.90367   4.89984   4.89554   4.89076   4.88546   4.87960   4.87316   4.86610   4.85839   4.84999   4.84090   4.83106   4.82047   4.80904   4.79676   4.78349   4.76929   4.75399   4.73759   4.71979   4.70061   4.67974   4.65714   4.63240   4.60564   4.57685   4.54749   4.51838   4.48978   4.46164   4.42825   4.37240   4.26167   4.08174   3.78707   3.66505   3.82394   3.99132   4.10729   4.16368   4.17826   4.17362   4.17300   4.23578   4.30871   4.33146   4.27322   3.97987   0.00000
203.1250   1.30000   2.07890   2.28709   2.34920   2.42312   2.51957   2.59362   2.63324   2.64785   2.63995   2.60155   2.52248   2.39777   2.23093   2.05599   1.93600   1.95417   2.17571   2.42152   2.53481   2.57569   2.59841   2.61588   2.63001   2.64211   2.65206   2.65880   2.66257   2.66433   2.66474   2.66466   2.66456   2.66479   2.66561   2.66725   2.67000   2.67418   2.68014   2.68809   2.69805   2.70980   2.72305   2.73756   2.75329   2.77039   2.78910   2.80959   2.83184   2.85564   2.88055   2.90597   2.93124   2.95571   2.97886   3.00038   3.02036   3.03958   3.06071   3.09013   3.14044   3.23446   3.40418   3.65382   3.91130   4.08363   4.16549   4.20509   4.22993   4.24903   4.26507   4.27861   4.28969   4.29846   4.30561   4.31214   4.31846   4.32455   4.33034   4.33590   4.34130   4.34657   4.35174   4.35684   4.36188   4.36686   4.37179   4.37668   4.38153   4.38637   4.39120   4.39605   4.40095   4.40591   4.41099   4.41622   4.42162   4.42720   4.43301   4.43911   4.44548   4.45213   4.45906   4.46627   4.47374   4.48148   4.48947   4.49771   4.50619   4.51489   4.52381   4.53291   4.54219   4.55162   4.56118   4.57086   4.58064   4.59050   4.60042   4.61039   4.62038   4.63037   4.64036   4.65031   4.66022   4.67007   4.67983   4.68950   4.69906   4.70850   4.71780   4.72696   4.73595   4.74478   4.75342   4.76188   4.77015   4.77821   4.78606   4.79369   4.80111   4.80830   4.81527   4.82201   4.82851   4.83478   4.84082   4.84661   4.85218   4.85750   4.86258   4.86743   4.87204   4.87641   4.88054   4.88443   4.88809   4.89150   4.89468   4.89761   4.90030   4.90275   4.90496   4.90691   4.90862   4.91007   4.91127   4.91221   4.91288   4.91328   4.91341   4.91325   4.91280   4.91206   4.91100   4.90962   4.90790   4.90584   4.90342   4.90063   4.89743   4.89382   4.88976   4.88523   4.88021   4.87465   4.86853   4.86181   4.85444   4.84642   4.83769   4.82825   4.81804   4.80707   4.79524   4.78254   4.76884   4.75417   4.73839   4.72148   4.70313   4.68338   4.66194   4.63881   4.61361   4.58642   4.55713   4.52714   4.49713   4.46745   4.43818   4.40245   4.34141   4.21570   4.02305   3.68557   3.65773   3.84188   4.00884   4.12153   4.17396   4.18635   4.17949   4.17557   4.23017   4.30246   4.32210   4.26268   3.98149   0.00000
204.3750   1.30000   2.07205   2.28270   2.34903   2.42602   2.52237   2.59563   2.63491   2.64942   2.64142   2.60251   2.52196   2.39475   2.22353   2.04228   1.91699   1.92978   2.14489   2.39747   2.52053   2.56592   2.59025   2.60860   2.62310   2.63500   2.64461   2.65111   2.65450   2.65584   2.65574   2.65513   2.65445   2.65412   2.65437   2.65545   2.65762   2.66119   2.66651   2.67379   2.68309   2.69423   2.70690   2.72082   2.73593   2.75239   2.77049   2.79045   2.81237   2.83609   2.86123   2.88721   2.91338   2.93906   2.96367   2.98684   3.00847   3.02893   3.04981   3.07548   3.11497   3.18524   3.31510   3.52932   3.79553   4.01659   4.13715   4.19200   4.22213   4.24342   4.26076   4.27545   4.28769   4.29751   4.30530   4.31200   4.31838   4.32459   4.33055   4.33626   4.34180   4.34720   4.35251   4.35774   4.36290   4.36801   4.37307   4.37808   4.38307   4.38803   4.39299   4.39797   4.40299   4.40808   4.41328   4.41863   4.42415   4.42986   4.43577   4.44196   4.44841   4.45514   4.46214   4.46940   4.47691   4.48466   4.49266   4.50088   4.50933   4.51800   4.52685   4.53589   4.54508   4.55441   4.56387   4.57342   4.58307   4.59279   4.60256   4.61237   4.62219   4.63202   4.64182   4.65159   4.66131   4.67096   4.68053   4.69000   4.69936   4.70859   4.71768   4.72662   4.73540   4.74402   4.75245   4.76069   4.76874   4.77658   4.78422   4.79164   4.79884   4.80582   4.81258   4.81910   4.82540   4.83146   4.83729   4.84289   4.84825   4.85338   4.85826   4.86292   4.86733   4.87151   4.87545   4.87916   4.88263   4.88586   4.88885   4.89161   4.89412   4.89639   4.89841   4.90019   4.90172   4.90300   4.90402   4.90479   4.90528   4.90551   4.90546   4.90512   4.90449   4.90356   4.90232   4.90075   4.89885   4.89659   4.89398   4.89097   4.88757   4.88374   4.87946   4.87469   4.86942   4.86361   4.85721   4.85020   4.84253   4.83419   4.82512   4.81532   4.80474   4.79338   4.78114   4.76801   4.75386   4.73873   4.72246   4.70502   4.68611   4.66579   4.64377   4.62012   4.59446   4.56690   4.53715   4.50656   4.47561   4.44482   4.41434   4.37600   4.30914   4.16686   3.95891   3.60314   3.65704   3.85472   4.02222   4.13296   4.18217   4.19276   4.18444   4.17800   4.22572   4.29657   4.31332   4.25259   3.98363   0.00000
205.6250   1.30000   2.06467   2.27843   2.34882   2.42850   2.52444   2.59685   2.63591   2.65045   2.64231   2.60259   2.52041   2.39058   2.21486   2.02740   1.89716   1.90563   2.11516   2.37322   2.50595   2.55628   2.58227   2.60145   2.61647   2.62824   2.63743   2.64357   2.64656   2.64739   2.64673   2.64554   2.64425   2.64332   2.64297   2.64347   2.64507   2.64806   2.65278   2.65943   2.66808   2.67860   2.69067   2.70398   2.71844   2.73420   2.75160   2.77093   2.79237   2.81585   2.84105   2.86743   2.89433   2.92104   2.94696   2.97165   2.99491   3.01684   3.03834   3.06227   3.09500   3.14891   3.24657   3.41888   3.66842   3.92351   4.09314   4.17337   4.21231   4.23687   4.25580   4.27168   4.28508   4.29604   4.30472   4.31179   4.31825   4.32454   4.33064   4.33651   4.34219   4.34773   4.35317   4.35852   4.36381   4.36905   4.37423   4.37937   4.38448   4.38957   4.39466   4.39976   4.40491   4.41012   4.41545   4.42090   4.42653   4.43237   4.43839   4.44466   4.45120   4.45799   4.46505   4.47236   4.47990   4.48767   4.49567   4.50388   4.51230   4.52092   4.52972   4.53868   4.54779   4.55702   4.56637   4.57580   4.58532   4.59489   4.60451   4.61416   4.62382   4.63347   4.64310   4.65269   4.66222   4.67167   4.68104   4.69031   4.69946   4.70848   4.71737   4.72610   4.73467   4.74306   4.75128   4.75931   4.76714   4.77476   4.78218   4.78939   4.79638   4.80315   4.80969   4.81601   4.82210   4.82795   4.83358   4.83897   4.84413   4.84906   4.85375   4.85821   4.86243   4.86642   4.87017   4.87369   4.87697   4.88002   4.88283   4.88540   4.88773   4.88983   4.89167   4.89327   4.89463   4.89573   4.89657   4.89716   4.89748   4.89752   4.89729   4.89678   4.89597   4.89485   4.89342   4.89167   4.88957   4.88712   4.88430   4.88109   4.87748   4.87342   4.86892   4.86391   4.85839   4.85231   4.84564   4.83833   4.83036   4.82168   4.81226   4.80210   4.79114   4.77939   4.76673   4.75317   4.73856   4.72296   4.70618   4.68822   4.66872   4.64783   4.62522   4.60106   4.57496   4.54707   4.51691   4.48579   4.45384   4.42189   4.39014   4.34893   4.27549   4.11662   3.88794   3.54841   3.65633   3.86227   4.03237   4.14215   4.18871   4.19765   4.18838   4.18017   4.22247   4.29104   4.30529   4.24347   3.98648   0.00000
206.8750   1.30000   2.05676   2.27422   2.34859   2.43053   2.52577   2.59726   2.63626   2.65098   2.64258   2.60177   2.51780   2.38524   2.20491   2.01139   1.87666   1.88180   2.08664   2.34902   2.49112   2.54678   2.57448   2.59445   2.61007   2.62182   2.63054   2.63622   2.63873   2.63900   2.63773   2.63590   2.63395   2.63238   2.63138   2.63128   2.63229   2.63473   2.63888   2.64496   2.65301   2.66292   2.67438   2.68707   2.70084   2.71587   2.73249   2.75108   2.77192   2.79500   2.82010   2.84670   2.87415   2.90175   2.92883   2.95490   2.97967   3.00312   3.02573   3.04928   3.07813   3.12121   3.19525   3.32834   3.54354   3.80802   4.02650   4.14520   4.19919   4.22898   4.25009   4.26728   4.28183   4.29396   4.30371   4.31144   4.31808   4.32442   4.33064   4.33665   4.34247   4.34815   4.35371   4.35919   4.36461   4.36996   4.37527   4.38054   4.38577   4.39099   4.39619   4.40142   4.40669   4.41203   4.41747   4.42304   4.42878   4.43471   4.44086   4.44720   4.45381   4.46068   4.46779   4.47515   4.48272   4.49050   4.49849   4.50668   4.51507   4.52365   4.53239   4.54129   4.55031   4.55944   4.56867   4.57799   4.58737   4.59680   4.60627   4.61576   4.62525   4.63473   4.64418   4.65358   4.66292   4.67218   4.68135   4.69042   4.69936   4.70818   4.71685   4.72537   4.73372   4.74191   4.74991   4.75772   4.76533   4.77275   4.77995   4.78694   4.79372   4.80027   4.80660   4.81271   4.81859   4.82424   4.82966   4.83485   4.83981   4.84454   4.84903   4.85330   4.85733   4.86112   4.86469   4.86802   4.87111   4.87398   4.87660   4.87899   4.88114   4.88305   4.88472   4.88615   4.88732   4.88824   4.88891   4.88932   4.88946   4.88933   4.88892   4.88822   4.88722   4.88592   4.88430   4.88236   4.88007   4.87742   4.87440   4.87098   4.86715   4.86287   4.85813   4.85289   4.84712   4.84077   4.83381   4.82620   4.81791   4.80889   4.79913   4.78859   4.77725   4.76508   4.75201   4.73800   4.72293   4.70685   4.68957   4.67105   4.65097   4.62948   4.60629   4.58161   4.55510   4.52694   4.49645   4.46485   4.43185   4.39871   4.36558   4.32127   4.24039   4.06651   3.80947   3.51208   3.65177   3.86529   4.03984   4.14943   4.19386   4.20119   4.19125   4.18203   4.22048   4.28601   4.29818   4.23576   3.99014   0.00000
208.1250   1.30000   2.04832   2.27000   2.34830   2.43210   2.52634   2.59687   2.63600   2.65100   2.64218   2.60001   2.51409   2.37871   2.19365   1.99432   1.85570   1.85845   2.05952   2.32513   2.47611   2.53741   2.56688   2.58760   2.60388   2.61571   2.62395   2.62906   2.63104   2.63067   2.62874   2.62621   2.62355   2.62128   2.61959   2.61884   2.61923   2.62112   2.62475   2.63032   2.63783   2.64716   2.65803   2.67009   2.68317   2.69742   2.71321   2.73098   2.75107   2.77362   2.79845   2.82511   2.85296   2.88127   2.90935   2.93665   2.96282   2.98773   3.01164   3.03564   3.06262   3.09886   3.15660   3.25793   3.43224   3.68083   3.93350   4.10123   4.18048   4.21902   4.24341   4.26220   4.27795   4.29123   4.30214   4.31081   4.31784   4.32425   4.33053   4.33668   4.34264   4.34845   4.35414   4.35974   4.36528   4.37076   4.37619   4.38158   4.38693   4.39227   4.39760   4.40295   4.40834   4.41380   4.41935   4.42504   4.43088   4.43691   4.44315   4.44958   4.45626   4.46319   4.47036   4.47775   4.48535   4.49314   4.50112   4.50930   4.51765   4.52618   4.53487   4.54369   4.55262   4.56166   4.57078   4.57996   4.58921   4.59850   4.60782   4.61715   4.62647   4.63578   4.64505   4.65426   4.66341   4.67248   4.68145   4.69031   4.69905   4.70766   4.71612   4.72443   4.73257   4.74054   4.74833   4.75592   4.76332   4.77052   4.77750   4.78428   4.79084   4.79718   4.80330   4.80920   4.81487   4.82032   4.82553   4.83052   4.83528   4.83981   4.84411   4.84817   4.85201   4.85561   4.85899   4.86213   4.86504   4.86772   4.87016   4.87237   4.87434   4.87607   4.87756   4.87880   4.87980   4.88054   4.88103   4.88126   4.88122   4.88090   4.88031   4.87943   4.87825   4.87676   4.87495   4.87281   4.87033   4.86748   4.86425   4.86062   4.85657   4.85207   4.84710   4.84160   4.83558   4.82895   4.82171   4.81379   4.80518   4.79582   4.78570   4.77477   4.76304   4.75046   4.73696   4.72249   4.70697   4.69039   4.67260   4.65352   4.63285   4.61074   4.58696   4.56178   4.53488   4.50650   4.47578   4.44374   4.40968   4.37532   4.34069   4.29297   4.20381   4.01544   3.72271   3.48242   3.64301   3.86439   4.04484   4.15501   4.19787   4.20357   4.19312   4.18356   4.21981   4.28167   4.29207   4.22966   3.99422   0.00000
209.3750   1.30000   2.03933   2.26569   2.34792   2.43314   2.52614   2.59574   2.63519   2.65044   2.64102   2.59723   2.50926   2.37096   2.18106   1.97623   1.83463   1.83592   2.03403   2.30190   2.46107   2.52817   2.55949   2.58091   2.59787   2.60986   2.61763   2.62212   2.62349   2.62240   2.61976   2.61646   2.61305   2.61002   2.60759   2.60613   2.60586   2.60717   2.61030   2.61543   2.62248   2.63130   2.64161   2.65306   2.66545   2.67889   2.69379   2.71065   2.72991   2.75177   2.77618   2.80273   2.83081   2.85968   2.88861   2.91700   2.94442   2.97070   2.99592   3.02081   3.04724   3.07950   3.12643   3.20440   3.34034   3.55558   3.81779   4.03430   4.15207   4.20569   4.23533   4.25634   4.27340   4.28784   4.29992   4.30968   4.31743   4.32403   4.33035   4.33660   4.34270   4.34863   4.35445   4.36017   4.36583   4.37143   4.37698   4.38249   4.38797   4.39342   4.39887   4.40434   4.40985   4.41542   4.42109   4.42688   4.43282   4.43895   4.44527   4.45181   4.45853   4.46552   4.47274   4.48016   4.48779   4.49558   4.50356   4.51171   4.52003   4.52851   4.53714   4.54588   4.55473   4.56366   4.57267   4.58173   4.59084   4.59998   4.60915   4.61832   4.62748   4.63661   4.64570   4.65473   4.66369   4.67256   4.68133   4.68999   4.69853   4.70692   4.71518   4.72327   4.73120   4.73895   4.74652   4.75390   4.76108   4.76806   4.77484   4.78140   4.78775   4.79388   4.79978   4.80547   4.81093   4.81617   4.82119   4.82597   4.83053   4.83486   4.83896   4.84283   4.84647   4.84988   4.85307   4.85602   4.85875   4.86124   4.86350   4.86552   4.86731   4.86886   4.87017   4.87123   4.87205   4.87261   4.87292   4.87297   4.87274   4.87225   4.87147   4.87041   4.86904   4.86736   4.86536   4.86303   4.86034   4.85729   4.85385   4.85001   4.84574   4.84101   4.83580   4.83006   4.82377   4.81687   4.80934   4.80110   4.79217   4.78244   4.77197   4.76065   4.74853   4.73550   4.72158   4.70664   4.69066   4.67358   4.65528   4.63561   4.61435   4.59161   4.56724   4.54155   4.51431   4.48576   4.45493   4.42250   4.38736   4.35174   4.31549   4.26391   4.16586   3.95938   3.62711   3.45339   3.62989   3.86002   4.04738   4.15906   4.20096   4.20504   4.19424   4.18479   4.22045   4.27820   4.28696   4.22495   3.99747   0.00000
210.6250   1.30000   2.02977   2.26121   2.34743   2.43361   2.52516   2.59392   2.63374   2.64917   2.63898   2.59338   2.50327   2.36196   2.16709   1.95723   1.81395   1.81463   2.01061   2.27983   2.44617   2.51904   2.55231   2.57441   2.59202   2.60422   2.61157   2.61540   2.61608   2.61422   2.61079   2.60667   2.60245   2.59859   2.59536   2.59314   2.59215   2.59283   2.59543   2.60018   2.60688   2.61530   2.62512   2.63598   2.64767   2.66030   2.67428   2.69016   2.70846   2.72952   2.75334   2.77962   2.80778   2.83706   2.86670   2.89604   2.92459   2.95209   2.97857   3.00450   3.03115   3.06138   3.10143   3.16326   3.26811   3.44356   3.69025   3.94060   4.10750   4.18659   4.22509   4.24944   4.26815   4.28378   4.29701   4.30793   4.31667   4.32373   4.33012   4.33641   4.34263   4.34869   4.35463   4.36047   4.36625   4.37197   4.37764   4.38326   4.38886   4.39443   4.40000   4.40558   4.41120   4.41689   4.42266   4.42856   4.43461   4.44082   4.44722   4.45384   4.46063   4.46767   4.47492   4.48238   4.49002   4.49782   4.50578   4.51391   4.52219   4.53062   4.53919   4.54786   4.55662   4.56545   4.57434   4.58327   4.59225   4.60124   4.61025   4.61926   4.62825   4.63721   4.64611   4.65496   4.66373   4.67240   4.68098   4.68944   4.69776   4.70595   4.71400   4.72188   4.72959   4.73713   4.74449   4.75165   4.75862   4.76538   4.77194   4.77828   4.78442   4.79033   4.79603   4.80151   4.80676   4.81180   4.81660   4.82119   4.82554   4.82967   4.83357   4.83725   4.84070   4.84392   4.84692   4.84968   4.85222   4.85452   4.85660   4.85844   4.86004   4.86141   4.86254   4.86342   4.86406   4.86444   4.86457   4.86443   4.86403   4.86335   4.86239   4.86114   4.85958   4.85772   4.85552   4.85299   4.85010   4.84684   4.84320   4.83914   4.83464   4.82968   4.82423   4.81824   4.81168   4.80450   4.79667   4.78812   4.77885   4.76876   4.75792   4.74620   4.73368   4.72021   4.70586   4.69043   4.67400   4.65640   4.63760   4.61731   4.59547   4.57207   4.54713   4.52092   4.49339   4.46471   4.43393   4.40115   4.36496   4.32804   4.29002   4.23406   4.12643   3.89408   3.52625   3.42234   3.61225   3.85220   4.04740   4.16171   4.20336   4.20593   4.19488   4.18580   4.22220   4.27560   4.28275   4.22108   3.99852   0.00000
211.8750   1.30000   2.01960   2.25651   2.34676   2.43348   2.52341   2.59141   2.63156   2.64710   2.63592   2.58837   2.49611   2.35168   2.15171   1.93743   1.79420   1.79513   1.98981   2.25948   2.43173   2.51009   2.54536   2.56810   2.58630   2.59876   2.60574   2.60887   2.60879   2.60611   2.60184   2.59683   2.59174   2.58699   2.58292   2.57987   2.57809   2.57807   2.58010   2.58446   2.59091   2.59907   2.60849   2.61883   2.62985   2.64167   2.65470   2.66955   2.68680   2.70691   2.73001   2.75586   2.78393   2.81347   2.84369   2.87385   2.90340   2.93201   2.95964   2.98661   3.01385   3.04329   3.07924   3.13034   3.21230   3.35049   3.56462   3.82400   4.03937   4.15743   4.21131   4.24105   4.26205   4.27903   4.29340   4.30548   4.31536   4.32321   4.32984   4.33615   4.34244   4.34863   4.35469   4.36065   4.36653   4.37237   4.37815   4.38390   4.38960   4.39529   4.40098   4.40667   4.41241   4.41820   4.42408   4.43008   4.43622   4.44252   4.44900   4.45568   4.46254   4.46961   4.47690   4.48439   4.49205   4.49985   4.50779   4.51589   4.52413   4.53251   4.54101   4.54961   4.55827   4.56700   4.57577   4.58458   4.59341   4.60227   4.61112   4.61996   4.62878   4.63756   4.64629   4.65495   4.66353   4.67201   4.68038   4.68864   4.69676   4.70474   4.71257   4.72024   4.72774   4.73507   4.74221   4.74915   4.75590   4.76245   4.76879   4.77493   4.78085   4.78655   4.79204   4.79730   4.80235   4.80718   4.81178   4.81616   4.82031   4.82424   4.82795   4.83143   4.83469   4.83772   4.84052   4.84310   4.84545   4.84757   4.84946   4.85111   4.85253   4.85372   4.85467   4.85537   4.85582   4.85602   4.85597   4.85565   4.85507   4.85420   4.85306   4.85161   4.84987   4.84781   4.84542   4.84269   4.83960   4.83613   4.83227   4.82799   4.82327   4.81807   4.81238   4.80613   4.79931   4.79184   4.78371   4.77483   4.76522   4.75477   4.74355   4.73142   4.71850   4.70457   4.68979   4.67385   4.65699   4.63883   4.61955   4.59861   4.57621   4.55210   4.52662   4.49988   4.47212   4.44337   4.41280   4.37971   4.34252   4.30425   4.26433   4.20350   4.08491   3.81840   3.42948   3.38781   3.58984   3.84073   4.04492   4.16306   4.20526   4.20667   4.19525   4.18673   4.22447   4.27369   4.27921   4.21753   3.99718   0.00000
213.1250   1.30000   2.00879   2.25151   2.34587   2.43271   2.52092   2.58821   2.62857   2.64412   2.63172   2.58215   2.48774   2.34007   2.13484   1.91701   1.77599   1.77807   1.97226   2.24141   2.41807   2.50139   2.53863   2.56201   2.58069   2.59341   2.60009   2.60252   2.60162   2.59807   2.59289   2.58695   2.58091   2.57523   2.57025   2.56630   2.56370   2.56289   2.56426   2.56819   2.57443   2.58248   2.59167   2.60159   2.61199   2.62301   2.63508   2.64884   2.66496   2.68401   2.70624   2.73150   2.75933   2.78898   2.81964   2.85050   2.88094   2.91055   2.93921   2.96716   2.99510   3.02444   3.05815   3.10236   3.16850   3.27654   3.45209   3.69576   3.94395   4.11140   4.19142   4.23034   4.25482   4.27352   4.28908   4.30230   4.31334   4.32227   4.32944   4.33585   4.34215   4.34843   4.35461   4.36068   4.36668   4.37263   4.37852   4.38438   4.39020   4.39600   4.40180   4.40760   4.41344   4.41934   4.42533   4.43142   4.43765   4.44404   4.45059   4.45732   4.46425   4.47135   4.47868   4.48619   4.49386   4.50166   4.50958   4.51763   4.52583   4.53416   4.54259   4.55111   4.55969   4.56831   4.57696   4.58564   4.59433   4.60304   4.61173   4.62042   4.62906   4.63767   4.64621   4.65468   4.66307   4.67135   4.67953   4.68758   4.69550   4.70327   4.71089   4.71835   4.72563   4.73274   4.73967   4.74640   4.75294   4.75927   4.76540   4.77131   4.77702   4.78251   4.78779   4.79284   4.79768   4.80230   4.80670   4.81088   4.81483   4.81856   4.82207   4.82536   4.82842   4.83126   4.83387   4.83626   4.83842   4.84035   4.84206   4.84353   4.84477   4.84577   4.84653   4.84705   4.84733   4.84735   4.84711   4.84661   4.84584   4.84479   4.84345   4.84182   4.83989   4.83763   4.83505   4.83211   4.82882   4.82514   4.82106   4.81656   4.81161   4.80618   4.80023   4.79373   4.78663   4.77888   4.77044   4.76124   4.75127   4.74045   4.72885   4.71630   4.70297   4.68858   4.67335   4.65690   4.63960   4.62088   4.60114   4.57948   4.55658   4.53168   4.50575   4.47840   4.45056   4.42171   4.39155   4.35823   4.32013   4.28046   4.23845   4.17236   4.04042   3.73462   3.34489   3.34891   3.56246   3.82538   4.03990   4.16319   4.20682   4.20765   4.19540   4.18790   4.22676   4.27226   4.27613   4.21401   3.99395   0.00000
214.3750   1.30000   1.99730   2.24611   2.34468   2.43132   2.51768   2.58427   2.62473   2.64016   2.62630   2.57467   2.47816   2.32709   2.11644   1.89616   1.75996   1.76406   1.95848   2.22598   2.40552   2.49306   2.53216   2.55616   2.57518   2.58811   2.59456   2.59631   2.59452   2.59008   2.58395   2.57700   2.56996   2.56328   2.55734   2.55246   2.54896   2.54729   2.54793   2.55131   2.55732   2.56538   2.57454   2.58420   2.59407   2.60433   2.61543   2.62806   2.64298   2.66087   2.68208   2.70660   2.73402   2.76364   2.79460   2.82605   2.85728   2.88779   2.91738   2.94622   2.97486   3.00440   3.03699   3.07695   3.13255   3.21844   3.35811   3.56978   3.82564   4.04089   4.16079   4.21578   4.24595   4.26707   4.28403   4.29838   4.31056   4.32064   4.32875   4.33548   4.34179   4.34810   4.35439   4.36058   4.36669   4.37274   4.37874   4.38471   4.39064   4.39655   4.40245   4.40837   4.41431   4.42031   4.42639   4.43258   4.43890   4.44536   4.45198   4.45877   4.46574   4.47288   4.48023   4.48776   4.49544   4.50323   4.51112   4.51914   4.52728   4.53555   4.54392   4.55237   4.56085   4.56936   4.57789   4.58644   4.59499   4.60355   4.61209   4.62060   4.62908   4.63751   4.64587   4.65415   4.66234   4.67043   4.67840   4.68625   4.69396   4.70153   4.70894   4.71618   4.72326   4.73015   4.73686   4.74338   4.74970   4.75581   4.76173   4.76743   4.77292   4.77820   4.78327   4.78812   4.79275   4.79716   4.80135   4.80533   4.80908   4.81262   4.81593   4.81902   4.82189   4.82453   4.82696   4.82915   4.83113   4.83287   4.83439   4.83568   4.83674   4.83755   4.83813   4.83847   4.83856   4.83840   4.83798   4.83729   4.83633   4.83510   4.83358   4.83175   4.82962   4.82717   4.82439   4.82125   4.81775   4.81386   4.80956   4.80484   4.79965   4.79398   4.78779   4.78102   4.77365   4.76560   4.75685   4.74732   4.73699   4.72581   4.71379   4.70084   4.68707   4.67223   4.65653   4.63959   4.62182   4.60255   4.58232   4.55997   4.53655   4.51082   4.48449   4.45645   4.42873   4.39964   4.37025   4.33670   4.29788   4.25673   4.21233   4.14070   3.99218   3.64634   3.27122   3.30518   3.52988   3.80583   4.03220   4.16209   4.20811   4.20912   4.19551   4.19015   4.22908   4.27116   4.27340   4.21042   3.98941   0.00000
215.6250   1.30000   1.98511   2.24018   2.34311   2.42931   2.51372   2.57955   2.62002   2.63510   2.61953   2.56590   2.46737   2.31268   2.09647   1.87506   1.74664   1.75359   1.94851   2.21322   2.39432   2.48526   2.52599   2.55056   2.56976   2.58282   2.58908   2.59016   2.58747   2.58210   2.57499   2.56699   2.55888   2.55115   2.54420   2.53833   2.53389   2.53130   2.53111   2.53383   2.53952   2.54760   2.55692   2.56655   2.57604   2.58561   2.59576   2.60725   2.62090   2.63751   2.65758   2.68120   2.70806   2.73749   2.76863   2.80056   2.83248   2.86380   2.89424   2.92388   2.95317   2.98301   3.01506   3.05248   3.10119   3.17179   3.28261   3.45703   3.69634   3.94248   4.11217   4.19454   4.23448   4.25936   4.27816   4.29372   4.30699   4.31823   4.32747   4.33491   4.34139   4.34768   4.35402   4.36032   4.36654   4.37269   4.37880   4.38487   4.39090   4.39692   4.40293   4.40895   4.41500   4.42110   4.42727   4.43355   4.43994   4.44648   4.45316   4.46001   4.46701   4.47418   4.48154   4.48909   4.49678   4.50455   4.51241   4.52038   4.52848   4.53669   4.54499   4.55335   4.56174   4.57015   4.57856   4.58697   4.59538   4.60378   4.61216   4.62051   4.62881   4.63706   4.64524   4.65333   4.66133   4.66922   4.67700   4.68464   4.69214   4.69950   4.70670   4.71373   4.72059   4.72727   4.73377   4.74007   4.74618   4.75208   4.75778   4.76327   4.76854   4.77361   4.77847   4.78311   4.78753   4.79174   4.79573   4.79950   4.80305   4.80639   4.80950   4.81240   4.81507   4.81753   4.81976   4.82177   4.82355   4.82511   4.82645   4.82755   4.82842   4.82906   4.82945   4.82960   4.82951   4.82916   4.82856   4.82769   4.82654   4.82512   4.82341   4.82139   4.81907   4.81642   4.81343   4.81009   4.80638   4.80227   4.79776   4.79281   4.78739   4.78147   4.77502   4.76800   4.76034   4.75200   4.74293   4.73306   4.72237   4.71081   4.69838   4.68502   4.67079   4.65551   4.63932   4.62190   4.60362   4.58385   4.56307   4.54009   4.51605   4.48958   4.46278   4.43413   4.40660   4.37721   4.34891   4.31514   4.27592   4.23315   4.18598   4.10840   3.93972   3.55664   3.20399   3.25651   3.49192   3.78178   4.02154   4.15964   4.20915   4.21129   4.19647   4.19389   4.23169   4.27036   4.27095   4.20670   3.98393   0.00000
216.8750   1.30000   1.97216   2.23360   2.34109   2.42667   2.50903   2.57400   2.61439   2.62878   2.61135   2.55585   2.45534   2.29676   2.07487   1.85394   1.73614   1.74655   1.94150   2.20271   2.38451   2.47819   2.52016   2.54519   2.56441   2.57749   2.58356   2.58401   2.58044   2.57410   2.56597   2.55688   2.54765   2.53881   2.53080   2.52391   2.51850   2.51495   2.51384   2.51577   2.52098   2.52903   2.53864   2.54849   2.55782   2.56682   2.57607   2.58640   2.59874   2.61398   2.63278   2.65535   2.68149   2.71058   2.74175   2.77405   2.80657   2.83863   2.86985   2.90022   2.93009   2.96025   2.99204   3.02787   3.07213   3.13250   3.22222   3.36250   3.57014   3.82150   4.03773   4.16148   4.21869   4.24975   4.27121   4.28826   4.30264   4.31498   4.32539   4.33390   4.34087   4.34720   4.35353   4.35990   4.36622   4.37248   4.37869   4.38486   4.39099   4.39711   4.40322   4.40934   4.41549   4.42168   4.42795   4.43431   4.44078   4.44738   4.45413   4.46102   4.46805   4.47524   4.48261   4.49017   4.49786   4.50562   4.51344   4.52136   4.52940   4.53755   4.54578   4.55406   4.56235   4.57065   4.57893   4.58721   4.59547   4.60372   4.61194   4.62012   4.62825   4.63632   4.64431   4.65222   4.66002   4.66772   4.67529   4.68273   4.69003   4.69717   4.70416   4.71098   4.71763   4.72410   4.73038   4.73646   4.74235   4.74804   4.75353   4.75880   4.76387   4.76872   4.77337   4.77780   4.78202   4.78602   4.78980   4.79337   4.79673   4.79986   4.80278   4.80548   4.80796   4.81023   4.81227   4.81409   4.81569   4.81706   4.81821   4.81912   4.81981   4.82026   4.82047   4.82044   4.82016   4.81963   4.81884   4.81778   4.81645   4.81484   4.81293   4.81072   4.80820   4.80535   4.80216   4.79862   4.79469   4.79037   4.78563   4.78045   4.77480   4.76864   4.76193   4.75464   4.74670   4.73806   4.72866   4.71846   4.70740   4.69545   4.68261   4.66883   4.65414   4.63841   4.62170   4.60382   4.58500   4.56477   4.54337   4.51983   4.49507   4.46799   4.44056   4.41151   4.38402   4.35465   4.32742   4.29354   4.25438   4.20985   4.15951   4.07524   3.88303   3.46775   3.14079   3.20305   3.44849   3.75288   4.00760   4.15565   4.20987   4.21432   4.20013   4.19935   4.23475   4.26984   4.26876   4.20275   3.97775   0.00000
218.1250   1.30000   1.95842   2.22622   2.33848   2.42336   2.50362   2.56757   2.60774   2.62103   2.60177   2.54452   2.44208   2.27925   2.05156   1.83302   1.72772   1.74252   1.93543   2.19355   2.37594   2.47197   2.51471   2.54002   2.55908   2.57206   2.57793   2.57779   2.57338   2.56602   2.55684   2.54663   2.53623   2.52624   2.51713   2.50920   2.50278   2.49824   2.49616   2.49718   2.50173   2.50958   2.51950   2.52980   2.53927   2.54791   2.55634   2.56554   2.57652   2.59031   2.60771   2.62909   2.65435   2.68295   2.71401   2.74656   2.77959   2.81232   2.84426   2.87530   2.90571   2.93616   2.96780   3.00257   3.04386   3.09738   3.17254   3.28569   3.45760   3.69081   3.93478   4.10871   4.19531   4.23714   4.26277   4.28185   4.29750   4.31090   4.32243   4.33212   4.34002   4.34666   4.35295   4.35931   4.36573   4.37209   4.37840   4.38466   4.39090   4.39711   4.40332   4.40954   4.41578   4.42206   4.42841   4.43485   4.44140   4.44806   4.45486   4.46179   4.46885   4.47604   4.48341   4.49098   4.49867   4.50641   4.51420   4.52206   4.53003   4.53811   4.54627   4.55447   4.56267   4.57085   4.57900   4.58714   4.59526   4.60335   4.61140   4.61942   4.62737   4.63526   4.64307   4.65078   4.65839   4.66589   4.67326   4.68050   4.68759   4.69453   4.70131   4.70792   4.71435   4.72060   4.72667   4.73254   4.73822   4.74369   4.74896   4.75402   4.75888   4.76352   4.76796   4.77218   4.77619   4.77999   4.78357   4.78694   4.79009   4.79303   4.79575   4.79826   4.80055   4.80262   4.80447   4.80610   4.80751   4.80869   4.80965   4.81039   4.81089   4.81115   4.81118   4.81096   4.81050   4.80978   4.80881   4.80756   4.80604   4.80424   4.80214   4.79974   4.79702   4.79397   4.79057   4.78681   4.78267   4.77814   4.77317   4.76776   4.76186   4.75546   4.74849   4.74093   4.73270   4.72376   4.71404   4.70349   4.69205   4.67972   4.66645   4.65225   4.63708   4.62090   4.60367   4.58533   4.56596   4.54527   4.52323   4.49916   4.47363   4.44602   4.41786   4.38860   4.36096   4.33215   4.30562   4.27199   4.23325   4.18696   4.13307   4.04089   3.82245   3.38094   3.07893   3.14512   3.39956   3.71876   3.98995   4.14987   4.21012   4.21806   4.20634   4.20671   4.23824   4.26957   4.26684   4.19836   3.97099   0.00000
219.3750   1.30000   1.94384   2.21792   2.33518   2.41929   2.49747   2.56020   2.59975   2.61165   2.59064   2.53196   2.42757   2.26003   2.02650   1.81256   1.72139   1.74136   1.92858   2.18452   2.36825   2.46655   2.50975   2.53501   2.55371   2.56647   2.57210   2.57141   2.56620   2.55784   2.54753   2.53616   2.52458   2.51341   2.50316   2.49416   2.48674   2.48120   2.47810   2.47812   2.48184   2.48926   2.49937   2.51025   2.52018   2.52874   2.53652   2.54466   2.55426   2.56653   2.58241   2.60245   2.62668   2.65462   2.68544   2.71811   2.75158   2.78491   2.81751   2.84917   2.88008   2.91080   2.94233   2.97631   3.01548   3.06426   3.12958   3.22300   3.36297   3.56469   3.81016   4.02836   4.15843   4.21945   4.25206   4.27417   4.29147   4.30599   4.31855   4.32937   4.33846   4.34588   4.35233   4.35861   4.36504   4.37150   4.37791   4.38427   4.39060   4.39690   4.40320   4.40951   4.41585   4.42222   4.42865   4.43516   4.44177   4.44850   4.45534   4.46231   4.46938   4.47657   4.48394   4.49151   4.49920   4.50692   4.51466   4.52245   4.53035   4.53836   4.54645   4.55456   4.56266   4.57073   4.57876   4.58676   4.59472   4.60265   4.61054   4.61838   4.62616   4.63387   4.64149   4.64902   4.65643   4.66373   4.67090   4.67793   4.68482   4.69155   4.69811   4.70451   4.71073   4.71677   4.72263   4.72829   4.73375   4.73901   4.74406   4.74891   4.75356   4.75799   4.76221   4.76623   4.77003   4.77363   4.77701   4.78017   4.78313   4.78587   4.78839   4.79071   4.79280   4.79468   4.79634   4.79778   4.79900   4.80000   4.80077   4.80132   4.80164   4.80172   4.80156   4.80116   4.80051   4.79960   4.79844   4.79701   4.79529   4.79330   4.79101   4.78841   4.78549   4.78224   4.77863   4.77467   4.77031   4.76555   4.76036   4.75471   4.74858   4.74192   4.73469   4.72685   4.71834   4.70910   4.69905   4.68814   4.67633   4.66359   4.64990   4.63526   4.61963   4.60298   4.58523   4.56641   4.54650   4.52534   4.50267   4.47806   4.45174   4.42363   4.39471   4.36535   4.33750   4.30966   4.28345   4.25063   4.21253   4.16458   4.10680   4.00509   3.75857   3.29626   3.01564   3.08328   3.34526   3.67908   3.96809   4.14192   4.20968   4.22215   4.21405   4.21552   4.24208   4.26945   4.26511   4.19339   3.96372   0.00000
220.6250   1.30000   1.92837   2.20856   2.33108   2.41457   2.49057   2.55184   2.59024   2.60060   2.57795   2.51824   2.41180   2.23895   1.99964   1.79285   1.71761   1.74244   1.92116   2.17452   2.36074   2.46170   2.50526   2.53009   2.54823   2.56061   2.56596   2.56476   2.55882   2.54947   2.53799   2.52541   2.51261   2.50024   2.48884   2.47877   2.47033   2.46381   2.45968   2.45864   2.46137   2.46811   2.47818   2.48963   2.50028   2.50911   2.51652   2.52370   2.53195   2.54264   2.55690   2.57546   2.59849   2.62562   2.65605   2.68873   2.72254   2.75640   2.78962   2.82187   2.85325   2.88422   2.91567   2.94900   2.98652   3.03182   3.09029   3.17005   3.28504   3.45291   3.67794   3.91906   4.09936   4.19274   4.23771   4.26465   4.28429   4.30020   4.31379   4.32563   4.33587   4.34447   4.35153   4.35788   4.36420   4.37069   4.37721   4.38367   4.39009   4.39647   4.40286   4.40926   4.41568   4.42214   4.42865   4.43523   4.44190   4.44868   4.45556   4.46256   4.46965   4.47683   4.48417   4.49174   4.49943   4.50712   4.51480   4.52253   4.53035   4.53828   4.54629   4.55432   4.56232   4.57027   4.57817   4.58603   4.59384   4.60161   4.60934   4.61700   4.62460   4.63213   4.63956   4.64689   4.65411   4.66121   4.66818   4.67501   4.68169   4.68821   4.69457   4.70075   4.70676   4.71259   4.71823   4.72367   4.72892   4.73397   4.73881   4.74345   4.74788   4.75211   4.75612   4.75993   4.76353   4.76692   4.77009   4.77306   4.77582   4.77836   4.78069   4.78281   4.78471   4.78639   4.78786   4.78912   4.79015   4.79096   4.79155   4.79191   4.79204   4.79193   4.79159   4.79100   4.79017   4.78907   4.78772   4.78610   4.78420   4.78201   4.77952   4.77672   4.77360   4.77015   4.76634   4.76215   4.75758   4.75260   4.74718   4.74129   4.73491   4.72800   4.72051   4.71240   4.70360   4.69404   4.68366   4.67241   4.66021   4.64706   4.63294   4.61785   4.60175   4.58462   4.56636   4.54704   4.52659   4.50496   4.48167   4.45650   4.42941   4.40079   4.37115   4.34171   4.31374   4.28699   4.26099   4.22960   4.19224   4.14268   4.08072   3.96764   3.69201   3.21328   2.94955   3.01855   3.28584   3.63352   3.94146   4.13136   4.20827   4.22615   4.22181   4.22450   4.24612   4.26939   4.26349   4.18773   3.95596   0.00000
221.8750   1.30000   1.91195   2.19797   2.32604   2.40938   2.48299   2.54247   2.57925   2.58793   2.56396   2.50352   2.39468   2.21581   1.97097   1.77417   1.71628   1.74528   1.91389   2.16319   2.35263   2.45704   2.50119   2.52516   2.54253   2.55436   2.55940   2.55774   2.55110   2.54080   2.52813   2.51429   2.50023   2.48666   2.47410   2.46296   2.45353   2.44604   2.44089   2.43877   2.44039   2.44621   2.45592   2.46780   2.47931   2.48877   2.49615   2.50260   2.50957   2.51865   2.53120   2.54814   2.56981   2.59596   2.62586   2.65843   2.69248   2.72682   2.76061   2.79343   2.82525   2.85646   2.88784   2.92060   2.95676   2.99933   3.05270   3.12301   3.21994   3.35854   3.55235   3.78990   4.01054   4.14997   4.21708   4.25227   4.27551   4.29334   4.30814   4.32095   4.33221   4.34200   4.35020   4.35703   4.36332   4.36969   4.37625   4.38283   4.38934   4.39582   4.40228   4.40876   4.41526   4.42180   4.42838   4.43503   4.44175   4.44858   4.45550   4.46253   4.46963   4.47678   4.48408   4.49164   4.49934   4.50700   4.51462   4.52226   4.53000   4.53785   4.54578   4.55372   4.56163   4.56946   4.57723   4.58494   4.59260   4.60020   4.60776   4.61525   4.62267   4.63001   4.63725   4.64439   4.65142   4.65832   4.66508   4.67170   4.67818   4.68449   4.69064   4.69661   4.70241   4.70803   4.71346   4.71869   4.72372   4.72856   4.73319   4.73762   4.74184   4.74585   4.74966   4.75326   4.75665   4.75984   4.76281   4.76558   4.76814   4.77048   4.77262   4.77454   4.77625   4.77774   4.77902   4.78009   4.78093   4.78155   4.78195   4.78213   4.78207   4.78178   4.78125   4.78048   4.77945   4.77818   4.77663   4.77482   4.77273   4.77034   4.76766   4.76466   4.76134   4.75768   4.75366   4.74926   4.74447   4.73926   4.73361   4.72748   4.72086   4.71369   4.70594   4.69755   4.68845   4.67859   4.66787   4.65626   4.64367   4.63011   4.61555   4.60001   4.58343   4.56581   4.54704   4.52721   4.50623   4.48410   4.46023   4.43447   4.40666   4.37749   4.34719   4.31767   4.28973   4.26396   4.23836   4.20892   4.17235   4.12105   4.05476   3.92853   3.62376   3.13302   2.88201   2.95264   3.22168   3.58184   3.90942   4.11760   4.20548   4.22966   4.22921   4.23270   4.25023   4.26934   4.26186   4.18130   3.94773   0.00000
223.1250   1.30000   1.89454   2.18600   2.31993   2.40372   2.47479   2.53209   2.56682   2.57380   2.54890   2.48788   2.37611   2.19038   1.94051   1.75683   1.71678   1.74984   1.90746   2.15075   2.34329   2.45198   2.49733   2.52015   2.53647   2.54754   2.55222   2.55018   2.54288   2.53165   2.51782   2.50270   2.48735   2.47255   2.45885   2.44666   2.43627   2.42785   2.42171   2.41852   2.41896   2.42365   2.43266   2.44466   2.45701   2.46740   2.47515   2.48118   2.48704   2.49454   2.50530   2.52050   2.54065   2.56567   2.59487   2.62720   2.66140   2.69616   2.73048   2.76384   2.79610   2.82754   2.85886   2.89113   2.92609   2.96637   3.01569   3.07909   3.16336   3.27956   3.44188   3.65634   3.89296   4.08155   4.18516   4.23522   4.26432   4.28500   4.30143   4.31532   4.32750   4.33833   4.34779   4.35570   4.36236   4.36863   4.37506   4.38169   4.38833   4.39491   4.40145   4.40801   4.41458   4.42118   4.42783   4.43454   4.44132   4.44819   4.45513   4.46218   4.46930   4.47641   4.48366   4.49119   4.49890   4.50654   4.51409   4.52164   4.52928   4.53704   4.54488   4.55275   4.56055   4.56827   4.57590   4.58346   4.59096   4.59840   4.60579   4.61310   4.62034   4.62749   4.63454   4.64149   4.64832   4.65502   4.66158   4.66800   4.67426   4.68037   4.68631   4.69207   4.69766   4.70307   4.70828   4.71330   4.71812   4.72275   4.72717   4.73139   4.73540   4.73920   4.74280   4.74619   4.74938   4.75236   4.75514   4.75771   4.76006   4.76221   4.76415   4.76588   4.76740   4.76870   4.76979   4.77067   4.77132   4.77176   4.77197   4.77196   4.77172   4.77124   4.77052   4.76956   4.76835   4.76688   4.76515   4.76315   4.76086   4.75828   4.75540   4.75220   4.74868   4.74480   4.74057   4.73596   4.73095   4.72551   4.71962   4.71326   4.70638   4.69896   4.69094   4.68227   4.67288   4.66270   4.65165   4.63968   4.62670   4.61272   4.59771   4.58171   4.56465   4.54655   4.52725   4.50690   4.48540   4.46277   4.43834   4.41196   4.38347   4.35373   4.32287   4.29326   4.26546   4.24048   4.21568   4.18854   4.15280   4.09977   4.02892   3.88795   3.55538   3.05808   2.81913   2.88826   3.15338   3.52388   3.87131   4.09992   4.20084   4.23222   4.23600   4.23996   4.25429   4.26931   4.26008   4.17402   3.93899   0.00000
224.3750   1.30000   1.87612   2.17245   2.31258   2.39750   2.46603   2.52078   2.55309   2.55846   2.53301   2.47139   2.35590   2.16238   1.90839   1.74106   1.71883   1.75612   1.90233   2.13761   2.33242   2.44580   2.49327   2.51492   2.52989   2.53995   2.54417   2.54182   2.53393   2.52181   2.50687   2.49048   2.47383   2.45779   2.44295   2.42976   2.41847   2.40916   2.40208   2.39785   2.39709   2.40049   2.40849   2.42023   2.43323   2.44468   2.45319   2.45920   2.46422   2.47025   2.47919   2.49253   2.51101   2.53473   2.56310   2.59504   2.62930   2.66442   2.69923   2.73312   2.76580   2.79747   2.82876   2.86060   2.89449   2.93277   2.97867   3.03653   3.11174   3.21182   3.34807   3.53204   3.75882   3.98115   4.13331   4.20997   4.24936   4.27450   4.29332   4.30865   4.32179   4.33347   4.34399   4.35324   4.36097   4.36754   4.37382   4.38029   4.38698   4.39368   4.40033   4.40697   4.41361   4.42027   4.42699   4.43375   4.44057   4.44748   4.45444   4.46151   4.46864   4.47570   4.48287   4.49035   4.49808   4.50571   4.51318   4.52063   4.52816   4.53582   4.54358   4.55136   4.55907   4.56666   4.57416   4.58157   4.58891   4.59619   4.60339   4.61053   4.61758   4.62455   4.63141   4.63816   4.64479   4.65129   4.65765   4.66386   4.66992   4.67582   4.68155   4.68710   4.69248   4.69767   4.70268   4.70749   4.71210   4.71651   4.72072   4.72473   4.72853   4.73213   4.73552   4.73871   4.74169   4.74447   4.74705   4.74941   4.75157   4.75353   4.75527   4.75681   4.75813   4.75924   4.76014   4.76083   4.76130   4.76155   4.76157   4.76137   4.76094   4.76028   4.75938   4.75823   4.75683   4.75517   4.75325   4.75105   4.74857   4.74579   4.74271   4.73931   4.73558   4.73150   4.72706   4.72223   4.71699   4.71133   4.70520   4.69859   4.69147   4.68378   4.67549   4.66654   4.65686   4.64637   4.63498   4.62264   4.60928   4.59487   4.57941   4.56294   4.54540   4.52679   4.50698   4.48609   4.46407   4.44094   4.41597   4.38896   4.35983   4.32954   4.29821   4.26847   4.24088   4.21658   4.19305   4.16829   4.13347   4.07938   4.00318   3.84628   3.48923   2.99174   2.76989   2.82878   3.08185   3.45957   3.82641   4.07747   4.19379   4.23336   4.24192   4.24634   4.25820   4.26937   4.25800   4.16575   3.92970   0.00000
225.6250   1.30000   1.85666   2.15716   2.30380   2.39052   2.45668   2.50863   2.53833   2.54225   2.51653   2.45402   2.33378   2.13151   1.87481   1.72684   1.72225   1.76409   1.89876   2.12419   2.31991   2.43793   2.48852   2.50924   2.52258   2.53133   2.53493   2.53232   2.52390   2.51097   2.49496   2.47737   2.45946   2.44219   2.42625   2.41211   2.40000   2.38987   2.38191   2.37669   2.37474   2.37677   2.38348   2.39456   2.40787   2.42037   2.42992   2.43633   2.44086   2.44563   2.45281   2.46422   2.48089   2.50314   2.53051   2.56194   2.59615   2.63157   2.66684   2.70124   2.73434   2.76625   2.79754   2.82899   2.86192   2.89841   2.94130   2.99445   3.06260   3.15113   3.26794   3.42351   3.62477   3.85373   4.05140   4.16974   4.22804   4.26071   4.28315   4.30058   4.31502   4.32755   4.33885   4.34916   4.35833   4.36600   4.37256   4.37884   4.38535   4.39207   4.39885   4.40561   4.41233   4.41906   4.42582   4.43262   4.43948   4.44643   4.45339   4.46049   4.46763   4.47463   4.48170   4.48911   4.49687   4.50448   4.51187   4.51921   4.52662   4.53417   4.54184   4.54953   4.55714   4.56462   4.57198   4.57924   4.58642   4.59352   4.60055   4.60750   4.61437   4.62114   4.62781   4.63437   4.64080   4.64710   4.65325   4.65926   4.66511   4.67080   4.67632   4.68167   4.68684   4.69182   4.69662   4.70122   4.70562   4.70982   4.71382   4.71762   4.72121   4.72460   4.72779   4.73077   4.73355   4.73613   4.73850   4.74067   4.74264   4.74440   4.74595   4.74729   4.74842   4.74934   4.75005   4.75055   4.75083   4.75089   4.75073   4.75034   4.74973   4.74888   4.74778   4.74645   4.74486   4.74301   4.74090   4.73851   4.73583   4.73286   4.72958   4.72598   4.72204   4.71775   4.71309   4.70804   4.70258   4.69668   4.69032   4.68347   4.67609   4.66814   4.65958   4.65035   4.64037   4.62956   4.61784   4.60513   4.59137   4.57654   4.56062   4.54367   4.52565   4.50654   4.48621   4.46477   4.44222   4.41859   4.39311   4.36548   4.33575   4.30494   4.27318   4.24330   4.21594   4.19234   4.17046   4.14796   4.11412   4.05995   3.97731   3.80454   3.42888   2.93767   2.73388   2.77720   3.00847   3.38896   3.77402   4.04919   4.18366   4.23257   4.24678   4.25200   4.26190   4.26958   4.25540   4.15637   3.91982   0.00000
226.8750   1.30000   1.83619   2.13999   2.29336   2.38252   2.44671   2.49578   2.52296   2.52556   2.49964   2.43570   2.30939   2.09747   1.84012   1.71410   1.72670   1.77356   1.89672   2.11086   2.30587   2.42817   2.48255   2.50286   2.51435   2.52140   2.52409   2.52113   2.51228   2.49864   2.48170   2.46300   2.44393   2.42552   2.40855   2.39355   2.38070   2.36984   2.36108   2.35490   2.35181   2.35244   2.35770   2.36773   2.38093   2.39427   2.40498   2.41217   2.41664   2.42046   2.42603   2.43549   2.45025   2.47088   2.49709   2.52786   2.56192   2.59758   2.63326   2.66817   2.70172   2.73387   2.76517   2.79630   2.82837   2.86324   2.90343   2.95238   3.01449   3.09429   3.19710   3.33036   3.50287   3.71524   3.93621   4.10393   4.19519   4.24158   4.26991   4.29047   4.30682   4.32054   4.33261   4.34363   4.35383   4.36302   4.37079   4.37740   4.38372   4.39019   4.39692   4.40382   4.41068   4.41750   4.42431   4.43114   4.43801   4.44501   4.45196   4.45907   4.46625   4.47318   4.48010   4.48742   4.49520   4.50282   4.51014   4.51735   4.52462   4.53204   4.53961   4.54723   4.55475   4.56211   4.56933   4.57644   4.58345   4.59038   4.59722   4.60399   4.61067   4.61725   4.62372   4.63008   4.63631   4.64241   4.64836   4.65417   4.65981   4.66530   4.67061   4.67575   4.68071   4.68548   4.69006   4.69446   4.69865   4.70264   4.70644   4.71003   4.71341   4.71660   4.71958   4.72236   4.72493   4.72731   4.72948   4.73146   4.73322   4.73479   4.73614   4.73729   4.73824   4.73897   4.73949   4.73980   4.73989   4.73976   4.73941   4.73884   4.73803   4.73700   4.73572   4.73419   4.73242   4.73038   4.72807   4.72549   4.72261   4.71944   4.71596   4.71216   4.70801   4.70351   4.69863   4.69336   4.68767   4.68154   4.67494   4.66784   4.66021   4.65200   4.64317   4.63365   4.62337   4.61225   4.60020   4.58713   4.57297   4.55770   4.54132   4.52388   4.50537   4.48576   4.46490   4.44289   4.41981   4.39569   4.36973   4.34149   4.31120   4.27993   4.24775   4.21774   4.19068   4.16788   4.14773   4.12728   4.09458   4.04111   3.95124   3.76465   3.37796   2.89907   2.71207   2.73614   2.93525   3.31227   3.71355   4.01380   4.16956   4.22923   4.25027   4.25710   4.26535   4.26993   4.25201   4.14570   3.90927   0.00000
228.1250   1.30000   1.81473   2.12081   2.28106   2.37329   2.43625   2.48243   2.50743   2.50871   2.48246   2.41618   2.28228   2.05993   1.80483   1.70316   1.73172   1.78367   1.89594   2.09785   2.29044   2.41646   2.47500   2.49559   2.50504   2.50991   2.51113   2.50757   2.49831   2.48413   2.46646   2.44688   2.42683   2.40743   2.38957   2.37386   2.36040   2.34888   2.33939   2.33233   2.32813   2.32739   2.33112   2.33982   2.35246   2.36630   2.37811   2.38632   2.39112   2.39438   2.39861   2.40623   2.41901   2.43789   2.46279   2.49276   2.52656   2.56240   2.59846   2.63388   2.66788   2.70028   2.73163   2.76249   2.79379   2.82721   2.86495   2.91008   2.96675   3.03925   3.13164   3.24863   3.39677   3.58246   3.79878   4.00334   4.14138   4.21309   4.25185   4.27731   4.29650   4.31202   4.32520   4.33692   4.34775   4.35791   4.36725   4.37529   4.38204   4.38843   4.39476   4.40156   4.40850   4.41548   4.42240   4.42930   4.43616   4.44319   4.45010   4.45719   4.46443   4.47131   4.47805   4.48522   4.49303   4.50071   4.50794   4.51502   4.52213   4.52941   4.53687   4.54441   4.55184   4.55909   4.56617   4.57312   4.57996   4.58671   4.59337   4.59995   4.60644   4.61282   4.61910   4.62526   4.63129   4.63719   4.64294   4.64853   4.65397   4.65925   4.66435   4.66929   4.67404   4.67860   4.68298   4.68716   4.69115   4.69494   4.69852   4.70191   4.70509   4.70806   4.71084   4.71341   4.71579   4.71797   4.71994   4.72172   4.72329   4.72466   4.72582   4.72678   4.72753   4.72807   4.72840   4.72852   4.72843   4.72811   4.72757   4.72681   4.72582   4.72460   4.72313   4.72142   4.71945   4.71722   4.71472   4.71194   4.70887   4.70550   4.70182   4.69780   4.69345   4.68873   4.68364   4.67815   4.67223   4.66586   4.65902   4.65167   4.64378   4.63531   4.62620   4.61640   4.60583   4.59439   4.58200   4.56857   4.55401   4.53830   4.52145   4.50352   4.48452   4.46440   4.44301   4.42045   4.39684   4.37223   4.34579   4.31695   4.28616   4.25453   4.22195   4.19188   4.16520   4.14324   4.12465   4.10596   4.07489   4.02277   3.92544   3.72902   3.34032   2.87671   2.70279   2.70812   2.86451   3.22994   3.64457   3.96988   4.15034   4.22270   4.25179   4.26156   4.26841   4.27034   4.24750   4.13350   3.89793   0.00000
229.3750   1.30000   1.79236   2.09958   2.26666   2.36263   2.42521   2.46872   2.49181   2.49180   2.46498   2.39512   2.25190   2.01863   1.76956   1.69408   1.73693   1.79352   1.89597   2.08529   2.27372   2.40267   2.46560   2.48718   2.49454   2.49657   2.49559   2.49085   2.48105   2.46648   2.44840   2.42829   2.40756   2.38745   2.36895   2.35274   2.33885   2.32675   2.31661   2.30877   2.30350   2.30145   2.30365   2.31085   2.32255   2.33648   2.34915   2.35845   2.36387   2.36698   2.37020   2.37619   2.38704   2.40409   2.42755   2.45657   2.49000   2.52597   2.56237   2.59829   2.63279   2.66544   2.69687   2.72753   2.75813   2.79024   2.82580   2.86742   2.91906   2.98493   3.06880   3.17385   3.30385   3.46411   3.65828   3.87142   4.05454   4.16719   4.22562   4.25950   4.28303   4.30123   4.31616   4.32897   4.34044   4.35112   4.36129   4.37085   4.37934   4.38644   4.39291   4.39924   4.40588   4.41283   4.41990   4.42696   4.43386   4.44097   4.44781   4.45483   4.46217   4.46899   4.47552   4.48249   4.49037   4.49815   4.50529   4.51221   4.51914   4.52623   4.53356   4.54101   4.54837   4.55551   4.56246   4.56925   4.57591   4.58248   4.58896   4.59534   4.60163   4.60782   4.61390   4.61986   4.62569   4.63138   4.63693   4.64232   4.64755   4.65262   4.65752   4.66224   4.66679   4.67115   4.67532   4.67929   4.68307   4.68666   4.69004   4.69321   4.69619   4.69896   4.70153   4.70391   4.70608   4.70806   4.70984   4.71142   4.71279   4.71397   4.71494   4.71570   4.71627   4.71662   4.71676   4.71669   4.71641   4.71590   4.71518   4.71423   4.71305   4.71164   4.70998   4.70808   4.70592   4.70350   4.70081   4.69783   4.69457   4.69099   4.68711   4.68289   4.67832   4.67339   4.66808   4.66236   4.65622   4.64961   4.64253   4.63493   4.62678   4.61804   4.60866   4.59857   4.58770   4.57596   4.56324   4.54944   4.53448   4.51834   4.50101   4.48259   4.46310   4.44250   4.42062   4.39751   4.37334   4.34819   4.32130   4.29197   4.26074   4.22884   4.19587   4.16582   4.13958   4.11838   4.10099   4.08377   4.05501   4.00494   3.90071   3.70031   3.31754   2.86784   2.69855   2.69412   2.79889   3.14259   3.56691   3.91600   4.12444   4.21223   4.25040   4.26492   4.27052   4.27064   4.24142   4.11941   3.88550   0.00000
230.6250   1.30000   1.76918   2.07632   2.25000   2.35029   2.41329   2.45471   2.47590   2.47486   2.44706   2.37193   2.21762   1.97338   1.73500   1.68672   1.74244   1.80161   1.89633   2.07325   2.25581   2.38659   2.45399   2.47725   2.48267   2.48126   2.47709   2.47023   2.45941   2.44453   2.42644   2.40629   2.38537   2.36494   2.34619   2.32982   2.31572   2.30314   2.29244   2.28401   2.27777   2.27445   2.27518   2.28082   2.29129   2.30488   2.31801   2.32827   2.33444   2.33774   2.34034   2.34502   2.35410   2.36932   2.39125   2.41921   2.45215   2.48819   2.52490   2.56133   2.59636   2.62930   2.66083   2.69135   2.72133   2.75226   2.78587   2.82428   2.87124   2.93087   3.00697   3.10257   3.21942   3.36013   3.52901   3.72660   3.93065   4.09113   4.18425   4.23401   4.26478   4.28703   4.30458   4.31915   4.33174   4.34305   4.35363   4.36382   4.37364   4.38271   4.39051   4.39709   4.40364   4.40993   4.41677   4.42390   4.43084   4.43825   4.44510   4.45204   4.45953   4.46634   4.47258   4.47920   4.48713   4.49498   4.50205   4.50880   4.51551   4.52239   4.52959   4.53698   4.54428   4.55134   4.55815   4.56479   4.57129   4.57767   4.58395   4.59014   4.59624   4.60223   4.60811   4.61386   4.61949   4.62498   4.63032   4.63550   4.64053   4.64540   4.65009   4.65461   4.65894   4.66310   4.66706   4.67084   4.67441   4.67779   4.68097   4.68394   4.68671   4.68928   4.69166   4.69383   4.69580   4.69758   4.69917   4.70055   4.70173   4.70272   4.70350   4.70407   4.70444   4.70461   4.70456   4.70431   4.70384   4.70315   4.70224   4.70110   4.69974   4.69814   4.69629   4.69420   4.69186   4.68924   4.68636   4.68319   4.67972   4.67595   4.67186   4.66743   4.66266   4.65752   4.65198   4.64604   4.63967   4.63283   4.62550   4.61765   4.60924   4.60024   4.59058   4.58021   4.56905   4.55701   4.54396   4.52981   4.51446   4.49788   4.48007   4.46112   4.44111   4.41998   4.39753   4.37377   4.34898   4.32340   4.29629   4.26662   4.23493   4.20282   4.16948   4.13953   4.11368   4.09305   4.07647   4.06057   4.03459   3.98692   3.87798   3.68068   3.30259   2.86016   2.69912   2.69038   2.74166   3.05109   3.48076   3.85078   4.08988   4.19691   4.24512   4.26658   4.27085   4.27060   4.23326   4.10279   3.87095   0.00000
231.8750   1.30000   1.74537   2.05112   2.23094   2.33602   2.40024   2.44034   2.45993   2.45819   2.42832   2.34586   2.17878   1.92413   1.70182   1.68078   1.74832   1.80855   1.89721   2.06178   2.23679   2.36796   2.43966   2.46527   2.46906   2.46392   2.45533   2.44512   2.43242   2.41709   2.39938   2.37977   2.35927   2.33913   2.32067   2.30461   2.29066   2.27774   2.26676   2.25809   2.25113   2.24655   2.24576   2.24978   2.25874   2.27163   2.28470   2.29565   2.30246   2.30616   2.30849   2.31223   2.31982   2.33335   2.35374   2.38052   2.41290   2.44895   2.48593   2.52288   2.55852   2.59176   2.62343   2.65388   2.68331   2.71316   2.74508   2.78056   2.82317   2.87691   2.94555   3.03264   3.13934   3.26606   3.41450   3.58813   3.78423   3.97526   4.11520   4.19450   4.23881   4.26769   4.28917   4.30639   4.32083   4.33336   4.34463   4.35515   4.36532   4.37532   4.38497   4.39371   4.40103   4.40755   4.41422   4.42054   4.42697   4.43472   4.44156   4.44845   4.45641   4.46338   4.46929   4.47522   4.48307   4.49097   4.49804   4.50465   4.51118   4.51787   4.52493   4.53228   4.53954   4.54651   4.55320   4.55967   4.56599   4.57218   4.57826   4.58425   4.59013   4.59592   4.60159   4.60714   4.61256   4.61785   4.62298   4.62796   4.63278   4.63744   4.64193   4.64624   4.65037   4.65432   4.65808   4.66165   4.66503   4.66820   4.67118   4.67395   4.67652   4.67889   4.68106   4.68303   4.68480   4.68638   4.68777   4.68896   4.68995   4.69074   4.69133   4.69171   4.69189   4.69187   4.69164   4.69119   4.69053   4.68965   4.68856   4.68723   4.68568   4.68389   4.68185   4.67957   4.67703   4.67422   4.67114   4.66777   4.66411   4.66013   4.65583   4.65120   4.64621   4.64085   4.63509   4.62892   4.62231   4.61524   4.60766   4.59956   4.59089   4.58161   4.57168   4.56103   4.54957   4.53722   4.52385   4.50934   4.49360   4.47657   4.45827   4.43879   4.41822   4.39650   4.37342   4.34902   4.32371   4.29787   4.27053   4.24032   4.20812   4.17618   4.14246   4.11272   4.08714   4.06685   4.05074   4.03603   4.01292   3.96738   3.85915   3.66845   3.28757   2.84991   2.70513   2.69057   2.69642   2.95688   3.38677   3.77325   4.04384   4.17566   4.23561   4.26647   4.27104   4.26931   4.22230   4.08246   3.85021   0.00000
233.1250   1.30000   1.72113   2.02416   2.20941   2.31955   2.38577   2.42540   2.44391   2.44131   2.40794   2.31593   2.13475   1.87109   1.67053   1.67582   1.75461   1.81663   1.89886   2.05093   2.21672   2.34650   2.42195   2.45054   2.45321   2.44437   2.43027   2.41524   2.39953   2.38341   2.36627   2.34769   2.32827   2.30914   2.29169   2.27672   2.26358   2.25068   2.24022   2.23229   2.22522   2.21949   2.21691   2.21873   2.22533   2.23701   2.24932   2.26056   2.26763   2.27179   2.27404   2.27721   2.28365   2.29576   2.31475   2.34032   2.37208   2.40810   2.44532   2.48282   2.51914   2.55270   2.58454   2.61502   2.64395   2.67280   2.70326   2.73612   2.77472   2.82299   2.88440   2.96310   3.06093   3.17712   3.31100   3.46385   3.63821   3.82867   4.00525   4.12864   4.19890   4.24007   4.26796   4.28916   4.30638   4.32094   4.33361   4.34497   4.35550   4.36563   4.37565   4.38560   4.39517   4.40405   4.41128   4.41775   4.42450   4.43114   4.43707   4.44346   4.45224   4.45945   4.46498   4.46985   4.47812   4.48660   4.49388   4.50046   4.50677   4.51310   4.51982   4.52696   4.53408   4.54090   4.54742   4.55370   4.55981   4.56578   4.57165   4.57742   4.58309   4.58867   4.59413   4.59948   4.60469   4.60977   4.61470   4.61948   4.62410   4.62855   4.63284   4.63695   4.64088   4.64462   4.64818   4.65155   4.65472   4.65770   4.66047   4.66304   4.66541   4.66757   4.66953   4.67130   4.67288   4.67426   4.67544   4.67644   4.67723   4.67782   4.67822   4.67841   4.67840   4.67818   4.67775   4.67712   4.67627   4.67520   4.67391   4.67239   4.67064   4.66866   4.66643   4.66395   4.66121   4.65821   4.65493   4.65136   4.64748   4.64330   4.63879   4.63394   4.62874   4.62315   4.61717   4.61077   4.60392   4.59660   4.58877   4.58041   4.57147   4.56191   4.55170   4.54075   4.52900   4.51632   4.50261   4.48774   4.47160   4.45414   4.43539   4.41548   4.39454   4.37260   4.34939   4.32484   4.29913   4.27247   4.24416   4.21316   4.18077   4.14933   4.11498   4.08545   4.05990   4.03971   4.02373   4.00985   3.98939   3.94601   3.84629   3.65830   3.26441   2.83998   2.71698   2.69975   2.66617   2.86083   3.28583   3.68345   3.98214   4.14682   4.22284   4.26462   4.27102   4.26492   4.20745   4.05663   3.82110   0.00000
234.3750   1.30000   1.69674   1.99572   2.18545   2.30067   2.36955   2.40954   2.42749   2.42351   2.38485   2.28109   2.08489   1.81474   1.64140   1.67113   1.76051   1.82536   1.90123   2.04076   2.19575   2.32199   2.40013   2.43215   2.43448   2.42212   2.40241   2.38095   2.36126   2.34380   2.32705   2.30973   2.29187   2.27442   2.25906   2.24673   2.23610   2.22444   2.21657   2.21147   2.20642   2.20153   2.19746   2.19463   2.19496   2.20309   2.21254   2.22328   2.22975   2.23431   2.23645   2.23933   2.24494   2.25599   2.27384   2.29828   2.32945   2.36544   2.40285   2.44094   2.47803   2.51195   2.54399   2.57461   2.60310   2.63099   2.66024   2.69073   2.72564   2.76895   2.82348   2.89376   2.98289   3.09001   3.21317   3.35133   3.50525   3.67651   3.85831   4.02097   4.13249   4.19758   4.23738   4.26511   4.28652   4.30407   4.31903   4.33208   4.34375   4.35445   4.36458   4.37449   4.38439   4.39441   4.40406   4.41339   4.42150   4.42745   4.43412   4.44089   4.44778   4.45414   4.45894   4.46199   4.47214   4.48172   4.48910   4.49554   4.50148   4.50724   4.51348   4.52047   4.52762   4.53447   4.54097   4.54719   4.55320   4.55904   4.56475   4.57035   4.57584   4.58122   4.58648   4.59162   4.59664   4.60151   4.60624   4.61081   4.61522   4.61947   4.62355   4.62746   4.63119   4.63474   4.63811   4.64128   4.64426   4.64704   4.64962   4.65200   4.65418   4.65615   4.65793   4.65951   4.66090   4.66210   4.66310   4.66392   4.66453   4.66495   4.66517   4.66518   4.66500   4.66461   4.66401   4.66320   4.66217   4.66093   4.65947   4.65778   4.65586   4.65370   4.65130   4.64864   4.64573   4.64254   4.63908   4.63533   4.63127   4.62690   4.62220   4.61716   4.61175   4.60596   4.59977   4.59316   4.58609   4.57854   4.57048   4.56187   4.55268   4.54288   4.53240   4.52120   4.50919   4.49626   4.48229   4.46713   4.45066   4.43280   4.41354   4.39297   4.37131   4.34870   4.32490   4.29964   4.27293   4.24535   4.21731   4.18763   4.15559   4.12320   4.08831   4.05861   4.03275   4.01238   3.99613   3.98237   3.96387   3.92369   3.83662   3.64220   3.23578   2.83264   2.73305   2.71946   2.65147   2.76410   3.17875   3.58309   3.90049   4.10582   4.20836   4.26039   4.26980   4.25567   4.18661   4.02293   3.78232   0.00000
235.6250   1.30000   1.67255   1.96615   2.15920   2.27921   2.35120   2.39226   2.40997   2.40375   2.35777   2.24023   2.02870   1.75608   1.61434   1.66583   1.76506   1.83342   1.90442   2.03136   2.17406   2.29434   2.37343   2.40897   2.41202   2.39677   2.37244   2.34409   2.32001   2.30071   2.28374   2.26754   2.25164   2.23667   2.22528   2.21877   2.21467   2.21063   2.20614   2.20068   2.19488   2.18947   2.18514   2.18257   2.18238   2.18434   2.17939   2.18610   2.18903   2.19376   2.19528   2.19800   2.20296   2.21333   2.23042   2.25388   2.28462   2.32066   2.35820   2.39696   2.43492   2.46925   2.50154   2.53244   2.56056   2.58748   2.61577   2.64414   2.67560   2.71448   2.76264   2.82467   2.90479   3.00307   3.11705   3.24469   3.38436   3.53598   3.70074   3.87185   4.02251   4.12667   4.18981   4.22984   4.25827   4.28041   4.29872   4.31440   4.32814   4.34040   4.35153   4.36186   4.37174   4.38147   4.39121   4.40123   4.41108   4.42032   4.43007   4.43793   4.44289   4.44943   4.45612   4.46120   4.46736   4.47584   4.48209   4.48752   4.49254   4.49778   4.50395   4.51169   4.51961   4.52693   4.53360   4.53981   4.54571   4.55140   4.55692   4.56230   4.56758   4.57274   4.57779   4.58271   4.58751   4.59217   4.59668   4.60104   4.60525   4.60929   4.61316   4.61687   4.62039   4.62374   4.62691   4.62989   4.63267   4.63526   4.63765   4.63983   4.64182   4.64360   4.64518   4.64657   4.64776   4.64877   4.64959   4.65021   4.65064   4.65087   4.65091   4.65074   4.65037   4.64979   4.64901   4.64802   4.64681   4.64539   4.64374   4.64187   4.63976   4.63742   4.63483   4.63198   4.62888   4.62550   4.62185   4.61790   4.61365   4.60907   4.60417   4.59892   4.59330   4.58729   4.58088   4.57404   4.56674   4.55896   4.55065   4.54179   4.53235   4.52228   4.51154   4.50008   4.48781   4.47462   4.46037   4.44491   4.42808   4.40975   4.38986   4.36845   4.34562   4.32136   4.29541   4.26777   4.23939   4.21268   4.18788   4.16029   4.12715   4.09583   4.06183   4.03216   4.00649   3.98590   3.96852   3.95304   3.93486   3.89963   3.82607   3.61311   3.20634   2.82844   2.74990   2.73954   2.64716   2.66865   3.06570   3.47555   3.79784   4.04059   4.18544   4.25005   4.26084   4.23832   4.15558   3.97878   3.73254   0.00000
236.8750   1.30000   1.64889   1.93585   2.13090   2.25508   2.33032   2.37291   2.39033   2.38065   2.32518   2.19221   1.96588   1.69661   1.58897   1.65906   1.76738   1.84029   1.90859   2.02281   2.15192   2.26370   2.34122   2.37967   2.38469   2.36839   2.34133   2.30908   2.28154   2.26016   2.24222   2.22742   2.21585   2.20718   2.20133   2.19842   2.19788   2.19914   2.19588   2.18739   2.17737   2.16861   2.16384   2.16464   2.16852   2.16821   2.16503   2.16301   2.14888   2.15236   2.15062   2.15308   2.15707   2.16705   2.18372   2.20639   2.23700   2.27327   2.31089   2.35046   2.38945   2.42423   2.45686   2.48818   2.51601   2.54195   2.56955   2.59604   2.62418   2.65917   2.70152   2.75555   2.82656   2.91571   3.02062   3.13927   3.26907   3.40730   3.55358   3.70903   3.86812   4.00896   4.10979   4.17389   4.21585   4.24598   4.26957   4.28911   4.30592   4.32070   4.33391   4.34586   4.35678   4.36694   4.37665   4.38623   4.39564   4.40510   4.41513   4.42453   4.43291   4.44229   4.45201   4.46034   4.46255   4.46911   4.47537   4.48171   4.48801   4.49421   4.50043   4.50682   4.51326   4.51938   4.52503   4.53033   4.53540   4.54033   4.54520   4.55003   4.55483   4.55959   4.56430   4.56892   4.57346   4.57788   4.58216   4.58631   4.59030   4.59414   4.59781   4.60130   4.60462   4.60776   4.61071   4.61347   4.61603   4.61839   4.62055   4.62250   4.62424   4.62578   4.62710   4.62823   4.62916   4.62990   4.63045   4.63081   4.63098   4.63094   4.63071   4.63027   4.62963   4.62879   4.62774   4.62647   4.62499   4.62330   4.62138   4.61923   4.61685   4.61423   4.61136   4.60823   4.60485   4.60119   4.59724   4.59300   4.58846   4.58359   4.57839   4.57283   4.56691   4.56060   4.55389   4.54674   4.53913   4.53103   4.52240   4.51320   4.50341   4.49297   4.48184   4.46996   4.45722   4.44353   4.42872   4.41266   4.39528   4.37657   4.35669   4.33591   4.31452   4.29255   4.26937   4.24465   4.21869   4.19155   4.16205   4.12636   4.08554   4.06429   4.03051   4.00324   3.97923   3.95924   3.93884   3.91810   3.89844   3.87959   3.80542   3.57698   3.17894   2.82683   2.76288   2.75453   2.65469   2.57806   2.94521   3.36387   3.67998   3.93366   4.12516   4.22295   4.23770   4.20537   4.10752   3.92243   3.67014   0.00000
238.1250   1.30000   1.62606   1.90521   2.10081   2.22820   2.30649   2.35066   2.36727   2.35252   2.28542   2.13591   1.89644   1.63835   1.56485   1.65005   1.76674   1.84548   1.91352   2.01507   2.12957   2.23044   2.30322   2.34283   2.35101   2.33690   2.31100   2.28379   2.25788   2.23408   2.21358   2.19817   2.18875   2.18441   2.18194   2.17932   2.17654   2.17281   2.16424   2.15055   2.13541   2.12308   2.11711   2.11922   2.12741   2.13611   2.14880   2.14330   2.13343   2.12279   2.10558   2.10682   2.10744   2.11686   2.13317   2.15483   2.18572   2.22249   2.26010   2.30076   2.34101   2.37626   2.40941   2.44137   2.46902   2.49395   2.52116   2.54599   2.57088   2.60246   2.63963   2.68596   2.74789   2.82791   2.92324   3.03268   3.15400   3.28331   3.41742   3.55596   3.69987   3.84585   3.97824   4.07881   4.14668   4.19256   4.22584   4.25182   4.27332   4.29174   4.30801   4.32260   4.33580   4.34782   4.35888   4.36917   4.37880   4.38813   4.39740   4.40595   4.41412   4.42315   4.43266   4.44159   4.44858   4.45747   4.46602   4.47452   4.48276   4.49023   4.49664   4.50156   4.50634   4.51143   4.51676   4.52222   4.52766   4.53303   4.53829   4.54341   4.54840   4.55325   4.55796   4.56252   4.56695   4.57122   4.57534   4.57931   4.58312   4.58676   4.59024   4.59355   4.59669   4.59965   4.60243   4.60503   4.60744   4.60966   4.61168   4.61350   4.61511   4.61653   4.61774   4.61876   4.61959   4.62024   4.62071   4.62098   4.62107   4.62096   4.62065   4.62014   4.61943   4.61852   4.61739   4.61606   4.61451   4.61274   4.61075   4.60853   4.60608   4.60338   4.60044   4.59724   4.59377   4.59003   4.58601   4.58168   4.57704   4.57208   4.56678   4.56112   4.55509   4.54866   4.54181   4.53452   4.52675   4.51848   4.50966   4.50028   4.49029   4.47966   4.46836   4.45633   4.44349   4.42974   4.41494   4.39896   4.38170   4.36307   4.34297   4.32132   4.29805   4.27355   4.24878   4.22437   4.19961   4.17178   4.13910   4.10488   4.07545   4.04133   3.99256   3.97023   3.94666   3.92812   3.90228   3.87383   3.86419   3.85920   3.77223   3.53846   3.15496   2.82754   2.77261   2.76241   2.66572   2.49868   2.81462   3.24722   3.55949   3.78315   3.97646   4.15563   4.18354   4.14088   4.03702   3.85366   3.59312   0.00000
239.3750   1.30000   1.60450   1.87462   2.06909   2.19843   2.27916   2.32444   2.33910   2.31734   2.23667   2.07033   1.82101   1.58344   1.54135   1.63762   1.76261   1.84812   1.91828   2.00776   2.10702   2.19491   2.25959   2.29734   2.30881   2.30009   2.28069   2.26023   2.23624   2.20979   2.18592   2.16785   2.15655   2.15082   2.14735   2.14297   2.13639   2.12694   2.11252   2.09332   2.07314   2.05749   2.05075   2.05455   2.06648   2.08154   2.09993   2.10900   2.11742   2.09998   2.08479   2.07235   2.05849   2.06586   2.08015   2.09863   2.13007   2.16747   2.20451   2.24672   2.28862   2.32432   2.35827   2.39120   2.41883   2.44274   2.46999   2.49340   2.51502   2.54365   2.57629   2.61530   2.66814   2.73942   2.82511   2.92427   3.03647   3.15805   3.28418   3.41217   3.54141   3.67237   3.80391   3.92739   4.02881   4.10291   4.15527   4.19367   4.22358   4.24803   4.26889   4.28725   4.30368   4.31858   4.33224   4.34485   4.35646   4.36721   4.37709   4.38580   4.39405   4.40274   4.41137   4.41915   4.42590   4.43353   4.44114   4.44903   4.45726   4.46578   4.47413   4.48191   4.48954   4.49688   4.50420   4.51123   4.51795   4.52431   4.53030   4.53595   4.54126   4.54629   4.55106   4.55560   4.55993   4.56407   4.56803   4.57182   4.57544   4.57889   4.58218   4.58530   4.58826   4.59105   4.59366   4.59610   4.59837   4.60044   4.60232   4.60401   4.60551   4.60681   4.60792   4.60884   4.60958   4.61015   4.61053   4.61074   4.61075   4.61058   4.61020   4.60963   4.60886   4.60788   4.60670   4.60530   4.60369   4.60186   4.59981   4.59752   4.59500   4.59224   4.58923   4.58597   4.58243   4.57862   4.57452   4.57012   4.56541   4.56036   4.55497   4.54922   4.54309   4.53655   4.52958   4.52216   4.51425   4.50582   4.49684   4.48728   4.47712   4.46633   4.45488   4.44272   4.42980   4.41602   4.40126   4.38540   4.36827   4.34968   4.32925   4.30642   4.28048   4.25142   4.22090   4.19076   4.16176   4.13335   4.10484   4.08170   4.06552   4.01933   3.98077   3.94487   3.90916   3.88799   3.85507   3.83015   3.83601   3.82502   3.73293   3.49907   3.13515   2.83260   2.78528   2.76581   2.66929   2.43947   2.67287   3.11890   3.44627   3.63552   3.79032   3.98722   4.06339   4.03268   3.94588   3.77231   3.49896   0.00000
240.6250   1.30000   1.58493   1.84440   2.03572   2.16542   2.24748   2.29275   2.30366   2.27269   2.17698   1.99476   1.74113   1.53353   1.51768   1.62031   1.75402   1.84693   1.92115   1.99985   2.08365   2.15694   2.21058   2.24276   2.25547   2.25276   2.24178   2.22418   2.19813   2.16733   2.13837   2.11570   2.10094   2.09284   2.08802   2.08264   2.07390   2.06011   2.04034   2.01626   1.99249   1.97510   1.96867   1.97455   1.98996   2.00977   2.03144   2.04829   2.06397   2.06577   2.06385   2.04496   2.03396   2.03263   2.03502   2.04199   2.07328   2.10966   2.14263   2.18691   2.23095   2.26671   2.30179   2.33632   2.36414   2.38709   2.41497   2.43731   2.45559   2.48176   2.51054   2.54268   2.58624   2.64931   2.72600   2.81410   2.91562   3.02865   3.14755   3.26827   3.38880   3.50807   3.62568   3.74188   3.85400   3.95395   4.03462   4.09594   4.14228   4.17830   4.20753   4.23220   4.25360   4.27255   4.28970   4.30546   4.32006   4.33362   4.34604   4.35712   4.36743   4.37753   4.38680   4.39461   4.40130   4.40849   4.41566   4.42298   4.43046   4.43787   4.44510   4.45216   4.45891   4.46542   4.47182   4.47802   4.48402   4.48981   4.49540   4.50078   4.50595   4.51092   4.51570   4.52028   4.52467   4.52888   4.53290   4.53674   4.54040   4.54386   4.54714   4.55024   4.55314   4.55586   4.55838   4.56072   4.56285   4.56479   4.56651   4.56801   4.56929   4.57035   4.57119   4.57180   4.57221   4.57242   4.57245   4.57229   4.57194   4.57140   4.57066   4.56972   4.56859   4.56726   4.56572   4.56398   4.56202   4.55986   4.55747   4.55486   4.55202   4.54894   4.54563   4.54206   4.53823   4.53414   4.52976   4.52509   4.52011   4.51481   4.50919   4.50321   4.49688   4.49016   4.48304   4.47550   4.46750   4.45901   4.44998   4.44035   4.43009   4.41914   4.40746   4.39497   4.38162   4.36728   4.35184   4.33522   4.31740   4.29841   4.27822   4.25658   4.23289   4.20662   4.17806   4.14802   4.11672   4.08319   4.04777   4.01674   3.99804   3.98209   3.96887   3.92363   3.88583   3.84679   3.80490   3.80046   3.80222   3.78196   3.68891   3.45897   3.12021   2.84655   2.80168   2.76569   2.65958   2.40785   2.52346   2.96991   3.33387   3.51946   3.63378   3.77522   3.88958   3.89568   3.83739   3.67520   3.38453   0.00000
241.8750   1.30000   1.56856   1.81480   2.00023   2.12824   2.20995   2.25315   2.25806   2.21561   2.10432   1.90911   1.65961   1.48914   1.49287   1.59680   1.73916   1.84033   1.91934   1.98915   2.05766   2.11527   2.15570   2.17896   2.18881   2.18858   2.18034   2.15922   2.12779   2.09237   2.05956   2.03410   2.01768   2.00900   2.00437   1.99924   1.98973   1.97365   1.95116   1.92519   1.90086   1.88422   1.87942   1.88735   1.90515   1.92749   1.95023   1.96929   1.98625   1.99675   2.00486   2.00472   2.00854   2.00272   2.00438   2.01714   2.03863   2.06291   2.07839   2.12424   2.16916   2.20158   2.23745   2.27472   2.30283   2.32443   2.35412   2.37601   2.39083   2.41523   2.44089   2.46674   2.50058   2.55586   2.62461   2.70167   2.79101   2.89403   3.00481   3.11790   3.23157   3.34384   3.45295   3.55818   3.65984   3.75833   3.85111   3.93382   4.00326   4.05954   4.10489   4.14183   4.17249   4.19858   4.22138   4.24178   4.26034   4.27740   4.29303   4.30737   4.32101   4.33425   4.34638   4.35674   4.36569   4.37444   4.38276   4.39071   4.39827   4.40529   4.41164   4.41795   4.42402   4.43016   4.43615   4.44199   4.44768   4.45319   4.45852   4.46365   4.46860   4.47334   4.47790   4.48227   4.48645   4.49044   4.49425   4.49788   4.50132   4.50459   4.50767   4.51058   4.51330   4.51584   4.51819   4.52035   4.52232   4.52409   4.52566   4.52702   4.52816   4.52908   4.52976   4.53021   4.53044   4.53046   4.53029   4.52993   4.52938   4.52864   4.52770   4.52657   4.52524   4.52371   4.52199   4.52005   4.51791   4.51556   4.51299   4.51020   4.50717   4.50392   4.50042   4.49668   4.49268   4.48841   4.48385   4.47901   4.47386   4.46840   4.46260   4.45646   4.44995   4.44306   4.43578   4.42808   4.41993   4.41130   4.40215   4.39242   4.38205   4.37100   4.35919   4.34658   4.33310   4.31867   4.30316   4.28647   4.26854   4.24937   4.22896   4.20722   4.18385   4.15860   4.13157   4.10282   4.07148   4.03606   3.99743   3.96045   3.93189   3.91478   3.90912   3.89268   3.86304   3.82227   3.79802   3.77474   3.75837   3.73296   3.63884   3.41771   3.11054   2.87065   2.82074   2.75822   2.63256   2.39899   2.37622   2.79404   3.20305   3.41914   3.51629   3.59400   3.71140   3.74364   3.70771   3.55398   3.24556   0.00000
243.1250   1.30000   1.55625   1.78548   1.96127   2.08479   2.16371   2.20236   2.19861   2.14252   2.01698   1.81443   1.58057   1.45044   1.46619   1.56632   1.71517   1.82556   1.90867   1.97166   2.02540   2.06684   2.09299   2.10521   2.10786   2.10407   2.09076   2.06632   2.03273   1.99583   1.96193   1.93573   1.91888   1.91011   1.90582   1.90137   1.89261   1.87712   1.85526   1.83036   1.80784   1.79352   1.79103   1.80075   1.81962   1.84224   1.86378   1.88113   1.89494   1.90526   1.91534   1.92417   1.93764   1.94903   1.96727   1.99265   2.00818   2.03037   2.05790   2.09006   2.12046   2.13424   2.16680   2.20706   2.23309   2.24969   2.28411   2.30661   2.31723   2.34113   2.36485   2.38521   2.40859   2.45628   2.51865   2.58538   2.66116   2.75254   2.85487   2.95889   3.06383   3.16886   3.27180   3.37102   3.46554   3.55533   3.64061   3.72199   3.79882   3.86936   3.93201   3.98622   4.03242   4.07171   4.10540   4.13466   4.16040   4.18325   4.20371   4.22243   4.24012   4.25691   4.27224   4.28572   4.29787   4.30961   4.32084   4.33150   4.34150   4.35078   4.35902   4.36664   4.37397   4.38110   4.38794   4.39446   4.40067   4.40657   4.41216   4.41746   4.42249   4.42726   4.43178   4.43609   4.44017   4.44404   4.44772   4.45120   4.45449   4.45760   4.46052   4.46327   4.46584   4.46822   4.47041   4.47242   4.47425   4.47590   4.47736   4.47862   4.47969   4.48054   4.48116   4.48156   4.48173   4.48167   4.48140   4.48094   4.48028   4.47943   4.47838   4.47714   4.47571   4.47407   4.47223   4.47019   4.46794   4.46547   4.46279   4.45988   4.45675   4.45338   4.44976   4.44590   4.44179   4.43740   4.43273   4.42777   4.42250   4.41691   4.41098   4.40470   4.39805   4.39101   4.38356   4.37570   4.36739   4.35860   4.34931   4.33947   4.32902   4.31789   4.30603   4.29338   4.27990   4.26552   4.25013   4.23359   4.21575   4.19644   4.17550   4.15275   4.12801   4.10144   4.07365   4.04487   4.01423   3.98004   3.94218   3.90383   3.86848   3.83956   3.83396   3.82573   3.81472   3.79782   3.79138   3.74952   3.70825   3.67447   3.57978   3.37429   3.10579   2.90338   2.84025   2.73509   2.57870   2.39559   2.24763   2.59103   3.03543   3.30485   3.40299   3.42565   3.52799   3.57158   3.54690   3.39772   3.07654   0.00000
244.3750   1.30000   1.54644   1.75424   1.91572   2.03099   2.10364   2.13453   2.11923   2.04912   1.91429   1.71353   1.50864   1.41761   1.43760   1.52877   1.67891   1.79749   1.88273   1.94075   1.98071   2.00645   2.01854   2.01908   2.01196   1.99946   1.97959   1.95265   1.91973   1.88496   1.85366   1.82983   1.81482   1.80745   1.80443   1.80141   1.79427   1.78046   1.76040   1.73766   1.71782   1.70636   1.70623   1.71727   1.73610   1.75735   1.77622   1.79012   1.79936   1.80550   1.81182   1.82038   1.83534   1.85504   1.88269   1.91872   1.95102   1.98861   2.03768   2.05949   2.08254   2.10659   2.13294   2.15551   2.16438   2.15956   2.20430   2.22666   2.22766   2.25386   2.27839   2.29429   2.30544   2.34584   2.40432   2.46228   2.52309   2.59984   2.69415   2.78929   2.88345   2.97803   3.07227   3.16490   3.25413   3.33898   3.41911   3.49459   3.56574   3.63330   3.69716   3.75718   3.81283   3.86366   3.90959   3.95089   3.98789   4.02087   4.05028   4.07683   4.10111   4.12320   4.14289   4.16046   4.17687   4.19291   4.20837   4.22297   4.23649   4.24881   4.25996   4.26990   4.27945   4.28858   4.29724   4.30541   4.31310   4.32033   4.32712   4.33350   4.33949   4.34513   4.35042   4.35541   4.36009   4.36449   4.36862   4.37248   4.37610   4.37946   4.38259   4.38548   4.38815   4.39060   4.39284   4.39487   4.39671   4.39834   4.39979   4.40104   4.40209   4.40294   4.40359   4.40401   4.40419   4.40413   4.40384   4.40334   4.40264   4.40174   4.40064   4.39934   4.39785   4.39615   4.39426   4.39216   4.38985   4.38733   4.38460   4.38164   4.37845   4.37503   4.37137   4.36746   4.36330   4.35887   4.35417   4.34917   4.34387   4.33826   4.33231   4.32601   4.31934   4.31228   4.30482   4.29694   4.28862   4.27983   4.27055   4.26073   4.25033   4.23926   4.22746   4.21485   4.20138   4.18700   4.17164   4.15520   4.13755   4.11849   4.09772   4.07490   4.04977   4.02256   3.99387   3.96404   3.93247   3.89804   3.86092   3.82347   3.78741   3.75256   3.74348   3.73539   3.73418   3.73660   3.74372   3.72048   3.64514   3.59967   3.50682   3.32614   3.10359   2.93853   2.85228   2.68099   2.48411   2.35998   2.15632   2.36786   2.81836   3.14765   3.26783   3.25586   3.32156   3.37254   3.34602   3.19686   2.87152   0.00000
245.6250   1.30000   1.53243   1.71500   1.85708   1.95933   2.02117   2.04012   2.01179   1.93217   1.79790   1.61153   1.44722   1.39006   1.40819   1.48538   1.62727   1.74951   1.83333   1.88687   1.91469   1.92654   1.92615   1.91593   1.89921   1.87835   1.85412   1.82656   1.79638   1.76646   1.74066   1.72184   1.71087   1.70645   1.70552   1.70405   1.69825   1.68589   1.66771   1.64759   1.63099   1.62265   1.62462   1.63614   1.65369   1.67217   1.68737   1.69737   1.70259   1.70495   1.70748   1.71284   1.72409   1.74216   1.76919   1.80673   1.84763   1.89346   1.94905   1.98917   2.02802   2.07761   2.10032   2.10930   2.11935   2.13118   2.14656   2.15015   2.11503   2.14920   2.17834   2.18940   2.18126   2.21556   2.27521   2.32721   2.37195   2.42736   2.51420   2.60224   2.68520   2.76739   2.84958   2.93113   3.01093   3.08801   3.16227   3.23310   3.29999   3.36335   3.42304   3.47943   3.53278   3.58328   3.63082   3.67542   3.71731   3.75662   3.79328   3.82721   3.85827   3.88633   3.91154   3.93470   3.95696   3.97886   4.00000   4.01983   4.03800   4.05445   4.06936   4.08309   4.09632   4.10904   4.12116   4.13258   4.14332   4.15336   4.16276   4.17154   4.17974   4.18740   4.19457   4.20126   4.20751   4.21334   4.21878   4.22384   4.22853   4.23288   4.23690   4.24059   4.24398   4.24708   4.24990   4.25245   4.25474   4.25679   4.25860   4.26019   4.26156   4.26273   4.26371   4.26449   4.26507   4.26544   4.26560   4.26556   4.26531   4.26485   4.26418   4.26330   4.26221   4.26091   4.25941   4.25770   4.25578   4.25366   4.25131   4.24875   4.24595   4.24291   4.23964   4.23612   4.23236   4.22833   4.22402   4.21943   4.21455   4.20935   4.20383   4.19796   4.19173   4.18512   4.17812   4.17070   4.16285   4.15454   4.14576   4.13645   4.12658   4.11606   4.10481   4.09275   4.07979   4.06591   4.05106   4.03524   4.01836   4.00029   3.98069   3.95914   3.93525   3.90901   3.88070   3.85033   3.81719   3.78080   3.74231   3.70411   3.66696   3.63179   3.61710   3.60907   3.61476   3.63494   3.66166   3.65883   3.57946   3.49653   3.40997   3.26446   3.09456   2.95988   2.83605   2.57120   2.33641   2.27688   2.10521   2.14105   2.54833   2.92155   3.11541   3.11281   3.06196   3.14550   3.09913   2.94271   2.62309   0.00000
246.8750   1.30000   1.50418   1.65682   1.77409   1.85770   1.90359   1.90781   1.86966   1.79197   1.67241   1.51539   1.39752   1.36603   1.37939   1.43873   1.55948   1.67457   1.75186   1.79872   1.81665   1.81784   1.80798   1.79023   1.76795   1.74413   1.71963   1.69451   1.66935   1.64614   1.62735   1.61473   1.60856   1.60738   1.60832   1.60784   1.60282   1.59176   1.57596   1.55933   1.54664   1.54144   1.54485   1.55564   1.57043   1.58486   1.59576   1.60203   1.60432   1.60451   1.60513   1.60850   1.61666   1.63064   1.65160   1.68097   1.71672   1.75904   1.81126   1.85864   1.90427   1.95937   1.99953   2.02857   2.06386   2.10245   2.08815   2.08004   2.07092   2.07934   2.08681   2.07821   2.02389   2.05461   2.12366   2.17216   2.20019   2.21959   2.29889   2.38390   2.45592   2.52438   2.59230   2.65978   2.72613   2.79089   2.85371   2.91424   2.97223   3.02798   3.08184   3.13402   3.18456   3.23312   3.27905   3.32178   3.36140   3.39849   3.43338   3.46639   3.49751   3.52676   3.55431   3.58045   3.60567   3.63018   3.65363   3.67556   3.69575   3.71436   3.73178   3.74851   3.76484   3.78069   3.79594   3.81047   3.82426   3.83724   3.84949   3.86101   3.87183   3.88198   3.89151   3.90045   3.90884   3.91670   3.92407   3.93096   3.93739   3.94338   3.94896   3.95413   3.95892   3.96334   3.96740   3.97114   3.97455   3.97766   3.98049   3.98306   3.98538   3.98750   3.98944   3.99128   3.99301   3.99467   3.99624   3.99768   3.99893   3.99996   4.00079   4.00141   4.00182   4.00203   4.00204   4.00186   4.00148   4.00091   4.00014   3.99917   3.99798   3.99657   3.99493   3.99306   3.99095   3.98861   3.98601   3.98314   3.97999   3.97655   3.97279   3.96871   3.96429   3.95950   3.95432   3.94875   3.94276   3.93633   3.92945   3.92208   3.91419   3.90570   3.89654   3.88660   3.87579   3.86407   3.85139   3.83779   3.82326   3.80769   3.79069   3.77173   3.75034   3.72644   3.70012   3.67086   3.63725   3.59869   3.55708   3.51558   3.47456   3.43521   3.40768   3.39247   3.39805   3.43540   3.49141   3.51965   3.48539   3.35082   3.26498   3.16146   3.04770   2.92951   2.75183   2.37369   2.13765   2.14206   2.04806   1.93624   2.23917   2.59820   2.87411   2.96904   2.90544   2.90570   2.81845   2.62793   2.31977   0.00000
248.1250   1.30000   1.45356   1.56631   1.65170   1.71040   1.73676   1.73077   1.69572   1.63507   1.54485   1.43174   1.35885   1.34343   1.35183   1.39172   1.47868   1.56798   1.63096   1.66633   1.67641   1.67165   1.65823   1.64014   1.62011   1.59996   1.58018   1.56105   1.54315   1.52777   1.51628   1.50954   1.50736   1.50831   1.50998   1.50969   1.50536   1.49634   1.48420   1.47225   1.46394   1.46144   1.46508   1.47353   1.48410   1.49365   1.50028   1.50354   1.50416   1.50365   1.50381   1.50626   1.51221   1.52232   1.53713   1.55730   1.58225   1.61199   1.64864   1.68630   1.72428   1.77026   1.81184   1.84641   1.88755   1.93703   1.95067   1.96893   2.02251   2.00014   1.97802   1.95634   1.91973   1.92771   1.96566   1.99321   1.99588   1.94962   2.01964   2.10795   2.16907   2.22168   2.27219   2.32201   2.37123   2.41949   2.46647   2.51171   2.55511   2.59687   2.63728   2.67641   2.71410   2.75009   2.78422   2.81658   2.84737   2.87685   2.90533   2.93286   2.95947   2.98525   3.01013   3.03399   3.05683   3.07871   3.09939   3.11853   3.13601   3.15199   3.16682   3.18110   3.19500   3.20846   3.22144   3.23396   3.24590   3.25727   3.26819   3.27862   3.28857   3.29805   3.30710   3.31572   3.32392   3.33173   3.33916   3.34622   3.35292   3.35929   3.36532   3.37104   3.37645   3.38157   3.38642   3.39102   3.39538   3.39951   3.40345   3.40718   3.41071   3.41402   3.41712   3.42016   3.42317   3.42612   3.42901   3.43182   3.43457   3.43723   3.43979   3.44225   3.44459   3.44681   3.44894   3.45097   3.45292   3.45480   3.45662   3.45838   3.46006   3.46164   3.46312   3.46448   3.46574   3.46690   3.46793   3.46883   3.46958   3.47016   3.47055   3.47074   3.47069   3.47039   3.46982   3.46897   3.46781   3.46633   3.46452   3.46237   3.45985   3.45689   3.45343   3.44935   3.44451   3.43878   3.43220   3.42486   3.41682   3.40795   3.39767   3.38515   3.36971   3.35139   3.33040   3.30573   3.27459   3.23542   3.19072   3.14480   3.09716   3.04615   2.99420   2.95418   2.94085   2.98072   3.06730   3.14534   3.15695   3.08684   2.98719   2.93128   2.86905   2.75367   2.48634   2.07003   1.90338   1.94748   1.91189   1.76975   1.92276   2.18123   2.43497   2.63106   2.70991   2.56753   2.45269   2.22407   1.95912   0.00000
249.3750   1.30000   1.38084   1.43911   1.48323   1.51168   1.52243   1.51818   1.50060   1.46917   1.42034   1.36144   1.32785   1.32139   1.32546   1.34556   1.39021   1.43729   1.47149   1.48961   1.49387   1.48983   1.48158   1.47162   1.46066   1.44945   1.43863   1.42850   1.41944   1.41210   1.40708   1.40467   1.40453   1.40572   1.40683   1.40647   1.40368   1.39838   1.39171   1.38556   1.38164   1.38091   1.38327   1.38788   1.39322   1.39777   1.40071   1.40196   1.40200   1.40164   1.40181   1.40334   1.40677   1.41236   1.42032   1.43090   1.44393   1.45934   1.47805   1.49778   1.51784   1.54182   1.56515   1.58569   1.61074   1.64294   1.65744   1.67533   1.72232   1.72347   1.72700   1.74372   1.79009   1.76952   1.74673   1.73335   1.70617   1.63150   1.66874   1.73941   1.78222   1.81433   1.84340   1.87144   1.89861   1.92551   1.95144   1.97678   2.00130   2.02490   2.04752   2.06937   2.09084   2.11201   2.13260   2.15240   2.17143   2.18984   2.20783   2.22540   2.24254   2.25931   2.27551   2.29078   2.30500   2.31829   2.33063   2.34186   2.35197   2.36113   2.36954   2.37742   2.38482   2.39180   2.39871   2.40547   2.41163   2.41737   2.42290   2.42812   2.43305   2.43770   2.44209   2.44623   2.45012   2.45379   2.45723   2.46047   2.46350   2.46635   2.46901   2.47151   2.47385   2.47604   2.47809   2.48002   2.48182   2.48353   2.48515   2.48670   2.48817   2.48958   2.49093   2.49223   2.49346   2.49453   2.49540   2.49606   2.49657   2.49705   2.49748   2.49787   2.49823   2.49856   2.49887   2.49916   2.49945   2.49973   2.50001   2.50029   2.50057   2.50084   2.50111   2.50136   2.50162   2.50188   2.50214   2.50239   2.50262   2.50285   2.50305   2.50323   2.50337   2.50348   2.50355   2.50357   2.50356   2.50352   2.50345   2.50336   2.50325   2.50312   2.50292   2.50258   2.50202   2.50121   2.50020   2.49907   2.49787   2.49645   2.49430   2.49068   2.48494   2.47700   2.46682   2.45332   2.43407   2.40796   2.37695   2.34364   2.30668   2.26590   2.22741   2.19838   2.18256   2.19337   2.23573   2.29039   2.32767   2.33950   2.33656   2.33949   2.31159   2.20703   1.96477   1.68872   1.63449   1.65529   1.64480   1.59276   1.62341   1.73851   1.85488   1.94448   1.97367   1.93174   1.85348   1.70030   1.55508   0.00000
