   y/x      0.0000    7.5000   15.0000   22.5000   30.0000   37.5000   45.0000   52.5000   60.0000   67.5000   75.0000   82.5000   90.0000   97.5000  105.0000  112.5000  120.0000  127.5000  135.0000  142.5000  150.0000  157.5000  165.0000  172.5000  180.0000  187.5000  195.0000  202.5000  210.0000  217.5000  225.0000  232.5000  240.0000  247.5000  255.0000  262.5000  270.0000  277.5000  285.0000  292.5000  300.0000  307.5000  315.0000  322.5000  330.0000  337.5000  345.0000  352.5000  360.0000  367.5000  375.0000  382.5000  390.0000  397.5000  405.0000  412.5000  420.0000  427.5000  435.0000  442.5000  450.0000  457.5000  465.0000  472.5000  480.0000  487.5000  495.0000  502.5000  510.0000  517.5000  525.0000  532.5000  540.0000  547.5000  555.0000  562.5000  570.0000  577.5000  585.0000  592.5000  600.0000  607.5000  615.0000  622.5000  630.0000  637.5000  645.0000  652.5000  660.0000  667.5000  675.0000  682.5000  690.0000  697.5000  705.0000  712.5000  720.0000  727.5000  735.0000  742.5000  750.0000  757.5000  765.0000  772.5000  780.0000  787.5000  795.0000  802.5000  810.0000  817.5000  825.0000  832.5000  840.0000  847.5000  855.0000  862.5000  870.0000  877.5000  885.0000  892.5000  900.0000  907.5000  915.0000  922.5000  930.0000  937.5000  945.0000  952.5000  960.0000  967.5000  975.0000  982.5000  990.0000  997.5000 1005.0000 1012.5000 1020.0000 1027.5000 1035.0000 1042.5000 1050.0000 1057.5000 1065.0000 1072.5000 1080.0000 1087.5000 1095.0000 1102.5000 1110.0000 1117.5000 1125.0000 1132.5000 1140.0000 1147.5000 1155.0000 1162.5000 1170.0000 1177.5000 1185.0000 1192.5000 1200.0000 1207.5000 1215.0000 1222.5000 1230.0000 1237.5000 1245.0000 1252.5000 1260.0000 1267.5000 1275.0000 1282.5000 1290.0000 1297.5000 1305.0000 1312.5000 1320.0000 1327.5000 1335.0000 1342.5000 1350.0000 1357.5000 1365.0000 1372.5000 1380.0000 1387.5000 1395.0000 1402.5000 1410.0000 1417.5000 1425.0000 1432.5000 1440.0000 1447.5000 1455.0000 1462.5000 1470.0000 1477.5000 1485.0000 1492.5000 1500.0000 1507.5000 1515.0000 1522.5000 1530.0000 1537.5000 1545.0000 1552.5000 1560.0000 1567.5000 1575.0000 1582.5000 1590.0000 1597.5000 1605.0000 1612.5000 1620.0000 1627.5000 1635.0000 1642.5000 1650.0000 1657.5000 1665.0000 1672.5000 1680.0000 1687.5000 1695.0000 1702.5000 1710.0000
 -0.6250   0.25905   0.25895   0.25543   0.24820   0.24081   0.23376   0.22680   0.21994   0.21313   0.20624   0.19926   0.19207   0.18454   0.17667   0.16838   0.15948   0.14972   0.13891   0.12645   0.11168   0.09189   0.04917  -0.02586  -0.08124  -0.05137   0.03609   0.12615   0.20876   0.28074   0.34121   0.39113   0.43216   0.46604   0.49434   0.51838   0.53921   0.55761   0.57411   0.58905   0.60264   0.61502   0.62630   0.63655   0.64586   0.65429   0.66192   0.66881   0.67507   0.68079   0.68609   0.69104   0.69576   0.70034   0.70476   0.70894   0.71308   0.71715   0.72086   0.72411   0.72696   0.72926   0.73093   0.73215   0.73312   0.73386   0.73448   0.73515   0.73596   0.73699   0.73822   0.73951   0.74056   0.74106   0.74102   0.74063   0.74013   0.73995   0.74032   0.74112   0.74202   0.74264   0.74238   0.74194   0.74286   0.74414   0.74422   0.74415   0.74485   0.74575   0.74708   0.74833   0.74987   0.75214   0.75318   0.75317   0.75311   0.75233   0.75135   0.75123   0.75202   0.75294   0.75480   0.75716   0.75746   0.75569   0.75330   0.75237   0.75347   0.75507   0.75516   0.75501   0.75679   0.75847   0.75735   0.75552   0.75572   0.75744   0.75789   0.75657   0.75559   0.75448   0.75406   0.75537   0.75750   0.75810   0.75649   0.75762   0.75988   0.75912   0.75707   0.75465   0.75228   0.74984   0.74728   0.74476   0.74233   0.74003   0.73789   0.73593   0.73413   0.73243   0.73075   0.72900   0.72718   0.72537   0.72368   0.72220   0.72087   0.71956   0.71812   0.71644   0.71453   0.71250   0.71053   0.70876   0.70726   0.70597   0.70477   0.70349   0.70208   0.70053   0.69887   0.69711   0.69527   0.69343   0.69167   0.69001   0.68845   0.68702   0.68571   0.68438   0.68297   0.68145   0.67986   0.67827   0.67675   0.67531   0.67393   0.67259   0.67130   0.67009   0.66894   0.66783   0.66674   0.66567   0.66458   0.66346   0.66233   0.66118   0.66005   0.65897   0.65796   0.65703   0.65618   0.65537   0.65458   0.65382   0.65314   0.65253   0.65187   0.65142   0.65148   0.65157   0.65137   0.65153   0.65228   0.65302   0.65364   0.65450   0.65577   0.65738   0.65928   0.66150   0.66413   0.66724   0.67090   0.67522   0.68028   0.68618   0.69299   0.70074   0.70946   0.71912   0.72967   0.74100   0.75295   0.76535   0.77801   0.79058
  0.6250   0.25905   0.25895   0.25543   0.24820   0.24081   0.23376   0.22680   0.21994   0.21313   0.20624   0.19926   0.19207   0.18454   0.17667   0.16838   0.15948   0.14972   0.13891   0.12645   0.11168   0.09189   0.04917  -0.02586  -0.08124  -0.05137   0.03609   0.12615   0.20876   0.28074   0.34121   0.39113   0.43216   0.46604   0.49434   0.51838   0.53921   0.55761   0.57411   0.58905   0.60264   0.61502   0.62630   0.63655   0.64586   0.65429   0.66192   0.66881   0.67507   0.68079   0.68609   0.69104   0.69576   0.70034   0.70476   0.70894   0.71308   0.71715   0.72086   0.72411   0.72696   0.72926   0.73093   0.73215   0.73312   0.73386   0.73448   0.73515   0.73596   0.73699   0.73822   0.73951   0.74056   0.74106   0.74102   0.74063   0.74013   0.73995   0.74032   0.74112   0.74202   0.74264   0.74238   0.74194   0.74286   0.74414   0.74422   0.74415   0.74485   0.74575   0.74708   0.74833   0.74987   0.75214   0.75318   0.75317   0.75311   0.75233   0.75135   0.75123   0.75202   0.75294   0.75480   0.75716   0.75746   0.75569   0.75330   0.75237   0.75347   0.75507   0.75516   0.75501   0.75679   0.75847   0.75735   0.75552   0.75572   0.75744   0.75789   0.75657   0.75559   0.75448   0.75406   0.75537   0.75750   0.75810   0.75649   0.75762   0.75988   0.75912   0.75707   0.75465   0.75228   0.74984   0.74728   0.74476   0.74233   0.74003   0.73789   0.73593   0.73413   0.73243   0.73075   0.72900   0.72718   0.72537   0.72368   0.72220   0.72087   0.71956   0.71812   0.71644   0.71453   0.71250   0.71053   0.70876   0.70726   0.70597   0.70477   0.70349   0.70208   0.70053   0.69887   0.69711   0.69527   0.69343   0.69167   0.69001   0.68845   0.68702   0.68571   0.68438   0.68297   0.68145   0.67986   0.67827   0.67675   0.67531   0.67393   0.67259   0.67130   0.67009   0.66894   0.66783   0.66674   0.66567   0.66458   0.66346   0.66233   0.66118   0.66005   0.65897   0.65796   0.65703   0.65618   0.65537   0.65458   0.65382   0.65314   0.65253   0.65187   0.65142   0.65148   0.65157   0.65137   0.65153   0.65228   0.65302   0.65364   0.65450   0.65577   0.65738   0.65928   0.66150   0.66413   0.66724   0.67090   0.67522   0.68028   0.68618   0.69299   0.70074   0.70946   0.71912   0.72967   0.74100   0.75295   0.76535   0.77801   0.79058
  1.8750   0.25748   0.25738   0.25386   0.24662   0.23923   0.23220   0.22524   0.21836   0.21154   0.20465   0.19767   0.19050   0.18302   0.17520   0.16698   0.15815   0.14846   0.13772   0.12534   0.11073   0.09134   0.05406  -0.01126  -0.05843  -0.02798   0.05456   0.14110   0.22053   0.28974   0.34823   0.39713   0.43805   0.47255   0.50195   0.52731   0.54942   0.56887   0.58612   0.60150   0.61528   0.62765   0.63879   0.64882   0.65785   0.66599   0.67331   0.67991   0.68590   0.69137   0.69644   0.70118   0.70570   0.71011   0.71435   0.71838   0.72237   0.72630   0.72988   0.73302   0.73575   0.73795   0.73951   0.74064   0.74151   0.74215   0.74268   0.74324   0.74394   0.74485   0.74597   0.74714   0.74804   0.74840   0.74821   0.74770   0.74710   0.74679   0.74701   0.74769   0.74844   0.74889   0.74848   0.74789   0.74868   0.74983   0.74978   0.74959   0.75016   0.75094   0.75216   0.75329   0.75472   0.75687   0.75780   0.75772   0.75760   0.75665   0.75559   0.75548   0.75614   0.75703   0.75886   0.76100   0.76119   0.75929   0.75675   0.75571   0.75678   0.75844   0.75867   0.75832   0.75998   0.76170   0.75991   0.75774   0.75873   0.76103   0.76132   0.75941   0.75753   0.75638   0.75691   0.75896   0.76100   0.75972   0.75787   0.75959   0.76127   0.76091   0.75927   0.75694   0.75424   0.75144   0.74874   0.74622   0.74385   0.74158   0.73940   0.73736   0.73545   0.73363   0.73185   0.73003   0.72814   0.72626   0.72449   0.72294   0.72155   0.72017   0.71869   0.71698   0.71504   0.71299   0.71098   0.70918   0.70762   0.70627   0.70502   0.70372   0.70229   0.70073   0.69907   0.69730   0.69546   0.69361   0.69184   0.69017   0.68859   0.68715   0.68581   0.68448   0.68306   0.68154   0.67995   0.67836   0.67684   0.67540   0.67402   0.67267   0.67137   0.67016   0.66900   0.66788   0.66680   0.66572   0.66463   0.66351   0.66238   0.66124   0.66011   0.65902   0.65801   0.65708   0.65623   0.65542   0.65463   0.65387   0.65320   0.65258   0.65190   0.65148   0.65155   0.65160   0.65137   0.65157   0.65231   0.65303   0.65365   0.65452   0.65578   0.65739   0.65930   0.66152   0.66415   0.66725   0.67092   0.67523   0.68030   0.68619   0.69299   0.70074   0.70946   0.71912   0.72966   0.74099   0.75294   0.76535   0.77801   0.79058
  3.1250   0.25585   0.25574   0.25217   0.24486   0.23746   0.23043   0.22352   0.21671   0.20996   0.20312   0.19618   0.18903   0.18152   0.17366   0.16539   0.15653   0.14681   0.13607   0.12373   0.10933   0.09074   0.06007   0.00430  -0.03512  -0.00059   0.08216   0.16943   0.24929   0.31823   0.37594   0.42382   0.46366   0.49705   0.52535   0.54962   0.57061   0.58894   0.60506   0.61933   0.63205   0.64343   0.65366   0.66287   0.67117   0.67865   0.68539   0.69148   0.69702   0.70209   0.70680   0.71122   0.71545   0.71959   0.72358   0.72736   0.73111   0.73483   0.73821   0.74115   0.74370   0.74573   0.74713   0.74811   0.74883   0.74935   0.74976   0.75022   0.75082   0.75164   0.75268   0.75377   0.75460   0.75486   0.75455   0.75392   0.75325   0.75288   0.75307   0.75372   0.75443   0.75486   0.75446   0.75387   0.75466   0.75582   0.75576   0.75552   0.75599   0.75669   0.75788   0.75898   0.76035   0.76248   0.76337   0.76326   0.76307   0.76203   0.76096   0.76081   0.76142   0.76256   0.76442   0.76611   0.76598   0.76394   0.76149   0.76053   0.76176   0.76345   0.76318   0.76230   0.76424   0.76619   0.76375   0.76136   0.76317   0.76608   0.76578   0.76268   0.75962   0.75890   0.76125   0.76407   0.76435   0.76185   0.76073   0.76239   0.76305   0.76165   0.75939   0.75691   0.75436   0.75182   0.74931   0.74684   0.74445   0.74215   0.73998   0.73797   0.73606   0.73426   0.73250   0.73068   0.72880   0.72692   0.72515   0.72359   0.72219   0.72080   0.71928   0.71756   0.71562   0.71357   0.71156   0.70973   0.70814   0.70673   0.70543   0.70411   0.70267   0.70111   0.69943   0.69766   0.69581   0.69395   0.69217   0.69047   0.68887   0.68740   0.68605   0.68470   0.68327   0.68175   0.68016   0.67857   0.67705   0.67560   0.67421   0.67285   0.67154   0.67031   0.66914   0.66802   0.66693   0.66584   0.66475   0.66363   0.66250   0.66136   0.66023   0.65913   0.65812   0.65719   0.65634   0.65552   0.65472   0.65397   0.65332   0.65266   0.65197   0.65159   0.65167   0.65164   0.65138   0.65163   0.65236   0.65304   0.65367   0.65454   0.65580   0.65742   0.65933   0.66155   0.66418   0.66729   0.67095   0.67527   0.68033   0.68622   0.69302   0.70076   0.70947   0.71913   0.72968   0.74102   0.75297   0.76539   0.77806   0.79065
  4.3750   0.25415   0.25404   0.25043   0.24301   0.23552   0.22843   0.22142   0.21450   0.20765   0.20073   0.19375   0.18661   0.17914   0.17135   0.16316   0.15438   0.14473   0.13407   0.12184   0.10769   0.09001   0.06497   0.02053  -0.00230   0.03956   0.11837   0.20297   0.27903   0.34342   0.39668   0.44069   0.47733   0.50814   0.53431   0.55675   0.57618   0.59317   0.60815   0.62149   0.63346   0.64426   0.65405   0.66295   0.67105   0.67843   0.68516   0.69129   0.69691   0.70209   0.70692   0.71147   0.71582   0.72008   0.72417   0.72803   0.73184   0.73562   0.73904   0.74200   0.74455   0.74655   0.74792   0.74885   0.74954   0.75001   0.75037   0.75077   0.75133   0.75212   0.75312   0.75419   0.75502   0.75528   0.75492   0.75425   0.75358   0.75322   0.75338   0.75398   0.75463   0.75500   0.75458   0.75400   0.75484   0.75609   0.75609   0.75584   0.75626   0.75697   0.75822   0.75933   0.76067   0.76288   0.76389   0.76380   0.76363   0.76269   0.76171   0.76156   0.76240   0.76392   0.76554   0.76687   0.76671   0.76487   0.76251   0.76166   0.76346   0.76516   0.76455   0.76379   0.76661   0.76828   0.76460   0.76308   0.76676   0.76939   0.76773   0.76381   0.76101   0.76175   0.76600   0.76789   0.76522   0.76355   0.76365   0.76445   0.76461   0.76318   0.76116   0.75894   0.75649   0.75387   0.75123   0.74868   0.74627   0.74390   0.74166   0.73955   0.73753   0.73568   0.73386   0.73199   0.73006   0.72813   0.72631   0.72472   0.72328   0.72182   0.72024   0.71846   0.71650   0.71443   0.71241   0.71056   0.70890   0.70742   0.70608   0.70474   0.70328   0.70168   0.69998   0.69820   0.69633   0.69446   0.69265   0.69093   0.68930   0.68779   0.68641   0.68503   0.68359   0.68205   0.68046   0.67888   0.67735   0.67589   0.67448   0.67311   0.67178   0.67054   0.66935   0.66822   0.66711   0.66602   0.66492   0.66380   0.66267   0.66153   0.66039   0.65930   0.65828   0.65736   0.65649   0.65565   0.65484   0.65412   0.65346   0.65276   0.65209   0.65177   0.65180   0.65166   0.65141   0.65173   0.65242   0.65305   0.65368   0.65457   0.65584   0.65746   0.65937   0.66159   0.66422   0.66733   0.67100   0.67532   0.68037   0.68626   0.69304   0.70078   0.70948   0.71914   0.72969   0.74103   0.75299   0.76542   0.77811   0.79071
  5.6250   0.25237   0.25226   0.24858   0.24107   0.23355   0.22649   0.21957   0.21277   0.20602   0.19916   0.19218   0.18499   0.17742   0.16951   0.16120   0.15232   0.14262   0.13195   0.11978   0.10594   0.08918   0.06866   0.03699   0.03316   0.08708   0.16637   0.24692   0.31769   0.37694   0.42586   0.46642   0.50035   0.52903   0.55354   0.57472   0.59319   0.60948   0.62396   0.63696   0.64870   0.65936   0.66906   0.67790   0.68596   0.69329   0.69995   0.70600   0.71150   0.71655   0.72122   0.72558   0.72973   0.73375   0.73760   0.74118   0.74472   0.74823   0.75141   0.75413   0.75645   0.75824   0.75941   0.76015   0.76066   0.76097   0.76116   0.76139   0.76178   0.76241   0.76324   0.76412   0.76482   0.76493   0.76438   0.76352   0.76273   0.76225   0.76226   0.76270   0.76313   0.76332   0.76278   0.76207   0.76279   0.76395   0.76383   0.76341   0.76359   0.76412   0.76529   0.76617   0.76729   0.76960   0.77048   0.76996   0.76968   0.76877   0.76745   0.76700   0.76837   0.76973   0.77030   0.77138   0.77138   0.76956   0.76653   0.76565   0.76748   0.76879   0.76833   0.76728   0.77028   0.77141   0.76697   0.76657   0.77069   0.77153   0.76832   0.76476   0.76353   0.76692   0.76940   0.76769   0.76641   0.76601   0.76555   0.76572   0.76560   0.76418   0.76195   0.75946   0.75692   0.75437   0.75181   0.74935   0.74695   0.74459   0.74245   0.74036   0.73835   0.73653   0.73471   0.73284   0.73092   0.72899   0.72717   0.72560   0.72418   0.72269   0.72108   0.71932   0.71738   0.71532   0.71331   0.71144   0.70972   0.70819   0.70683   0.70548   0.70398   0.70234   0.70063   0.69884   0.69698   0.69509   0.69327   0.69152   0.68985   0.68831   0.68689   0.68548   0.68402   0.68248   0.68088   0.67930   0.67777   0.67629   0.67486   0.67347   0.67212   0.67085   0.66965   0.66850   0.66738   0.66627   0.66516   0.66405   0.66292   0.66177   0.66062   0.65953   0.65851   0.65758   0.65668   0.65582   0.65503   0.65433   0.65364   0.65289   0.65228   0.65202   0.65194   0.65167   0.65149   0.65187   0.65249   0.65306   0.65373   0.65463   0.65589   0.65752   0.65943   0.66166   0.66429   0.66740   0.67107   0.67538   0.68043   0.68631   0.69308   0.70081   0.70950   0.71916   0.72971   0.74106   0.75305   0.76549   0.77819   0.79081
  6.8750   0.25052   0.25041   0.24663   0.23894   0.23127   0.22409   0.21702   0.21006   0.20319   0.19628   0.18930   0.18217   0.17472   0.16693   0.15875   0.14997   0.14035   0.12976   0.11773   0.10420   0.08830   0.07221   0.06023   0.08160   0.14561   0.22187   0.29408   0.35640   0.40848   0.45172   0.48785   0.51836   0.54439   0.56686   0.58644   0.60368   0.61898   0.63268   0.64502   0.65620   0.66637   0.67563   0.68406   0.69174   0.69870   0.70499   0.71068   0.71582   0.72051   0.72483   0.72886   0.73268   0.73640   0.73995   0.74324   0.74650   0.74978   0.75275   0.75527   0.75739   0.75899   0.75998   0.76056   0.76092   0.76111   0.76117   0.76127   0.76156   0.76213   0.76290   0.76372   0.76442   0.76452   0.76393   0.76304   0.76231   0.76198   0.76210   0.76259   0.76306   0.76330   0.76282   0.76222   0.76312   0.76450   0.76455   0.76416   0.76433   0.76498   0.76623   0.76697   0.76826   0.77087   0.77155   0.77099   0.77128   0.77051   0.76889   0.76910   0.77099   0.77154   0.77167   0.77325   0.77368   0.77141   0.76810   0.76818   0.77048   0.77170   0.77143   0.77085   0.77377   0.77372   0.76912   0.77075   0.77415   0.77106   0.76776   0.76668   0.76766   0.76997   0.77054   0.77097   0.77007   0.76785   0.76725   0.76760   0.76693   0.76502   0.76257   0.76014   0.75779   0.75534   0.75278   0.75036   0.74794   0.74558   0.74347   0.74129   0.73926   0.73747   0.73565   0.73379   0.73187   0.72992   0.72811   0.72655   0.72510   0.72355   0.72191   0.72018   0.71827   0.71624   0.71425   0.71235   0.71058   0.70903   0.70768   0.70629   0.70473   0.70304   0.70131   0.69954   0.69769   0.69580   0.69398   0.69221   0.69051   0.68894   0.68748   0.68604   0.68456   0.68300   0.68140   0.67982   0.67827   0.67677   0.67533   0.67393   0.67255   0.67125   0.67003   0.66886   0.66771   0.66659   0.66548   0.66436   0.66322   0.66206   0.66091   0.65982   0.65881   0.65784   0.65691   0.65604   0.65528   0.65459   0.65384   0.65308   0.65255   0.65229   0.65205   0.65173   0.65167   0.65205   0.65256   0.65311   0.65382   0.65471   0.65597   0.65761   0.65952   0.66175   0.66438   0.66749   0.67116   0.67547   0.68051   0.68638   0.69314   0.70085   0.70954   0.71920   0.72975   0.74111   0.75311   0.76557   0.77830   0.79093
  8.1250   0.24858   0.24846   0.24460   0.23679   0.22910   0.22200   0.21508   0.20827   0.20148   0.19458   0.18755   0.18030   0.17269   0.16475   0.15645   0.14761   0.13799   0.12749   0.11563   0.10252   0.08580   0.07636   0.09320   0.14311   0.21266   0.28172   0.34380   0.39721   0.44234   0.48041   0.51274   0.54040   0.56426   0.58504   0.60327   0.61941   0.63380   0.64673   0.65841   0.66903   0.67871   0.68754   0.69560   0.70293   0.70959   0.71561   0.72105   0.72597   0.73046   0.73459   0.73844   0.74209   0.74565   0.74904   0.75216   0.75525   0.75839   0.76124   0.76362   0.76561   0.76709   0.76797   0.76843   0.76868   0.76873   0.76868   0.76865   0.76880   0.76923   0.76985   0.77053   0.77111   0.77110   0.77030   0.76919   0.76834   0.76790   0.76788   0.76821   0.76850   0.76853   0.76785   0.76716   0.76805   0.76935   0.76932   0.76881   0.76883   0.76938   0.77028   0.77061   0.77234   0.77506   0.77488   0.77450   0.77538   0.77400   0.77185   0.77313   0.77500   0.77456   0.77478   0.77642   0.77606   0.77293   0.77040   0.77159   0.77388   0.77443   0.77429   0.77441   0.77549   0.77536   0.77310   0.77465   0.77489   0.77107   0.76956   0.76906   0.77013   0.77206   0.77435   0.77450   0.77146   0.76955   0.76908   0.76857   0.76760   0.76578   0.76333   0.76080   0.75837   0.75589   0.75341   0.75110   0.74859   0.74623   0.74405   0.74173   0.73978   0.73807   0.73630   0.73451   0.73263   0.73068   0.72890   0.72735   0.72582   0.72418   0.72254   0.72087   0.71901   0.71702   0.71506   0.71316   0.71138   0.70986   0.70851   0.70706   0.70541   0.70367   0.70196   0.70023   0.69840   0.69653   0.69471   0.69294   0.69122   0.68962   0.68814   0.68668   0.68517   0.68360   0.68200   0.68041   0.67884   0.67734   0.67590   0.67448   0.67307   0.67175   0.67051   0.66930   0.66813   0.66700   0.66588   0.66475   0.66359   0.66241   0.66128   0.66020   0.65917   0.65815   0.65718   0.65634   0.65561   0.65488   0.65405   0.65334   0.65289   0.65256   0.65218   0.65188   0.65191   0.65224   0.65266   0.65322   0.65395   0.65483   0.65609   0.65773   0.65964   0.66187   0.66450   0.66762   0.67128   0.67559   0.68062   0.68647   0.69322   0.70092   0.70961   0.71926   0.72982   0.74119   0.75321   0.76569   0.77844   0.79110
  9.3750   0.24654   0.24642   0.24241   0.23432   0.22640   0.21909   0.21196   0.20498   0.19811   0.19121   0.18426   0.17715   0.16970   0.16192   0.15376   0.14505   0.13555   0.12521   0.11365   0.10106   0.08776   0.09302   0.13821   0.20918   0.27942   0.33933   0.39092   0.43554   0.47388   0.50686   0.53533   0.56004   0.58159   0.60052   0.61726   0.63218   0.64556   0.65765   0.66863   0.67864   0.68779   0.69616   0.70381   0.71078   0.71710   0.72282   0.72797   0.73263   0.73686   0.74075   0.74437   0.74778   0.75112   0.75429   0.75716   0.76002   0.76296   0.76563   0.76783   0.76962   0.77090   0.77157   0.77184   0.77192   0.77184   0.77164   0.77145   0.77149   0.77182   0.77234   0.77293   0.77348   0.77345   0.77254   0.77130   0.77048   0.77014   0.77012   0.77043   0.77065   0.77054   0.76983   0.76932   0.77032   0.77170   0.77181   0.77131   0.77140   0.77179   0.77212   0.77274   0.77575   0.77807   0.77686   0.77716   0.77784   0.77549   0.77489   0.77749   0.77836   0.77747   0.77768   0.77870   0.77718   0.77439   0.77325   0.77514   0.77695   0.77632   0.77671   0.77715   0.77679   0.77645   0.77601   0.77638   0.77489   0.77337   0.77352   0.77310   0.77379   0.77536   0.77584   0.77409   0.77191   0.77098   0.77058   0.76980   0.76851   0.76640   0.76385   0.76137   0.75903   0.75658   0.75426   0.75199   0.74938   0.74706   0.74473   0.74230   0.74048   0.73881   0.73709   0.73537   0.73350   0.73155   0.72976   0.72814   0.72649   0.72477   0.72315   0.72153   0.71972   0.71778   0.71584   0.71394   0.71218   0.71069   0.70929   0.70774   0.70602   0.70426   0.70257   0.70087   0.69907   0.69722   0.69543   0.69366   0.69194   0.69033   0.68884   0.68735   0.68582   0.68425   0.68265   0.68105   0.67946   0.67796   0.67654   0.67510   0.67366   0.67232   0.67106   0.66982   0.66863   0.66748   0.66635   0.66519   0.66401   0.66284   0.66173   0.66066   0.65958   0.65850   0.65753   0.65673   0.65601   0.65517   0.65432   0.65369   0.65327   0.65283   0.65236   0.65213   0.65223   0.65245   0.65280   0.65341   0.65413   0.65498   0.65625   0.65790   0.65980   0.66202   0.66465   0.66776   0.67143   0.67573   0.68075   0.68660   0.69333   0.70103   0.70970   0.71935   0.72992   0.74130   0.75333   0.76583   0.77860   0.79129
 10.6250   0.24439   0.24427   0.24017   0.23195   0.22405   0.21691   0.20996   0.20311   0.19626   0.18929   0.18221   0.17493   0.16729   0.15937   0.15115   0.14247   0.13309   0.12298   0.11187   0.10076   0.10188   0.13578   0.20307   0.27878   0.34221   0.39223   0.43470   0.47205   0.50486   0.53371   0.55908   0.58141   0.60110   0.61855   0.63409   0.64800   0.66053   0.67189   0.68223   0.69168   0.70033   0.70826   0.71550   0.72211   0.72810   0.73350   0.73837   0.74275   0.74671   0.75034   0.75370   0.75686   0.75994   0.76286   0.76547   0.76807   0.77080   0.77328   0.77529   0.77689   0.77800   0.77852   0.77862   0.77857   0.77839   0.77804   0.77771   0.77763   0.77784   0.77822   0.77872   0.77919   0.77907   0.77797   0.77649   0.77567   0.77534   0.77518   0.77545   0.77552   0.77508   0.77439   0.77400   0.77479   0.77607   0.77627   0.77580   0.77582   0.77571   0.77543   0.77694   0.78060   0.78141   0.77985   0.78166   0.78189   0.77877   0.77969   0.78125   0.78022   0.78004   0.78120   0.78196   0.77912   0.77691   0.77655   0.77788   0.77956   0.77986   0.78104   0.78155   0.78191   0.78043   0.77799   0.77588   0.77501   0.77752   0.77874   0.77686   0.77656   0.77668   0.77550   0.77449   0.77345   0.77249   0.77146   0.77032   0.76893   0.76691   0.76439   0.76185   0.75942   0.75700   0.75489   0.75260   0.74994   0.74767   0.74517   0.74280   0.74113   0.73949   0.73782   0.73611   0.73421   0.73226   0.73045   0.72873   0.72696   0.72525   0.72371   0.72216   0.72039   0.71847   0.71654   0.71465   0.71292   0.71143   0.70996   0.70831   0.70653   0.70478   0.70315   0.70149   0.69971   0.69788   0.69610   0.69435   0.69263   0.69102   0.68953   0.68803   0.68649   0.68492   0.68332   0.68169   0.68010   0.67863   0.67722   0.67575   0.67429   0.67295   0.67167   0.67041   0.66920   0.66804   0.66689   0.66570   0.66450   0.66335   0.66226   0.66116   0.66002   0.65892   0.65798   0.65722   0.65642   0.65550   0.65469   0.65414   0.65367   0.65311   0.65264   0.65248   0.65257   0.65269   0.65302   0.65367   0.65434   0.65518   0.65646   0.65811   0.66000   0.66222   0.66484   0.66795   0.67160   0.67590   0.68092   0.68675   0.69349   0.70117   0.70984   0.71949   0.73006   0.74145   0.75349   0.76602   0.77881   0.79153
 11.8750   0.24212   0.24199   0.23766   0.22904   0.22077   0.21331   0.20614   0.19916   0.19232   0.18545   0.17855   0.17148   0.16405   0.15631   0.14828   0.13979   0.13064   0.12093   0.11047   0.11017   0.13907   0.20004   0.27559   0.34474   0.39815   0.43917   0.47424   0.50576   0.53404   0.55935   0.58193   0.60202   0.61989   0.63581   0.65005   0.66285   0.67442   0.68493   0.69452   0.70330   0.71136   0.71873   0.72548   0.73162   0.73718   0.74218   0.74666   0.75067   0.75428   0.75757   0.76060   0.76343   0.76619   0.76881   0.77109   0.77337   0.77583   0.77808   0.77985   0.78119   0.78205   0.78231   0.78219   0.78197   0.78161   0.78108   0.78058   0.78037   0.78048   0.78079   0.78123   0.78164   0.78148   0.78028   0.77874   0.77806   0.77777   0.77758   0.77794   0.77783   0.77728   0.77689   0.77658   0.77721   0.77879   0.77925   0.77899   0.77870   0.77776   0.77752   0.78048   0.78341   0.78263   0.78272   0.78560   0.78492   0.78190   0.78306   0.78402   0.78287   0.78253   0.78397   0.78576   0.78326   0.78105   0.78100   0.78152   0.78369   0.78381   0.78342   0.78110   0.78055   0.78264   0.78066   0.77866   0.78011   0.78077   0.77825   0.77803   0.77905   0.77731   0.77607   0.77555   0.77418   0.77301   0.77204   0.77091   0.76941   0.76727   0.76470   0.76215   0.75968   0.75735   0.75542   0.75301   0.75043   0.74821   0.74560   0.74344   0.74191   0.74025   0.73852   0.73674   0.73480   0.73282   0.73097   0.72918   0.72737   0.72572   0.72430   0.72281   0.72104   0.71913   0.71720   0.71532   0.71361   0.71207   0.71050   0.70877   0.70696   0.70526   0.70369   0.70209   0.70034   0.69854   0.69677   0.69502   0.69330   0.69170   0.69020   0.68870   0.68716   0.68559   0.68398   0.68234   0.68076   0.67932   0.67791   0.67642   0.67495   0.67361   0.67232   0.67104   0.66982   0.66865   0.66747   0.66626   0.66505   0.66393   0.66285   0.66170   0.66050   0.65941   0.65853   0.65777   0.65686   0.65588   0.65516   0.65466   0.65407   0.65341   0.65303   0.65295   0.65293   0.65296   0.65334   0.65399   0.65461   0.65544   0.65673   0.65836   0.66024   0.66245   0.66507   0.66817   0.67182   0.67611   0.68112   0.68695   0.69368   0.70136   0.71002   0.71966   0.73023   0.74163   0.75368   0.76623   0.77905   0.79180
 13.1250   0.23971   0.23958   0.23517   0.22645   0.21829   0.21110   0.20413   0.19720   0.19029   0.18325   0.17614   0.16886   0.16127   0.15348   0.14551   0.13719   0.12839   0.11909   0.11841   0.14418   0.20141   0.27456   0.34530   0.40386   0.44770   0.48143   0.51085   0.53791   0.56268   0.58519   0.60551   0.62375   0.64006   0.65467   0.66777   0.67959   0.69028   0.70001   0.70890   0.71704   0.72451   0.73135   0.73760   0.74328   0.74841   0.75302   0.75713   0.76078   0.76406   0.76702   0.76974   0.77226   0.77473   0.77707   0.77907   0.78106   0.78328   0.78534   0.78693   0.78806   0.78871   0.78879   0.78852   0.78812   0.78759   0.78692   0.78629   0.78588   0.78583   0.78605   0.78635   0.78659   0.78632   0.78497   0.78330   0.78256   0.78209   0.78190   0.78221   0.78170   0.78107   0.78084   0.78023   0.78090   0.78281   0.78339   0.78319   0.78204   0.78024   0.78098   0.78539   0.78712   0.78423   0.78588   0.78863   0.78609   0.78542   0.78702   0.78636   0.78501   0.78573   0.78844   0.78933   0.78628   0.78467   0.78632   0.78639   0.78662   0.78533   0.78342   0.78195   0.78521   0.78854   0.78430   0.78180   0.78198   0.78074   0.77900   0.77958   0.77935   0.77797   0.77763   0.77663   0.77505   0.77384   0.77273   0.77141   0.76973   0.76751   0.76493   0.76233   0.75979   0.75762   0.75575   0.75319   0.75082   0.74859   0.74593   0.74401   0.74248   0.74072   0.73891   0.73708   0.73507   0.73305   0.73116   0.72936   0.72762   0.72610   0.72480   0.72335   0.72158   0.71967   0.71772   0.71582   0.71411   0.71250   0.71085   0.70907   0.70730   0.70569   0.70420   0.70266   0.70095   0.69916   0.69739   0.69564   0.69392   0.69232   0.69084   0.68934   0.68781   0.68625   0.68463   0.68298   0.68143   0.68001   0.67858   0.67708   0.67563   0.67429   0.67297   0.67170   0.67048   0.66929   0.66809   0.66686   0.66567   0.66456   0.66346   0.66225   0.66103   0.65999   0.65916   0.65833   0.65731   0.65634   0.65572   0.65519   0.65448   0.65382   0.65352   0.65343   0.65330   0.65330   0.65374   0.65437   0.65493   0.65575   0.65706   0.65867   0.66053   0.66273   0.66534   0.66844   0.67208   0.67637   0.68138   0.68720   0.69391   0.70158   0.71023   0.71987   0.73044   0.74184   0.75391   0.76648   0.77933   0.79211
 14.3750   0.23714   0.23700   0.23225   0.22292   0.21423   0.20661   0.19938   0.19239   0.18558   0.17880   0.17200   0.16506   0.15777   0.15028   0.14262   0.13469   0.12630   0.12612   0.15076   0.20611   0.27810   0.34813   0.40826   0.45608   0.49188   0.52005   0.54527   0.56890   0.59083   0.61096   0.62925   0.64572   0.66050   0.67374   0.68563   0.69635   0.70607   0.71490   0.72298   0.73037   0.73716   0.74336   0.74903   0.75416   0.75878   0.76290   0.76655   0.76977   0.77262   0.77518   0.77750   0.77962   0.78171   0.78369   0.78533   0.78695   0.78886   0.79067   0.79198   0.79282   0.79317   0.79299   0.79251   0.79189   0.79119   0.79040   0.78958   0.78898   0.78893   0.78915   0.78925   0.78935   0.78918   0.78788   0.78620   0.78535   0.78481   0.78483   0.78500   0.78426   0.78394   0.78340   0.78246   0.78365   0.78575   0.78653   0.78611   0.78393   0.78185   0.78363   0.78955   0.79119   0.78679   0.78859   0.79174   0.79005   0.79131   0.79264   0.78915   0.78594   0.78800   0.79290   0.79311   0.78817   0.78563   0.78600   0.78678   0.78727   0.78739   0.78464   0.78243   0.78577   0.78815   0.78643   0.78564   0.78462   0.78143   0.78143   0.78210   0.78035   0.77963   0.77918   0.77747   0.77575   0.77449   0.77335   0.77192   0.77009   0.76776   0.76510   0.76243   0.75991   0.75796   0.75595   0.75329   0.75118   0.74889   0.74635   0.74459   0.74292   0.74105   0.73915   0.73716   0.73506   0.73308   0.73121   0.72943   0.72779   0.72640   0.72518   0.72374   0.72197   0.72004   0.71805   0.71613   0.71438   0.71270   0.71100   0.70925   0.70758   0.70608   0.70464   0.70314   0.70145   0.69968   0.69793   0.69618   0.69445   0.69287   0.69139   0.68990   0.68837   0.68681   0.68519   0.68356   0.68205   0.68065   0.67922   0.67771   0.67629   0.67496   0.67364   0.67238   0.67117   0.66996   0.66874   0.66751   0.66633   0.66523   0.66408   0.66282   0.66162   0.66063   0.65981   0.65889   0.65779   0.65691   0.65636   0.65571   0.65492   0.65433   0.65408   0.65392   0.65370   0.65373   0.65421   0.65475   0.65525   0.65611   0.65742   0.65902   0.66087   0.66306   0.66567   0.66875   0.67239   0.67666   0.68167   0.68748   0.69418   0.70183   0.71048   0.72011   0.73067   0.74209   0.75418   0.76678   0.77966   0.79248
 15.6250   0.23439   0.23424   0.22945   0.22013   0.21169   0.20447   0.19749   0.19051   0.18352   0.17639   0.16929   0.16211   0.15477   0.14739   0.14002   0.13265   0.13349   0.15841   0.21339   0.28505   0.35475   0.41438   0.46346   0.50248   0.53225   0.55642   0.57858   0.59958   0.61921   0.63732   0.65381   0.66869   0.68203   0.69399   0.70472   0.71439   0.72315   0.73112   0.73839   0.74505   0.75115   0.75672   0.76179   0.76637   0.77047   0.77410   0.77729   0.78007   0.78251   0.78467   0.78662   0.78838   0.79011   0.79177   0.79310   0.79440   0.79605   0.79766   0.79875   0.79934   0.79943   0.79906   0.79836   0.79750   0.79668   0.79577   0.79466   0.79384   0.79383   0.79391   0.79365   0.79366   0.79354   0.79225   0.79043   0.78916   0.78854   0.78888   0.78877   0.78777   0.78745   0.78657   0.78574   0.78733   0.78935   0.79003   0.78877   0.78649   0.78533   0.78752   0.79321   0.79409   0.79027   0.79175   0.79361   0.79331   0.79442   0.79343   0.79031   0.78865   0.79155   0.79393   0.79359   0.79289   0.78928   0.78529   0.78526   0.78611   0.78907   0.78926   0.78692   0.78897   0.79158   0.78917   0.78626   0.78552   0.78398   0.78393   0.78249   0.78149   0.78156   0.78017   0.77815   0.77648   0.77516   0.77387   0.77231   0.77038   0.76798   0.76530   0.76259   0.76016   0.75833   0.75606   0.75346   0.75156   0.74918   0.74674   0.74505   0.74326   0.74119   0.73907   0.73697   0.73493   0.73303   0.73123   0.72954   0.72797   0.72661   0.72541   0.72396   0.72215   0.72016   0.71809   0.71614   0.71438   0.71270   0.71102   0.70931   0.70773   0.70632   0.70496   0.70350   0.70181   0.70001   0.69824   0.69648   0.69476   0.69319   0.69175   0.69026   0.68874   0.68720   0.68558   0.68399   0.68254   0.68117   0.67975   0.67829   0.67691   0.67560   0.67430   0.67306   0.67186   0.67065   0.66942   0.66819   0.66701   0.66588   0.66468   0.66341   0.66227   0.66133   0.66048   0.65946   0.65837   0.65757   0.65702   0.65625   0.65545   0.65494   0.65467   0.65443   0.65414   0.65422   0.65469   0.65513   0.65561   0.65651   0.65782   0.65939   0.66123   0.66341   0.66602   0.66909   0.67272   0.67699   0.68198   0.68779   0.69448   0.70212   0.71076   0.72038   0.73096   0.74238   0.75450   0.76713   0.78005   0.79290
 16.8750   0.23142   0.23127   0.22598   0.21575   0.20650   0.19863   0.19132   0.18433   0.17765   0.17108   0.16460   0.15805   0.15121   0.14416   0.13773   0.14037   0.16719   0.22336   0.29523   0.36470   0.42384   0.47233   0.51238   0.54486   0.57034   0.59166   0.61148   0.63033   0.64796   0.66420   0.67897   0.69226   0.70414   0.71476   0.72427   0.73282   0.74054   0.74755   0.75394   0.75978   0.76511   0.76997   0.77438   0.77833   0.78184   0.78492   0.78757   0.78984   0.79179   0.79348   0.79497   0.79627   0.79754   0.79881   0.79978   0.80070   0.80200   0.80335   0.80415   0.80440   0.80418   0.80350   0.80254   0.80158   0.80066   0.79947   0.79811   0.79736   0.79742   0.79719   0.79662   0.79676   0.79692   0.79569   0.79347   0.79178   0.79153   0.79204   0.79138   0.79068   0.79034   0.78865   0.78871   0.79101   0.79247   0.79331   0.79173   0.78934   0.78848   0.79099   0.79696   0.79679   0.79365   0.79362   0.79461   0.79549   0.79469   0.79310   0.79205   0.79226   0.79490   0.79785   0.79789   0.79729   0.79107   0.78544   0.78756   0.78940   0.79023   0.79039   0.78904   0.79218   0.79383   0.78945   0.78768   0.78726   0.78690   0.78513   0.78279   0.78293   0.78271   0.78083   0.77877   0.77707   0.77568   0.77427   0.77260   0.77060   0.76818   0.76551   0.76286   0.76056   0.75871   0.75624   0.75382   0.75192   0.74945   0.74716   0.74542   0.74339   0.74099   0.73880   0.73680   0.73497   0.73323   0.73150   0.72976   0.72813   0.72683   0.72562   0.72409   0.72217   0.72008   0.71797   0.71604   0.71431   0.71266   0.71099   0.70935   0.70785   0.70646   0.70510   0.70368   0.70201   0.70018   0.69836   0.69659   0.69486   0.69330   0.69185   0.69036   0.68885   0.68731   0.68571   0.68417   0.68280   0.68147   0.68010   0.67870   0.67737   0.67609   0.67484   0.67363   0.67242   0.67122   0.67000   0.66877   0.66759   0.66645   0.66523   0.66401   0.66294   0.66203   0.66113   0.66007   0.65902   0.65829   0.65768   0.65685   0.65611   0.65565   0.65531   0.65498   0.65469   0.65478   0.65522   0.65558   0.65606   0.65697   0.65827   0.65980   0.66162   0.66380   0.66640   0.66948   0.67311   0.67737   0.68235   0.68815   0.69483   0.70247   0.71110   0.72073   0.73131   0.74275   0.75489   0.76754   0.78048   0.79337
 18.1250   0.22820   0.22804   0.22281   0.21280   0.20409   0.19691   0.18997   0.18295   0.17590   0.16878   0.16181   0.15500   0.14810   0.14270   0.14783   0.17794   0.23658   0.30902   0.37798   0.43640   0.48421   0.52372   0.55718   0.58506   0.60750   0.62666   0.64456   0.66150   0.67728   0.69178   0.70491   0.71667   0.72714   0.73645   0.74474   0.75217   0.75885   0.76491   0.77041   0.77542   0.77998   0.78411   0.78784   0.79115   0.79406   0.79656   0.79867   0.80042   0.80187   0.80309   0.80414   0.80499   0.80585   0.80674   0.80741   0.80799   0.80897   0.81006   0.81060   0.81054   0.81002   0.80904   0.80790   0.80689   0.80570   0.80414   0.80268   0.80207   0.80187   0.80114   0.80058   0.80086   0.80095   0.79960   0.79697   0.79502   0.79512   0.79544   0.79464   0.79419   0.79290   0.79100   0.79260   0.79471   0.79577   0.79726   0.79523   0.79232   0.79157   0.79631   0.80140   0.79853   0.79710   0.79561   0.79634   0.80184   0.79963   0.79439   0.79500   0.79661   0.79786   0.80019   0.79855   0.79464   0.79111   0.79003   0.79132   0.79225   0.79294   0.79264   0.79194   0.79430   0.79433   0.79165   0.79004   0.78904   0.78881   0.78586   0.78415   0.78445   0.78344   0.78141   0.77934   0.77756   0.77609   0.77458   0.77282   0.77077   0.76835   0.76571   0.76314   0.76093   0.75892   0.75642   0.75422   0.75208   0.74958   0.74765   0.74570   0.74321   0.74072   0.73866   0.73682   0.73517   0.73359   0.73188   0.73004   0.72840   0.72718   0.72580   0.72390   0.72185   0.71978   0.71780   0.71606   0.71442   0.71275   0.71104   0.70941   0.70798   0.70660   0.70522   0.70378   0.70207   0.70016   0.69827   0.69650   0.69480   0.69324   0.69177   0.69027   0.68874   0.68720   0.68559   0.68410   0.68281   0.68154   0.68020   0.67884   0.67754   0.67628   0.67506   0.67385   0.67264   0.67144   0.67023   0.66904   0.66791   0.66679   0.66564   0.66453   0.66353   0.66261   0.66168   0.66062   0.65964   0.65896   0.65831   0.65748   0.65684   0.65641   0.65599   0.65562   0.65540   0.65551   0.65586   0.65615   0.65662   0.65754   0.65881   0.66033   0.66214   0.66432   0.66691   0.66998   0.67360   0.67785   0.68281   0.68859   0.69527   0.70290   0.71153   0.72115   0.73172   0.74315   0.75528   0.76794   0.78089   0.79379
 19.3750   0.22468   0.22450   0.21851   0.20706   0.19700   0.18882   0.18149   0.17468   0.16840   0.16236   0.15655   0.14974   0.14634   0.15632   0.19147   0.25378   0.32688   0.39492   0.45216   0.49910   0.53805   0.57118   0.60002   0.62453   0.64458   0.66187   0.67797   0.69311   0.70712   0.71990   0.73141   0.74165   0.75069   0.75866   0.76570   0.77196   0.77756   0.78259   0.78713   0.79125   0.79497   0.79831   0.80129   0.80389   0.80612   0.80798   0.80948   0.81064   0.81153   0.81223   0.81278   0.81312   0.81346   0.81393   0.81426   0.81449   0.81509   0.81586   0.81612   0.81574   0.81483   0.81363   0.81254   0.81138   0.80969   0.80791   0.80677   0.80621   0.80545   0.80443   0.80417   0.80457   0.80436   0.80277   0.79967   0.79751   0.79821   0.79835   0.79774   0.79718   0.79470   0.79421   0.79678   0.79759   0.79897   0.80046   0.79762   0.79478   0.79470   0.80032   0.80318   0.79919   0.79729   0.79671   0.80067   0.80537   0.80086   0.79754   0.80059   0.79990   0.80014   0.80041   0.79905   0.79806   0.79520   0.79481   0.79585   0.79528   0.79600   0.79476   0.79334   0.79485   0.79532   0.79336   0.79059   0.79052   0.78937   0.78664   0.78557   0.78523   0.78391   0.78194   0.77986   0.77801   0.77645   0.77484   0.77301   0.77091   0.76849   0.76587   0.76333   0.76121   0.75897   0.75648   0.75459   0.75224   0.74968   0.74798   0.74579   0.74307   0.74079   0.73891   0.73715   0.73552   0.73391   0.73215   0.73029   0.72873   0.72730   0.72563   0.72367   0.72153   0.71949   0.71771   0.71617   0.71456   0.71287   0.71116   0.70954   0.70810   0.70674   0.70536   0.70382   0.70199   0.69997   0.69808   0.69632   0.69459   0.69301   0.69154   0.69003   0.68847   0.68691   0.68532   0.68389   0.68264   0.68139   0.68007   0.67875   0.67746   0.67618   0.67497   0.67375   0.67256   0.67138   0.67020   0.66905   0.66795   0.66686   0.66577   0.66476   0.66381   0.66289   0.66193   0.66093   0.66003   0.65937   0.65872   0.65799   0.65746   0.65701   0.65654   0.65621   0.65608   0.65623   0.65651   0.65678   0.65731   0.65826   0.65951   0.66102   0.66282   0.66498   0.66756   0.67060   0.67419   0.67841   0.68335   0.68911   0.69575   0.70335   0.71195   0.72153   0.73206   0.74347   0.75558   0.76822   0.78118   0.79409
 20.6250   0.22077   0.22059   0.21487   0.20417   0.19530   0.18829   0.18150   0.17457   0.16765   0.16085   0.15394   0.15252   0.16768   0.20975   0.27615   0.34942   0.41589   0.47150   0.51731   0.55560   0.58836   0.61698   0.64231   0.66407   0.68201   0.69751   0.71184   0.72519   0.73745   0.74855   0.75846   0.76718   0.77480   0.78144   0.78724   0.79232   0.79682   0.80083   0.80441   0.80762   0.81050   0.81304   0.81526   0.81715   0.81870   0.81992   0.82081   0.82139   0.82174   0.82189   0.82192   0.82176   0.82156   0.82162   0.82163   0.82147   0.82170   0.82220   0.82220   0.82139   0.82006   0.81879   0.81767   0.81598   0.81367   0.81201   0.81124   0.81017   0.80882   0.80817   0.80829   0.80833   0.80754   0.80590   0.80273   0.80033   0.80144   0.80165   0.80096   0.79986   0.79750   0.79792   0.79932   0.79950   0.80210   0.80276   0.79927   0.79779   0.79871   0.80273   0.80581   0.80433   0.80143   0.80024   0.80359   0.80429   0.80157   0.80336   0.80370   0.80249   0.80413   0.80344   0.80193   0.80102   0.79888   0.79734   0.79863   0.79924   0.79846   0.79726   0.79579   0.79638   0.79731   0.79401   0.79116   0.79183   0.78994   0.78748   0.78643   0.78568   0.78435   0.78243   0.78033   0.77843   0.77676   0.77506   0.77316   0.77102   0.76859   0.76595   0.76344   0.76137   0.75894   0.75655   0.75494   0.75252   0.75004   0.74806   0.74557   0.74306   0.74100   0.73923   0.73748   0.73593   0.73437   0.73258   0.73072   0.72914   0.72723   0.72518   0.72342   0.72148   0.71957   0.71791   0.71639   0.71472   0.71306   0.71139   0.70973   0.70825   0.70688   0.70541   0.70378   0.70184   0.69973   0.69784   0.69603   0.69427   0.69273   0.69128   0.68974   0.68816   0.68660   0.68509   0.68371   0.68247   0.68123   0.67988   0.67855   0.67722   0.67594   0.67473   0.67351   0.67231   0.67115   0.67001   0.66890   0.66783   0.66673   0.66568   0.66473   0.66381   0.66286   0.66188   0.66092   0.66010   0.65945   0.65881   0.65816   0.65768   0.65716   0.65667   0.65645   0.65642   0.65659   0.65688   0.65723   0.65787   0.65884   0.66009   0.66158   0.66337   0.66551   0.66807   0.67109   0.67466   0.67886   0.68378   0.68950   0.69611   0.70366   0.71219   0.72172   0.73222   0.74359   0.75569   0.76834   0.78130   0.79423
 21.8750   0.21639   0.21619   0.20927   0.19609   0.18503   0.17706   0.17064   0.16502   0.15985   0.15537   0.15871   0.18202   0.23287   0.30357   0.37659   0.44110   0.49482   0.53932   0.57683   0.60912   0.63737   0.66240   0.68472   0.70394   0.71980   0.73348   0.74601   0.75757   0.76809   0.77751   0.78583   0.79307   0.79927   0.80457   0.80910   0.81300   0.81638   0.81933   0.82193   0.82420   0.82618   0.82788   0.82929   0.83040   0.83121   0.83172   0.83192   0.83186   0.83158   0.83114   0.83059   0.82987   0.82913   0.82886   0.82867   0.82825   0.82820   0.82844   0.82815   0.82693   0.82549   0.82425   0.82269   0.82020   0.81763   0.81652   0.81580   0.81387   0.81196   0.81170   0.81200   0.81143   0.81027   0.80871   0.80575   0.80365   0.80460   0.80507   0.80384   0.80137   0.79979   0.79974   0.80053   0.80297   0.80540   0.80388   0.80062   0.80026   0.80324   0.80625   0.80618   0.80566   0.80276   0.80060   0.80546   0.80777   0.80615   0.80678   0.80769   0.80834   0.80612   0.80451   0.80455   0.80602   0.80326   0.79805   0.79846   0.80106   0.80068   0.79906   0.79762   0.79766   0.79818   0.79445   0.79268   0.79254   0.79061   0.78840   0.78705   0.78603   0.78468   0.78282   0.78073   0.77878   0.77702   0.77524   0.77330   0.77113   0.76867   0.76598   0.76342   0.76126   0.75887   0.75672   0.75500   0.75263   0.75036   0.74806   0.74532   0.74314   0.74139   0.73962   0.73787   0.73628   0.73464   0.73276   0.73087   0.72924   0.72740   0.72536   0.72344   0.72156   0.71975   0.71814   0.71666   0.71502   0.71339   0.71166   0.70996   0.70851   0.70698   0.70527   0.70351   0.70156   0.69958   0.69771   0.69582   0.69410   0.69265   0.69113   0.68948   0.68792   0.68644   0.68501   0.68370   0.68247   0.68116   0.67976   0.67840   0.67702   0.67571   0.67446   0.67323   0.67206   0.67092   0.66979   0.66867   0.66758   0.66648   0.66546   0.66456   0.66366   0.66269   0.66169   0.66076   0.66001   0.65937   0.65871   0.65808   0.65760   0.65703   0.65652   0.65642   0.65644   0.65659   0.65686   0.65730   0.65801   0.65902   0.66027   0.66175   0.66352   0.66565   0.66820   0.67122   0.67479   0.67900   0.68391   0.68962   0.69619   0.70371   0.71220   0.72170   0.73217   0.74353   0.75564   0.76830   0.78129   0.79425
 23.1250   0.21139   0.21120   0.20499   0.19381   0.18510   0.17850   0.17222   0.16507   0.16212   0.17225   0.20514   0.26456   0.33808   0.40961   0.47148   0.52297   0.56593   0.60240   0.63395   0.66162   0.68611   0.70793   0.72736   0.74405   0.75783   0.76965   0.78033   0.79007   0.79883   0.80657   0.81330   0.81902   0.82380   0.82777   0.83105   0.83377   0.83607   0.83801   0.83964   0.84101   0.84213   0.84300   0.84362   0.84397   0.84408   0.84386   0.84329   0.84250   0.84153   0.84044   0.83928   0.83797   0.83659   0.83580   0.83532   0.83464   0.83426   0.83413   0.83349   0.83207   0.83073   0.82943   0.82730   0.82446   0.82224   0.82158   0.82035   0.81740   0.81537   0.81602   0.81629   0.81440   0.81279   0.81180   0.80968   0.80842   0.80876   0.80873   0.80657   0.80321   0.80182   0.80295   0.80437   0.80696   0.80792   0.80506   0.80307   0.80403   0.80914   0.81231   0.81045   0.80661   0.80190   0.80407   0.80932   0.80839   0.80712   0.80741   0.80866   0.80968   0.80812   0.80814   0.80916   0.80873   0.80403   0.79918   0.79966   0.80159   0.80159   0.80035   0.79874   0.79898   0.79847   0.79518   0.79396   0.79292   0.79108   0.78902   0.78743   0.78629   0.78491   0.78307   0.78100   0.77903   0.77722   0.77539   0.77342   0.77122   0.76874   0.76603   0.76342   0.76115   0.75891   0.75699   0.75497   0.75262   0.75040   0.74786   0.74527   0.74342   0.74193   0.74005   0.73819   0.73652   0.73477   0.73283   0.73100   0.72885   0.72704   0.72557   0.72374   0.72194   0.72004   0.71832   0.71674   0.71518   0.71354   0.71177   0.71021   0.70852   0.70664   0.70505   0.70331   0.70137   0.69951   0.69763   0.69577   0.69416   0.69272   0.69113   0.68944   0.68791   0.68645   0.68506   0.68381   0.68258   0.68121   0.67981   0.67842   0.67702   0.67566   0.67431   0.67303   0.67184   0.67071   0.66958   0.66845   0.66733   0.66623   0.66524   0.66433   0.66340   0.66244   0.66148   0.66060   0.65990   0.65922   0.65854   0.65793   0.65743   0.65684   0.65636   0.65626   0.65629   0.65642   0.65672   0.65722   0.65795   0.65895   0.66018   0.66165   0.66341   0.66553   0.66807   0.67109   0.67466   0.67886   0.68377   0.68945   0.69600   0.70349   0.71197   0.72145   0.73193   0.74331   0.75544   0.76813   0.78115   0.79413
 24.3750   0.20554   0.20530   0.19695   0.18160   0.17015   0.16252   0.15923   0.16461   0.18663   0.23437   0.30399   0.37997   0.44944   0.50825   0.55717   0.59819   0.63320   0.66356   0.69019   0.71377   0.73477   0.75346   0.77001   0.78420   0.79588   0.80576   0.81458   0.82249   0.82948   0.83554   0.84067   0.84488   0.84823   0.85086   0.85290   0.85446   0.85565   0.85654   0.85719   0.85765   0.85793   0.85799   0.85782   0.85744   0.85680   0.85589   0.85470   0.85325   0.85160   0.84981   0.84793   0.84592   0.84373   0.84219   0.84171   0.84092   0.83967   0.83894   0.83813   0.83670   0.83531   0.83362   0.83127   0.82880   0.82719   0.82645   0.82461   0.82139   0.81987   0.82095   0.82047   0.81794   0.81679   0.81633   0.81512   0.81367   0.81248   0.81149   0.80863   0.80628   0.80532   0.80616   0.80755   0.80966   0.81037   0.80716   0.80640   0.80870   0.81367   0.81552   0.81386   0.81162   0.80798   0.80864   0.81034   0.80993   0.80805   0.80498   0.80754   0.80985   0.81023   0.81092   0.80930   0.80716   0.80382   0.80070   0.80242   0.80356   0.80264   0.80144   0.79940   0.80015   0.79880   0.79609   0.79479   0.79333   0.79140   0.78931   0.78770   0.78649   0.78505   0.78322   0.78119   0.77924   0.77740   0.77553   0.77351   0.77129   0.76881   0.76614   0.76360   0.76135   0.75917   0.75730   0.75502   0.75273   0.75058   0.74792   0.74565   0.74383   0.74203   0.74003   0.73822   0.73661   0.73497   0.73287   0.73090   0.72876   0.72713   0.72578   0.72385   0.72213   0.72030   0.71856   0.71684   0.71527   0.71361   0.71185   0.71028   0.70825   0.70630   0.70492   0.70325   0.70129   0.69941   0.69758   0.69587   0.69432   0.69278   0.69120   0.68958   0.68807   0.68662   0.68525   0.68400   0.68276   0.68135   0.67992   0.67853   0.67713   0.67577   0.67434   0.67300   0.67178   0.67061   0.66942   0.66826   0.66715   0.66609   0.66509   0.66415   0.66321   0.66229   0.66136   0.66049   0.65973   0.65900   0.65833   0.65777   0.65725   0.65668   0.65625   0.65613   0.65615   0.65628   0.65664   0.65716   0.65788   0.65886   0.66007   0.66151   0.66327   0.66538   0.66791   0.67092   0.67448   0.67867   0.68356   0.68922   0.69575   0.70322   0.71168   0.72116   0.73164   0.74302   0.75515   0.76784   0.78084   0.79380
 25.6250   0.19843   0.19824   0.19200   0.18136   0.17377   0.17356   0.18811   0.22441   0.28473   0.35928   0.43337   0.49863   0.55344   0.59906   0.63744   0.67023   0.69865   0.72362   0.74577   0.76551   0.78305   0.79860   0.81238   0.82413   0.83368   0.84167   0.84866   0.85480   0.86008   0.86448   0.86802   0.87075   0.87266   0.87385   0.87458   0.87485   0.87475   0.87447   0.87406   0.87353   0.87291   0.87217   0.87132   0.87035   0.86922   0.86793   0.86641   0.86466   0.86269   0.86053   0.85820   0.85557   0.85231   0.85012   0.84963   0.84756   0.84458   0.84344   0.84233   0.84015   0.83776   0.83507   0.83256   0.83072   0.82913   0.82738   0.82516   0.82285   0.82209   0.82266   0.82166   0.81983   0.81960   0.81895   0.81826   0.81676   0.81456   0.81308   0.81016   0.80877   0.80978   0.80856   0.80841   0.81394   0.81564   0.81216   0.81086   0.81147   0.81351   0.81290   0.81182   0.81068   0.80997   0.81099   0.81250   0.81547   0.81151   0.80744   0.80881   0.80895   0.81133   0.81066   0.80678   0.80644   0.80645   0.80394   0.80368   0.80367   0.80292   0.80182   0.80008   0.80042   0.79899   0.79690   0.79525   0.79371   0.79173   0.78958   0.78788   0.78653   0.78506   0.78328   0.78133   0.77942   0.77756   0.77565   0.77356   0.77130   0.76885   0.76627   0.76389   0.76173   0.75955   0.75754   0.75509   0.75282   0.75083   0.74832   0.74609   0.74428   0.74236   0.74026   0.73842   0.73679   0.73508   0.73273   0.73032   0.72853   0.72739   0.72607   0.72409   0.72221   0.72046   0.71863   0.71696   0.71555   0.71366   0.71182   0.71003   0.70808   0.70656   0.70507   0.70322   0.70126   0.69941   0.69767   0.69607   0.69452   0.69296   0.69140   0.68983   0.68828   0.68684   0.68543   0.68414   0.68294   0.68155   0.68010   0.67866   0.67724   0.67582   0.67435   0.67304   0.67186   0.67068   0.66945   0.66824   0.66713   0.66609   0.66508   0.66414   0.66324   0.66234   0.66141   0.66047   0.65958   0.65881   0.65814   0.65757   0.65702   0.65650   0.65617   0.65604   0.65607   0.65624   0.65661   0.65712   0.65784   0.65881   0.66001   0.66143   0.66317   0.66527   0.66779   0.67079   0.67435   0.67851   0.68336   0.68899   0.69548   0.70291   0.71133   0.72077   0.73120   0.74251   0.75456   0.76714   0.78000   0.79280
 26.8750   0.18930   0.18901   0.17726   0.16603   0.17568   0.20824   0.26718   0.34441   0.42506   0.49770   0.55867   0.60878   0.65011   0.68469   0.71416   0.73975   0.76229   0.78232   0.80021   0.81616   0.83037   0.84302   0.85419   0.86363   0.87124   0.87751   0.88288   0.88745   0.89121   0.89417   0.89627   0.89756   0.89791   0.89740   0.89645   0.89515   0.89362   0.89191   0.89008   0.88818   0.88623   0.88426   0.88231   0.88041   0.87855   0.87675   0.87496   0.87322   0.87153   0.86988   0.86823   0.86625   0.86291   0.86231   0.86350   0.86037   0.85605   0.85414   0.85248   0.84969   0.84622   0.84242   0.83895   0.83636   0.83352   0.83006   0.82771   0.82603   0.82478   0.82406   0.82291   0.82157   0.82097   0.81993   0.81890   0.81840   0.81644   0.81368   0.81169   0.81104   0.81221   0.80982   0.81113   0.81956   0.81986   0.81543   0.81333   0.81891   0.81919   0.81314   0.81550   0.81401   0.81099   0.80971   0.81320   0.81877   0.81355   0.81088   0.81211   0.81300   0.81475   0.81130   0.80801   0.80864   0.80774   0.80541   0.80504   0.80452   0.80404   0.80270   0.80143   0.80054   0.79905   0.79726   0.79536   0.79382   0.79189   0.78977   0.78804   0.78660   0.78508   0.78333   0.78145   0.77957   0.77770   0.77573   0.77358   0.77129   0.76887   0.76638   0.76413   0.76202   0.75987   0.75772   0.75518   0.75290   0.75095   0.74871   0.74653   0.74423   0.74192   0.74001   0.73835   0.73678   0.73478   0.73251   0.73032   0.72866   0.72748   0.72605   0.72439   0.72238   0.72057   0.71865   0.71709   0.71566   0.71353   0.71180   0.70985   0.70798   0.70676   0.70518   0.70329   0.70135   0.69953   0.69786   0.69628   0.69470   0.69314   0.69160   0.68997   0.68840   0.68700   0.68559   0.68422   0.68298   0.68168   0.68027   0.67880   0.67731   0.67584   0.67446   0.67321   0.67201   0.67080   0.66955   0.66833   0.66724   0.66622   0.66521   0.66427   0.66340   0.66249   0.66156   0.66057   0.65962   0.65882   0.65809   0.65744   0.65678   0.65631   0.65610   0.65597   0.65601   0.65627   0.65665   0.65715   0.65785   0.65879   0.65995   0.66136   0.66309   0.66518   0.66769   0.67067   0.67419   0.67831   0.68311   0.68868   0.69509   0.70242   0.71073   0.72004   0.73029   0.74141   0.75322   0.76552   0.77808   0.79057
 28.1250   0.17623   0.17638   0.19526   0.24152   0.30192   0.37312   0.44968   0.52184   0.58402   0.63531   0.67716   0.71157   0.74038   0.76509   0.78672   0.80593   0.82314   0.83862   0.85257   0.86512   0.87641   0.88648   0.89537   0.90289   0.90897   0.91396   0.91816   0.92164   0.92429   0.92635   0.92728   0.92687   0.92572   0.92391   0.92155   0.91875   0.91560   0.91217   0.90851   0.90470   0.90078   0.89681   0.89287   0.88903   0.88537   0.88198   0.87889   0.87617   0.87385   0.87190   0.87018   0.86804   0.86527   0.86557   0.86753   0.86496   0.86160   0.86143   0.86047   0.85856   0.85616   0.85296   0.84949   0.84647   0.84324   0.83868   0.83502   0.83231   0.83026   0.82899   0.82745   0.82532   0.82377   0.82252   0.82008   0.81887   0.81840   0.81547   0.81350   0.81294   0.81222   0.81007   0.81482   0.82063   0.81931   0.81656   0.81438   0.81886   0.81906   0.81625   0.81930   0.81930   0.81719   0.81358   0.81648   0.82002   0.81594   0.81303   0.81168   0.81355   0.81361   0.81323   0.81294   0.81209   0.80817   0.80473   0.80506   0.80482   0.80452   0.80296   0.80203   0.80088   0.79936   0.79748   0.79554   0.79389   0.79192   0.78985   0.78813   0.78665   0.78511   0.78340   0.78157   0.77969   0.77778   0.77575   0.77357   0.77127   0.76885   0.76640   0.76426   0.76220   0.76004   0.75776   0.75521   0.75299   0.75099   0.74876   0.74668   0.74416   0.74151   0.73962   0.73805   0.73661   0.73443   0.73232   0.73063   0.72916   0.72785   0.72622   0.72423   0.72211   0.72059   0.71895   0.71715   0.71526   0.71353   0.71209   0.71005   0.70821   0.70699   0.70534   0.70335   0.70141   0.69959   0.69788   0.69628   0.69469   0.69320   0.69171   0.69006   0.68851   0.68716   0.68580   0.68434   0.68298   0.68169   0.68031   0.67883   0.67730   0.67587   0.67464   0.67348   0.67227   0.67100   0.66969   0.66844   0.66734   0.66633   0.66536   0.66447   0.66363   0.66271   0.66177   0.66075   0.65976   0.65894   0.65822   0.65752   0.65674   0.65625   0.65611   0.65602   0.65607   0.65635   0.65672   0.65718   0.65786   0.65877   0.65989   0.66127   0.66298   0.66505   0.66752   0.67046   0.67391   0.67794   0.68263   0.68805   0.69429   0.70142   0.70948   0.71850   0.72843   0.73919   0.75064   0.76256   0.77475   0.78688
 29.3750   0.15111   0.15298   0.21908   0.34776   0.46676   0.56323   0.63560   0.68822   0.72715   0.75725   0.78178   0.80275   0.82127   0.83798   0.85322   0.86717   0.87994   0.89163   0.90233   0.91208   0.92094   0.92896   0.93619   0.94244   0.94763   0.95194   0.95557   0.95851   0.96068   0.96207   0.96227   0.96126   0.95946   0.95697   0.95388   0.95022   0.94605   0.94143   0.93641   0.93104   0.92539   0.91948   0.91336   0.90711   0.90080   0.89451   0.88837   0.88257   0.87737   0.87296   0.86933   0.86551   0.86273   0.86309   0.86412   0.86179   0.85937   0.85992   0.85947   0.85808   0.85649   0.85440   0.85259   0.85090   0.84868   0.84558   0.84269   0.84068   0.83896   0.83824   0.83668   0.83326   0.83180   0.83055   0.82629   0.82327   0.82284   0.82071   0.81763   0.81586   0.81279   0.81174   0.81873   0.82117   0.82062   0.82239   0.81926   0.81435   0.81164   0.81617   0.82193   0.82195   0.81799   0.81538   0.81859   0.81895   0.81733   0.81331   0.81242   0.81509   0.81347   0.81395   0.81385   0.81273   0.80916   0.80622   0.80562   0.80511   0.80437   0.80311   0.80232   0.80103   0.79948   0.79755   0.79570   0.79395   0.79192   0.78988   0.78816   0.78667   0.78517   0.78350   0.78168   0.77979   0.77782   0.77575   0.77354   0.77123   0.76882   0.76638   0.76422   0.76223   0.76024   0.75780   0.75536   0.75317   0.75086   0.74874   0.74629   0.74382   0.74202   0.74032   0.73856   0.73655   0.73413   0.73237   0.73090   0.72947   0.72795   0.72616   0.72397   0.72212   0.72081   0.71928   0.71728   0.71519   0.71369   0.71207   0.71001   0.70820   0.70692   0.70537   0.70346   0.70151   0.69968   0.69795   0.69633   0.69469   0.69318   0.69173   0.69016   0.68863   0.68733   0.68589   0.68427   0.68293   0.68177   0.68040   0.67892   0.67739   0.67593   0.67477   0.67359   0.67238   0.67113   0.66981   0.66852   0.66739   0.66636   0.66543   0.66462   0.66381   0.66290   0.66195   0.66095   0.65997   0.65911   0.65836   0.65763   0.65681   0.65625   0.65615   0.65615   0.65620   0.65647   0.65683   0.65724   0.65784   0.65867   0.65972   0.66104   0.66268   0.66468   0.66707   0.66989   0.67319   0.67704   0.68149   0.68665   0.69258   0.69935   0.70704   0.71564   0.72515   0.73549   0.74652   0.75805   0.76987   0.78167
 30.6250   0.77326   0.77373   0.77848   0.78759   0.79717   0.80695   0.81757   0.82924   0.84163   0.85431   0.86694   0.87924   0.89102   0.90221   0.91276   0.92268   0.93201   0.94075   0.94895   0.95662   0.96382   0.97059   0.97684   0.98235   0.98694   0.99067   0.99365   0.99585   0.99730   0.99765   0.99690   0.99549   0.99341   0.99071   0.98742   0.98362   0.97935   0.97466   0.96958   0.96414   0.95837   0.95230   0.94596   0.93938   0.93253   0.92540   0.91799   0.91038   0.90274   0.89525   0.88803   0.88064   0.87452   0.87139   0.86886   0.86499   0.86258   0.86289   0.86097   0.85710   0.85476   0.85257   0.85104   0.84962   0.84726   0.84469   0.84252   0.84126   0.84062   0.84046   0.83907   0.83714   0.83660   0.83577   0.83232   0.82912   0.82915   0.82836   0.82423   0.82195   0.82021   0.81952   0.82237   0.82197   0.82141   0.82605   0.82378   0.81730   0.81490   0.81658   0.82015   0.81840   0.81459   0.81840   0.82107   0.81880   0.81910   0.81464   0.81361   0.81483   0.81509   0.81470   0.81298   0.81189   0.80929   0.80772   0.80648   0.80585   0.80478   0.80347   0.80233   0.80114   0.79961   0.79766   0.79580   0.79393   0.79187   0.78986   0.78815   0.78667   0.78520   0.78358   0.78178   0.77987   0.77786   0.77574   0.77349   0.77117   0.76878   0.76640   0.76422   0.76220   0.76026   0.75767   0.75539   0.75337   0.75074   0.74847   0.74598   0.74373   0.74238   0.74085   0.73888   0.73632   0.73403   0.73255   0.73107   0.72991   0.72812   0.72595   0.72412   0.72259   0.72081   0.71893   0.71728   0.71556   0.71419   0.71204   0.70956   0.70801   0.70670   0.70501   0.70327   0.70165   0.69983   0.69809   0.69643   0.69469   0.69320   0.69176   0.69022   0.68871   0.68743   0.68578   0.68411   0.68294   0.68181   0.68035   0.67883   0.67733   0.67596   0.67493   0.67372   0.67242   0.67112   0.66981   0.66854   0.66741   0.66639   0.66548   0.66470   0.66390   0.66300   0.66207   0.66111   0.66011   0.65921   0.65844   0.65772   0.65694   0.65636   0.65624   0.65626   0.65628   0.65650   0.65676   0.65706   0.65751   0.65817   0.65909   0.66029   0.66180   0.66365   0.66584   0.66843   0.67147   0.67502   0.67914   0.68392   0.68946   0.69581   0.70305   0.71121   0.72028   0.73021   0.74087   0.75208   0.76362   0.77521
 31.8750   0.90183   0.90144   0.89900   0.89552   0.89517   0.89869   0.90435   0.91125   0.91876   0.92653   0.93437   0.94213   0.94975   0.95719   0.96446   0.97156   0.97850   0.98530   0.99196   0.99843   1.00460   1.01033   1.01544   1.01966   1.02271   1.02461   1.02571   1.02595   1.02529   1.02392   1.02186   1.01921   1.01607   1.01246   1.00835   1.00376   0.99876   0.99345   0.98796   0.98242   0.97691   0.97146   0.96609   0.96078   0.95551   0.95015   0.94462   0.93888   0.93294   0.92685   0.92053   0.91333   0.90767   0.90483   0.89930   0.89041   0.88458   0.88220   0.87866   0.87358   0.86911   0.86481   0.86031   0.85576   0.85144   0.84748   0.84379   0.84091   0.83883   0.83600   0.83252   0.83090   0.82925   0.82661   0.82383   0.82247   0.82371   0.82379   0.82049   0.81752   0.81775   0.82278   0.82746   0.82481   0.82293   0.82477   0.82320   0.82216   0.82082   0.81825   0.81775   0.81636   0.81655   0.81848   0.81688   0.81908   0.81996   0.81611   0.81456   0.81360   0.81580   0.81476   0.81286   0.81154   0.80941   0.80816   0.80670   0.80603   0.80506   0.80388   0.80251   0.80122   0.79963   0.79770   0.79580   0.79387   0.79181   0.78982   0.78812   0.78665   0.78520   0.78360   0.78184   0.77994   0.77789   0.77571   0.77342   0.77110   0.76864   0.76627   0.76413   0.76206   0.76013   0.75760   0.75542   0.75341   0.75054   0.74804   0.74587   0.74404   0.74261   0.74104   0.73893   0.73634   0.73440   0.73282   0.73101   0.73002   0.72815   0.72560   0.72414   0.72263   0.72046   0.71849   0.71716   0.71571   0.71423   0.71174   0.70936   0.70804   0.70649   0.70468   0.70302   0.70153   0.69966   0.69790   0.69627   0.69454   0.69309   0.69173   0.69028   0.68883   0.68734   0.68560   0.68405   0.68294   0.68169   0.68020   0.67873   0.67728   0.67604   0.67502   0.67380   0.67250   0.67121   0.66991   0.66865   0.66751   0.66650   0.66561   0.66480   0.66398   0.66306   0.66210   0.66113   0.66019   0.65930   0.65850   0.65777   0.65707   0.65651   0.65626   0.65617   0.65607   0.65608   0.65614   0.65624   0.65647   0.65691   0.65759   0.65856   0.65983   0.66141   0.66332   0.66560   0.66830   0.67148   0.67522   0.67960   0.68472   0.69065   0.69747   0.70523   0.71394   0.72354   0.73394   0.74493   0.75632   0.76783
 33.1250   0.96869   0.96855   0.96865   0.96960   0.97118   0.97294   0.97483   0.97712   0.98005   0.98366   0.98785   0.99247   0.99740   1.00259   1.00802   1.01365   1.01939   1.02511   1.03062   1.03571   1.04023   1.04390   1.04648   1.04800   1.04811   1.04685   1.04481   1.04204   1.03883   1.03567   1.03261   1.02926   1.02528   1.02055   1.01505   1.00884   1.00207   0.99487   0.98732   0.97952   0.97159   0.96361   0.95567   0.94781   0.94007   0.93246   0.92496   0.91762   0.91046   0.90346   0.89654   0.88915   0.88229   0.87804   0.87477   0.86934   0.86311   0.85925   0.85806   0.85483   0.84948   0.84498   0.84068   0.83662   0.83222   0.82740   0.82252   0.81844   0.81547   0.81233   0.80807   0.80536   0.80430   0.80187   0.79857   0.79674   0.79863   0.80120   0.79831   0.79543   0.80021   0.81155   0.82179   0.82182   0.81752   0.81582   0.81859   0.82462   0.82520   0.81965   0.81844   0.81867   0.81970   0.81965   0.81828   0.82233   0.81976   0.81614   0.81423   0.81382   0.81613   0.81514   0.81422   0.81242   0.81027   0.80839   0.80683   0.80583   0.80495   0.80398   0.80264   0.80127   0.79963   0.79775   0.79582   0.79382   0.79175   0.78978   0.78810   0.78662   0.78518   0.78362   0.78188   0.77997   0.77789   0.77567   0.77336   0.77105   0.76852   0.76605   0.76387   0.76193   0.76004   0.75771   0.75547   0.75313   0.75043   0.74827   0.74638   0.74447   0.74257   0.74097   0.73914   0.73649   0.73463   0.73279   0.73093   0.72992   0.72794   0.72548   0.72400   0.72243   0.72033   0.71843   0.71706   0.71568   0.71376   0.71135   0.70946   0.70810   0.70618   0.70428   0.70298   0.70137   0.69940   0.69778   0.69618   0.69456   0.69302   0.69170   0.69027   0.68867   0.68700   0.68544   0.68416   0.68294   0.68149   0.68009   0.67882   0.67745   0.67627   0.67517   0.67390   0.67260   0.67131   0.66996   0.66865   0.66753   0.66659   0.66575   0.66490   0.66400   0.66307   0.66212   0.66117   0.66022   0.65934   0.65848   0.65767   0.65701   0.65645   0.65598   0.65561   0.65528   0.65495   0.65466   0.65441   0.65434   0.65452   0.65492   0.65557   0.65651   0.65774   0.65929   0.66120   0.66353   0.66633   0.66970   0.67371   0.67846   0.68403   0.69051   0.69796   0.70640   0.71578   0.72603   0.73693   0.74829   0.75985
 34.3750   1.01541   1.01519   1.01409   1.01238   1.01173   1.01259   1.01443   1.01706   1.02020   1.02368   1.02743   1.03146   1.03576   1.04029   1.04497   1.04966   1.05417   1.05822   1.06153   1.06397   1.06560   1.06596   1.06488   1.06255   1.05915   1.05511   1.05034   1.04445   1.03707   1.02839   1.01903   1.00935   0.99942   0.98934   0.97931   0.96938   0.95953   0.94977   0.94017   0.93071   0.92133   0.91199   0.90273   0.89362   0.88475   0.87619   0.86798   0.86022   0.85299   0.84631   0.84010   0.83394   0.82846   0.82529   0.82318   0.81994   0.81612   0.81298   0.81059   0.80708   0.80237   0.79813   0.79437   0.79076   0.78701   0.78321   0.77996   0.77761   0.77596   0.77439   0.77180   0.77036   0.77130   0.77104   0.76889   0.76725   0.77058   0.77531   0.77325   0.77047   0.77432   0.78769   0.80328   0.80633   0.80140   0.80217   0.81010   0.81747   0.82028   0.81891   0.81953   0.82059   0.81916   0.81959   0.82197   0.82148   0.81780   0.81756   0.81637   0.81551   0.81529   0.81481   0.81471   0.81256   0.81051   0.80843   0.80693   0.80580   0.80494   0.80400   0.80277   0.80139   0.79970   0.79778   0.79580   0.79377   0.79171   0.78977   0.78810   0.78663   0.78520   0.78364   0.78191   0.77998   0.77788   0.77563   0.77331   0.77100   0.76854   0.76612   0.76387   0.76184   0.75957   0.75746   0.75553   0.75306   0.75061   0.74851   0.74677   0.74480   0.74253   0.74077   0.73912   0.73673   0.73492   0.73313   0.73127   0.72969   0.72765   0.72550   0.72380   0.72212   0.72024   0.71860   0.71700   0.71531   0.71330   0.71126   0.70965   0.70819   0.70610   0.70422   0.70297   0.70121   0.69952   0.69800   0.69620   0.69467   0.69315   0.69157   0.69001   0.68834   0.68660   0.68535   0.68436   0.68303   0.68142   0.68008   0.67900   0.67776   0.67647   0.67511   0.67373   0.67242   0.67112   0.66983   0.66865   0.66760   0.66662   0.66571   0.66481   0.66386   0.66292   0.66196   0.66102   0.66005   0.65910   0.65816   0.65726   0.65655   0.65584   0.65503   0.65422   0.65351   0.65278   0.65208   0.65150   0.65105   0.65084   0.65092   0.65123   0.65179   0.65264   0.65380   0.65534   0.65730   0.65976   0.66279   0.66648   0.67092   0.67622   0.68245   0.68968   0.69795   0.70723   0.71744   0.72838   0.73983   0.75156
 35.6250   1.05177   1.05158   1.05086   1.05057   1.05134   1.05252   1.05386   1.05530   1.05698   1.05914   1.06187   1.06507   1.06850   1.07188   1.07496   1.07756   1.07951   1.08070   1.08080   1.07959   1.07734   1.07419   1.06996   1.06372   1.05449   1.04239   1.02806   1.01254   0.99691   0.98156   0.96663   0.95235   0.93901   0.92675   0.91556   0.90540   0.89622   0.88782   0.87999   0.87260   0.86552   0.85864   0.85194   0.84550   0.83945   0.83377   0.82842   0.82347   0.81888   0.81454   0.81034   0.80598   0.80188   0.79923   0.79696   0.79331   0.78959   0.78670   0.78366   0.78013   0.77602   0.77181   0.76781   0.76389   0.75991   0.75602   0.75281   0.75072   0.74870   0.74648   0.74420   0.74449   0.74505   0.74322   0.74103   0.74034   0.74571   0.75057   0.74973   0.74778   0.74974   0.76192   0.77991   0.78774   0.78509   0.78734   0.79622   0.80398   0.80806   0.81054   0.81350   0.81645   0.81527   0.81550   0.82050   0.81918   0.81735   0.81784   0.81628   0.81628   0.81575   0.81544   0.81453   0.81227   0.81039   0.80843   0.80694   0.80585   0.80499   0.80404   0.80290   0.80148   0.79971   0.79775   0.79575   0.79371   0.79169   0.78979   0.78815   0.78668   0.78524   0.78368   0.78194   0.77998   0.77785   0.77560   0.77331   0.77096   0.76863   0.76643   0.76410   0.76171   0.75898   0.75693   0.75550   0.75340   0.75109   0.74877   0.74676   0.74458   0.74234   0.74060   0.73878   0.73682   0.73520   0.73344   0.73170   0.72964   0.72747   0.72547   0.72363   0.72185   0.72012   0.71881   0.71699   0.71505   0.71335   0.71158   0.71002   0.70838   0.70627   0.70460   0.70287   0.70098   0.69974   0.69821   0.69636   0.69495   0.69337   0.69133   0.68963   0.68814   0.68654   0.68543   0.68450   0.68309   0.68147   0.68021   0.67918   0.67803   0.67660   0.67499   0.67355   0.67228   0.67105   0.66989   0.66882   0.66775   0.66664   0.66555   0.66445   0.66339   0.66239   0.66132   0.66035   0.65943   0.65836   0.65714   0.65602   0.65506   0.65405   0.65290   0.65166   0.65050   0.64937   0.64828   0.64731   0.64654   0.64598   0.64560   0.64550   0.64572   0.64620   0.64701   0.64820   0.64984   0.65199   0.65474   0.65816   0.66238   0.66748   0.67356   0.68068   0.68889   0.69817   0.70846   0.71954   0.73120   0.74320
 36.8750   1.08174   1.08153   1.08069   1.07970   1.07918   1.07926   1.08007   1.08154   1.08362   1.08613   1.08873   1.09109   1.09292   1.09419   1.09461   1.09395   1.09238   1.09003   1.08688   1.08220   1.07485   1.06406   1.04965   1.03234   1.01344   0.99405   0.97532   0.95822   0.94311   0.92989   0.91835   0.90839   0.89986   0.89255   0.88615   0.88045   0.87530   0.87059   0.86623   0.86217   0.85837   0.85484   0.85159   0.84863   0.84593   0.84335   0.84060   0.83749   0.83400   0.83024   0.82624   0.82188   0.81756   0.81416   0.81093   0.80682   0.80285   0.79944   0.79584   0.79192   0.78757   0.78301   0.77845   0.77381   0.76910   0.76454   0.76062   0.75797   0.75511   0.75115   0.74838   0.74708   0.74536   0.74256   0.73901   0.73726   0.74209   0.74395   0.73890   0.73644   0.73670   0.74293   0.75732   0.76732   0.76790   0.76824   0.77622   0.78657   0.79244   0.79783   0.80245   0.80670   0.80904   0.81062   0.81481   0.81687   0.81742   0.81573   0.81447   0.81497   0.81492   0.81553   0.81447   0.81235   0.81024   0.80835   0.80689   0.80586   0.80505   0.80413   0.80299   0.80150   0.79966   0.79767   0.79567   0.79366   0.79167   0.78983   0.78821   0.78675   0.78530   0.78374   0.78196   0.77998   0.77782   0.77557   0.77334   0.77099   0.76871   0.76659   0.76421   0.76160   0.75900   0.75716   0.75555   0.75341   0.75132   0.74909   0.74684   0.74434   0.74215   0.74056   0.73869   0.73688   0.73491   0.73313   0.73184   0.72974   0.72747   0.72546   0.72340   0.72160   0.72016   0.71896   0.71698   0.71510   0.71365   0.71183   0.70997   0.70810   0.70623   0.70481   0.70292   0.70100   0.69984   0.69830   0.69645   0.69502   0.69337   0.69136   0.68961   0.68809   0.68668   0.68554   0.68462   0.68326   0.68167   0.68035   0.67922   0.67809   0.67668   0.67508   0.67367   0.67238   0.67115   0.67000   0.66889   0.66770   0.66641   0.66504   0.66366   0.66237   0.66118   0.65995   0.65878   0.65773   0.65652   0.65504   0.65354   0.65217   0.65081   0.64933   0.64772   0.64613   0.64461   0.64314   0.64181   0.64068   0.63976   0.63906   0.63855   0.63836   0.63856   0.63905   0.63996   0.64134   0.64326   0.64579   0.64904   0.65310   0.65809   0.66410   0.67121   0.67946   0.68885   0.69933   0.71066   0.72262   0.73496
 38.1250   1.10734   1.10715   1.10638   1.10589   1.10626   1.10696   1.10784   1.10868   1.10940   1.10963   1.10910   1.10782   1.10591   1.10367   1.10102   1.09731   1.09152   1.08289   1.07090   1.05574   1.03823   1.01919   0.99953   0.98026   0.96216   0.94583   0.93165   0.91965   0.90955   0.90099   0.89368   0.88734   0.88166   0.87638   0.87140   0.86670   0.86227   0.85809   0.85415   0.85045   0.84700   0.84380   0.84085   0.83810   0.83547   0.83285   0.83013   0.82720   0.82408   0.82078   0.81730   0.81352   0.80991   0.80709   0.80427   0.80091   0.79763   0.79447   0.79125   0.78792   0.78408   0.77996   0.77594   0.77198   0.76799   0.76422   0.76119   0.75923   0.75757   0.75543   0.75262   0.75051   0.74878   0.74593   0.74189   0.74031   0.74399   0.74434   0.73963   0.73829   0.73622   0.73665   0.74508   0.75230   0.75456   0.75341   0.75792   0.76857   0.77532   0.78068   0.78732   0.79363   0.79890   0.80296   0.80681   0.81042   0.81280   0.81250   0.81245   0.81274   0.81317   0.81416   0.81345   0.81178   0.80987   0.80813   0.80674   0.80578   0.80500   0.80409   0.80294   0.80142   0.79954   0.79755   0.79557   0.79360   0.79168   0.78989   0.78829   0.78683   0.78536   0.78378   0.78198   0.77995   0.77777   0.77554   0.77335   0.77105   0.76875   0.76656   0.76430   0.76184   0.75946   0.75775   0.75575   0.75328   0.75136   0.74890   0.74643   0.74450   0.74248   0.74061   0.73865   0.73692   0.73460   0.73276   0.73170   0.72959   0.72752   0.72568   0.72335   0.72150   0.72032   0.71910   0.71725   0.71537   0.71364   0.71180   0.70982   0.70773   0.70607   0.70463   0.70285   0.70108   0.69976   0.69824   0.69655   0.69500   0.69331   0.69152   0.68973   0.68820   0.68686   0.68566   0.68466   0.68335   0.68186   0.68043   0.67909   0.67787   0.67653   0.67501   0.67358   0.67219   0.67083   0.66953   0.66823   0.66682   0.66530   0.66367   0.66199   0.66040   0.65893   0.65746   0.65595   0.65452   0.65305   0.65133   0.64950   0.64773   0.64599   0.64416   0.64223   0.64030   0.63844   0.63665   0.63499   0.63353   0.63229   0.63127   0.63051   0.62999   0.62984   0.63012   0.63081   0.63200   0.63376   0.63617   0.63932   0.64332   0.64829   0.65432   0.66151   0.66990   0.67950   0.69024   0.70191   0.71424   0.72699
 39.3750   1.12975   1.12953   1.12852   1.12694   1.12528   1.12353   1.12181   1.12019   1.11851   1.11632   1.11322   1.10900   1.10333   1.09578   1.08579   1.07334   1.05883   1.04256   1.02492   1.00662   0.98835   0.97072   0.95420   0.93898   0.92506   0.91245   0.90114   0.89108   0.88218   0.87431   0.86733   0.86113   0.85563   0.85076   0.84643   0.84252   0.83893   0.83558   0.83239   0.82932   0.82632   0.82335   0.82038   0.81738   0.81429   0.81104   0.80768   0.80439   0.80121   0.79811   0.79505   0.79189   0.78896   0.78672   0.78454   0.78185   0.77935   0.77715   0.77466   0.77189   0.76880   0.76554   0.76235   0.75921   0.75609   0.75337   0.75164   0.75004   0.74947   0.75033   0.74856   0.74637   0.74635   0.74655   0.74503   0.74289   0.74057   0.73762   0.73716   0.73797   0.73586   0.73645   0.74090   0.74294   0.74365   0.74262   0.74549   0.75388   0.75934   0.76402   0.77117   0.77843   0.78499   0.79075   0.79626   0.80099   0.80415   0.80603   0.80774   0.80932   0.81045   0.81130   0.81126   0.81021   0.80874   0.80734   0.80619   0.80537   0.80466   0.80380   0.80268   0.80117   0.79932   0.79737   0.79543   0.79351   0.79164   0.78989   0.78831   0.78684   0.78536   0.78377   0.78196   0.77990   0.77772   0.77551   0.77334   0.77109   0.76885   0.76662   0.76453   0.76220   0.75994   0.75801   0.75562   0.75315   0.75085   0.74823   0.74603   0.74454   0.74267   0.74070   0.73855   0.73663   0.73455   0.73281   0.73138   0.72929   0.72724   0.72535   0.72341   0.72188   0.72076   0.71931   0.71753   0.71567   0.71347   0.71164   0.70992   0.70782   0.70615   0.70435   0.70258   0.70107   0.69970   0.69829   0.69661   0.69490   0.69322   0.69142   0.68966   0.68818   0.68684   0.68558   0.68438   0.68304   0.68162   0.68004   0.67843   0.67706   0.67577   0.67422   0.67256   0.67092   0.66926   0.66762   0.66600   0.66433   0.66258   0.66072   0.65878   0.65690   0.65511   0.65334   0.65150   0.64969   0.64787   0.64587   0.64375   0.64164   0.63955   0.63743   0.63524   0.63305   0.63093   0.62888   0.62697   0.62525   0.62373   0.62245   0.62144   0.62068   0.62033   0.62048   0.62102   0.62208   0.62374   0.62610   0.62924   0.63327   0.63830   0.64444   0.65179   0.66040   0.67028   0.68137   0.69342   0.70618   0.71937
 40.6250   1.12975   1.12952   1.12834   1.12617   1.12339   1.11996   1.11587   1.11105   1.10525   1.09835   1.09036   1.08120   1.07066   1.05849   1.04473   1.02969   1.01367   0.99698   0.98009   0.96345   0.94735   0.93195   0.91731   0.90343   0.89039   0.87838   0.86762   0.85819   0.85003   0.84300   0.83693   0.83169   0.82709   0.82296   0.81921   0.81576   0.81255   0.80952   0.80664   0.80383   0.80106   0.79827   0.79541   0.79241   0.78922   0.78580   0.78225   0.77874   0.77534   0.77204   0.76884   0.76564   0.76273   0.76041   0.75822   0.75577   0.75351   0.75149   0.74925   0.74677   0.74405   0.74123   0.73852   0.73588   0.73336   0.73140   0.73091   0.73083   0.73096   0.73298   0.73477   0.73221   0.73276   0.73818   0.74156   0.73943   0.73306   0.73062   0.73355   0.73574   0.73462   0.73578   0.73843   0.73930   0.73958   0.73867   0.73845   0.74281   0.74716   0.75050   0.75644   0.76322   0.76993   0.77624   0.78218   0.78770   0.79234   0.79617   0.79936   0.80234   0.80472   0.80632   0.80719   0.80691   0.80619   0.80540   0.80466   0.80408   0.80355   0.80287   0.80193   0.80057   0.79885   0.79699   0.79513   0.79327   0.79146   0.78976   0.78821   0.78674   0.78526   0.78367   0.78187   0.77982   0.77761   0.77542   0.77329   0.77110   0.76876   0.76648   0.76443   0.76204   0.75996   0.75793   0.75550   0.75338   0.75060   0.74824   0.74642   0.74439   0.74251   0.74077   0.73857   0.73606   0.73424   0.73313   0.73124   0.72905   0.72709   0.72511   0.72365   0.72223   0.72090   0.71915   0.71735   0.71556   0.71317   0.71113   0.70970   0.70790   0.70607   0.70422   0.70242   0.70098   0.69961   0.69820   0.69624   0.69433   0.69277   0.69103   0.68939   0.68783   0.68633   0.68487   0.68341   0.68191   0.68041   0.67865   0.67672   0.67507   0.67352   0.67177   0.66987   0.66792   0.66593   0.66397   0.66203   0.66005   0.65803   0.65595   0.65380   0.65164   0.64955   0.64747   0.64533   0.64319   0.64104   0.63877   0.63640   0.63404   0.63169   0.62933   0.62693   0.62455   0.62224   0.62001   0.61791   0.61599   0.61429   0.61282   0.61164   0.61081   0.61031   0.61025   0.61076   0.61180   0.61347   0.61585   0.61904   0.62315   0.62831   0.63463   0.64220   0.65110   0.66132   0.67280   0.68528   0.69849   0.71215
 41.8750   1.10734   1.10709   1.10569   1.10301   1.09955   1.09520   1.08986   1.08347   1.07600   1.06743   1.05777   1.04684   1.03436   1.02040   1.00521   0.98903   0.97220   0.95515   0.93824   0.92176   0.90595   0.89098   0.87702   0.86414   0.85238   0.84183   0.83254   0.82449   0.81754   0.81152   0.80628   0.80170   0.79768   0.79410   0.79089   0.78797   0.78528   0.78277   0.78038   0.77807   0.77578   0.77349   0.77113   0.76868   0.76608   0.76331   0.76037   0.75735   0.75431   0.75128   0.74827   0.74522   0.74235   0.73993   0.73753   0.73492   0.73248   0.73025   0.72783   0.72520   0.72240   0.71950   0.71669   0.71395   0.71132   0.70949   0.70936   0.70951   0.70975   0.71282   0.71665   0.71532   0.71681   0.72419   0.72938   0.72932   0.72575   0.72502   0.72820   0.73320   0.73586   0.73527   0.73689   0.73953   0.73944   0.73827   0.73735   0.73867   0.74022   0.74144   0.74485   0.74984   0.75568   0.76162   0.76746   0.77319   0.77864   0.78359   0.78787   0.79191   0.79547   0.79831   0.80032   0.80116   0.80153   0.80163   0.80142   0.80120   0.80104   0.80075   0.80018   0.79916   0.79773   0.79608   0.79434   0.79259   0.79087   0.78927   0.78778   0.78635   0.78489   0.78333   0.78161   0.77964   0.77741   0.77517   0.77309   0.77104   0.76849   0.76621   0.76449   0.76215   0.76015   0.75793   0.75506   0.75287   0.75057   0.74862   0.74668   0.74463   0.74289   0.74092   0.73861   0.73589   0.73409   0.73286   0.73086   0.72889   0.72732   0.72552   0.72386   0.72237   0.72081   0.71881   0.71705   0.71531   0.71306   0.71096   0.70939   0.70766   0.70576   0.70404   0.70210   0.70044   0.69882   0.69729   0.69557   0.69358   0.69174   0.68983   0.68805   0.68638   0.68468   0.68295   0.68115   0.67938   0.67761   0.67568   0.67348   0.67138   0.66944   0.66742   0.66527   0.66306   0.66078   0.65850   0.65626   0.65401   0.65175   0.64944   0.64706   0.64467   0.64232   0.63997   0.63758   0.63517   0.63276   0.63028   0.62772   0.62516   0.62262   0.62009   0.61756   0.61505   0.61262   0.61028   0.60806   0.60602   0.60419   0.60262   0.60136   0.60047   0.59991   0.59983   0.60035   0.60143   0.60315   0.60559   0.60888   0.61313   0.61846   0.62500   0.63286   0.64210   0.65270   0.66459   0.67753   0.69122   0.70536
 43.1250   1.08174   1.08149   1.07978   1.07619   1.07137   1.06557   1.05899   1.05159   1.04312   1.03334   1.02187   1.00849   0.99341   0.97696   0.95955   0.94170   0.92390   0.90659   0.89007   0.87458   0.86024   0.84707   0.83503   0.82403   0.81399   0.80495   0.79695   0.79003   0.78414   0.77918   0.77501   0.77151   0.76853   0.76595   0.76364   0.76153   0.75956   0.75769   0.75588   0.75408   0.75229   0.75046   0.74857   0.74660   0.74451   0.74228   0.73993   0.73752   0.73510   0.73267   0.73023   0.72775   0.72540   0.72334   0.72123   0.71888   0.71663   0.71449   0.71213   0.70954   0.70675   0.70383   0.70096   0.69810   0.69519   0.69339   0.69339   0.69292   0.69282   0.69668   0.70060   0.69891   0.69855   0.70589   0.71353   0.71561   0.71467   0.71400   0.71746   0.72565   0.73145   0.73237   0.73533   0.73920   0.74011   0.73902   0.73753   0.73793   0.73820   0.73805   0.73890   0.74093   0.74450   0.74916   0.75420   0.75946   0.76480   0.76979   0.77439   0.77898   0.78338   0.78727   0.79036   0.79241   0.79393   0.79507   0.79572   0.79609   0.79647   0.79678   0.79679   0.79628   0.79528   0.79396   0.79248   0.79093   0.78941   0.78798   0.78665   0.78533   0.78394   0.78245   0.78086   0.77907   0.77699   0.77466   0.77248   0.77059   0.76826   0.76595   0.76410   0.76194   0.75973   0.75753   0.75467   0.75211   0.75025   0.74866   0.74682   0.74449   0.74233   0.74027   0.73837   0.73622   0.73419   0.73248   0.73059   0.72877   0.72720   0.72543   0.72350   0.72184   0.72020   0.71833   0.71656   0.71473   0.71265   0.71052   0.70870   0.70697   0.70503   0.70311   0.70100   0.69900   0.69697   0.69520   0.69373   0.69160   0.68932   0.68722   0.68522   0.68329   0.68126   0.67926   0.67715   0.67497   0.67287   0.67072   0.66833   0.66591   0.66360   0.66128   0.65886   0.65637   0.65384   0.65131   0.64882   0.64634   0.64385   0.64134   0.63877   0.63617   0.63360   0.63104   0.62847   0.62587   0.62328   0.62064   0.61796   0.61527   0.61262   0.60999   0.60739   0.60482   0.60233   0.59993   0.59766   0.59557   0.59371   0.59211   0.59084   0.58993   0.58941   0.58941   0.58998   0.59113   0.59293   0.59549   0.59891   0.60334   0.60889   0.61570   0.62387   0.63346   0.64447   0.65680   0.67020   0.68438   0.69901
 44.3750   1.05177   1.05155   1.05036   1.04801   1.04438   1.03893   1.03139   1.02173   1.00985   0.99569   0.97953   0.96189   0.94337   0.92450   0.90587   0.88796   0.87105   0.85529   0.84076   0.82747   0.81533   0.80426   0.79418   0.78504   0.77680   0.76949   0.76318   0.75784   0.75334   0.74956   0.74636   0.74366   0.74134   0.73934   0.73758   0.73602   0.73460   0.73330   0.73206   0.73085   0.72962   0.72836   0.72703   0.72561   0.72408   0.72242   0.72065   0.71881   0.71696   0.71510   0.71326   0.71141   0.70967   0.70817   0.70660   0.70481   0.70305   0.70132   0.69935   0.69710   0.69463   0.69197   0.68932   0.68666   0.68365   0.68199   0.68246   0.68204   0.68031   0.68178   0.68671   0.68730   0.68465   0.68917   0.69771   0.70131   0.70114   0.70031   0.70380   0.71261   0.72063   0.72554   0.72998   0.73441   0.73727   0.73767   0.73731   0.73792   0.73753   0.73703   0.73748   0.73801   0.73900   0.74115   0.74432   0.74817   0.75241   0.75661   0.76082   0.76528   0.76984   0.77421   0.77799   0.78094   0.78336   0.78536   0.78690   0.78819   0.78934   0.79036   0.79109   0.79122   0.79072   0.78982   0.78873   0.78756   0.78640   0.78528   0.78420   0.78310   0.78190   0.78055   0.77910   0.77756   0.77577   0.77361   0.77125   0.76928   0.76755   0.76523   0.76271   0.76083   0.75858   0.75632   0.75395   0.75155   0.74964   0.74780   0.74614   0.74352   0.74109   0.73939   0.73769   0.73572   0.73349   0.73171   0.72992   0.72788   0.72604   0.72414   0.72217   0.72030   0.71846   0.71682   0.71484   0.71269   0.71080   0.70886   0.70689   0.70498   0.70271   0.70038   0.69826   0.69615   0.69400   0.69177   0.68986   0.68776   0.68534   0.68293   0.68058   0.67830   0.67593   0.67356   0.67115   0.66863   0.66619   0.66376   0.66120   0.65856   0.65596   0.65339   0.65076   0.64808   0.64534   0.64262   0.63994   0.63727   0.63461   0.63192   0.62918   0.62643   0.62370   0.62099   0.61829   0.61558   0.61289   0.61017   0.60742   0.60469   0.60199   0.59932   0.59670   0.59413   0.59163   0.58923   0.58697   0.58491   0.58307   0.58152   0.58030   0.57936   0.57893   0.57913   0.57980   0.58106   0.58299   0.58569   0.58928   0.59390   0.59970   0.60679   0.61528   0.62525   0.63666   0.64944   0.66332   0.67799   0.69313
 45.6250   1.01541   1.01509   1.01226   1.00610   0.99801   0.98826   0.97690   0.96389   0.94907   0.93248   0.91468   0.89635   0.87809   0.86048   0.84392   0.82855   0.81442   0.80151   0.78975   0.77908   0.76941   0.76066   0.75274   0.74556   0.73906   0.73329   0.72829   0.72411   0.72070   0.71796   0.71581   0.71414   0.71287   0.71186   0.71104   0.71034   0.70972   0.70913   0.70855   0.70795   0.70731   0.70661   0.70582   0.70494   0.70394   0.70280   0.70155   0.70022   0.69886   0.69750   0.69616   0.69482   0.69362   0.69262   0.69157   0.69034   0.68913   0.68793   0.68650   0.68479   0.68284   0.68069   0.67853   0.67639   0.67377   0.67256   0.67371   0.67426   0.67299   0.67271   0.67600   0.67763   0.67566   0.67722   0.68381   0.68855   0.68871   0.68767   0.69050   0.69868   0.70700   0.71330   0.71904   0.72487   0.72978   0.73265   0.73458   0.73615   0.73631   0.73616   0.73660   0.73707   0.73752   0.73805   0.73890   0.74056   0.74296   0.74569   0.74888   0.75265   0.75676   0.76090   0.76467   0.76785   0.77062   0.77308   0.77530   0.77739   0.77935   0.78113   0.78257   0.78340   0.78351   0.78314   0.78253   0.78184   0.78116   0.78047   0.77977   0.77901   0.77811   0.77698   0.77569   0.77437   0.77294   0.77124   0.76900   0.76682   0.76530   0.76342   0.76077   0.75865   0.75667   0.75450   0.75230   0.74968   0.74733   0.74552   0.74406   0.74216   0.73963   0.73738   0.73547   0.73365   0.73145   0.72935   0.72775   0.72547   0.72314   0.72126   0.71922   0.71717   0.71521   0.71345   0.71142   0.70911   0.70700   0.70510   0.70298   0.70078   0.69848   0.69593   0.69353   0.69123   0.68892   0.68647   0.68421   0.68196   0.67933   0.67659   0.67389   0.67126   0.66859   0.66590   0.66320   0.66043   0.65772   0.65504   0.65230   0.64954   0.64679   0.64404   0.64125   0.63842   0.63555   0.63270   0.62988   0.62709   0.62429   0.62148   0.61863   0.61577   0.61294   0.61015   0.60738   0.60463   0.60190   0.59916   0.59642   0.59369   0.59100   0.58836   0.58577   0.58324   0.58079   0.57844   0.57625   0.57425   0.57250   0.57104   0.56993   0.56911   0.56879   0.56908   0.56986   0.57125   0.57334   0.57622   0.58002   0.58488   0.59093   0.59831   0.60714   0.61748   0.62932   0.64255   0.65690   0.67207   0.68769
 46.8750   0.96869   0.96859   0.96779   0.96464   0.95739   0.94568   0.93024   0.91192   0.89190   0.87149   0.85153   0.83261   0.81512   0.79923   0.78495   0.77222   0.76087   0.75075   0.74173   0.73370   0.72652   0.72008   0.71429   0.70905   0.70433   0.70016   0.69658   0.69363   0.69127   0.68943   0.68802   0.68698   0.68624   0.68574   0.68541   0.68522   0.68512   0.68508   0.68506   0.68502   0.68494   0.68479   0.68455   0.68421   0.68375   0.68314   0.68241   0.68159   0.68072   0.67983   0.67895   0.67807   0.67731   0.67671   0.67607   0.67528   0.67450   0.67373   0.67276   0.67155   0.67012   0.66851   0.66692   0.66541   0.66369   0.66279   0.66442   0.66630   0.66655   0.66631   0.66674   0.66822   0.66889   0.66945   0.67273   0.67730   0.67892   0.67784   0.67953   0.68604   0.69357   0.70016   0.70649   0.71302   0.71880   0.72343   0.72773   0.73101   0.73285   0.73401   0.73512   0.73602   0.73655   0.73677   0.73686   0.73692   0.73729   0.73825   0.74002   0.74262   0.74573   0.74902   0.75212   0.75483   0.75731   0.75970   0.76210   0.76457   0.76704   0.76934   0.77129   0.77268   0.77344   0.77369   0.77367   0.77351   0.77331   0.77311   0.77285   0.77248   0.77193   0.77114   0.77011   0.76898   0.76785   0.76659   0.76492   0.76269   0.76092   0.75953   0.75736   0.75471   0.75233   0.75039   0.74850   0.74585   0.74327   0.74156   0.74006   0.73845   0.73594   0.73315   0.73111   0.72951   0.72752   0.72524   0.72338   0.72120   0.71873   0.71647   0.71422   0.71210   0.70989   0.70782   0.70580   0.70344   0.70108   0.69900   0.69683   0.69447   0.69204   0.68936   0.68671   0.68423   0.68175   0.67916   0.67659   0.67405   0.67126   0.66831   0.66536   0.66244   0.65949   0.65655   0.65360   0.65065   0.64774   0.64490   0.64204   0.63918   0.63633   0.63348   0.63061   0.62770   0.62477   0.62185   0.61896   0.61610   0.61323   0.61035   0.60745   0.60454   0.60167   0.59886   0.59608   0.59333   0.59061   0.58791   0.58522   0.58256   0.57993   0.57736   0.57484   0.57239   0.57002   0.56777   0.56568   0.56380   0.56217   0.56084   0.55986   0.55920   0.55902   0.55941   0.56031   0.56185   0.56409   0.56716   0.57117   0.57627   0.58259   0.59029   0.59946   0.61018   0.62243   0.63611   0.65093   0.66659   0.68269
 48.1250   0.90183   0.90097   0.89366   0.87849   0.86001   0.84005   0.81972   0.80012   0.78206   0.76591   0.75179   0.73961   0.72912   0.72004   0.71211   0.70512   0.69884   0.69313   0.68786   0.68298   0.67844   0.67422   0.67037   0.66688   0.66375   0.66107   0.65892   0.65739   0.65638   0.65602   0.65621   0.65662   0.65722   0.65793   0.65867   0.65941   0.66014   0.66082   0.66144   0.66200   0.66247   0.66286   0.66315   0.66333   0.66340   0.66332   0.66310   0.66276   0.66237   0.66195   0.66152   0.66109   0.66074   0.66052   0.66024   0.65982   0.65940   0.65896   0.65835   0.65753   0.65651   0.65536   0.65427   0.65346   0.65280   0.65225   0.65359   0.65648   0.65854   0.65976   0.65977   0.65982   0.66143   0.66350   0.66533   0.66805   0.67030   0.67029   0.67096   0.67572   0.68222   0.68789   0.69393   0.70046   0.70655   0.71209   0.71773   0.72265   0.72631   0.72912   0.73157   0.73358   0.73491   0.73555   0.73565   0.73544   0.73513   0.73482   0.73503   0.73609   0.73774   0.73971   0.74166   0.74342   0.74514   0.74698   0.74903   0.75133   0.75376   0.75613   0.75823   0.75987   0.76100   0.76176   0.76227   0.76263   0.76296   0.76322   0.76335   0.76330   0.76308   0.76265   0.76199   0.76118   0.76031   0.75937   0.75815   0.75631   0.75443   0.75297   0.75118   0.74875   0.74622   0.74402   0.74221   0.74014   0.73760   0.73543   0.73375   0.73216   0.73006   0.72744   0.72506   0.72317   0.72122   0.71887   0.71670   0.71453   0.71203   0.70960   0.70718   0.70482   0.70236   0.70000   0.69784   0.69542   0.69293   0.69071   0.68846   0.68600   0.68346   0.68071   0.67793   0.67527   0.67264   0.66992   0.66717   0.66442   0.66146   0.65833   0.65520   0.65208   0.64895   0.64583   0.64273   0.63965   0.63664   0.63370   0.63078   0.62788   0.62499   0.62210   0.61920   0.61627   0.61333   0.61041   0.60752   0.60464   0.60176   0.59888   0.59597   0.59307   0.59022   0.58742   0.58468   0.58198   0.57933   0.57670   0.57410   0.57153   0.56901   0.56653   0.56412   0.56178   0.55953   0.55740   0.55545   0.55370   0.55222   0.55104   0.55014   0.54967   0.54972   0.55022   0.55126   0.55294   0.55535   0.55859   0.56281   0.56814   0.57473   0.58273   0.59225   0.60334   0.61600   0.63011   0.64540   0.66153   0.67812
 49.3750   0.77326   0.77394   0.77396   0.76959   0.76024   0.74877   0.73774   0.72821   0.72020   0.71341   0.70744   0.70197   0.69688   0.69211   0.68765   0.68347   0.67952   0.67573   0.67206   0.66849   0.66498   0.66154   0.65817   0.65489   0.65171   0.64865   0.64578   0.64316   0.64080   0.63878   0.63720   0.63615   0.63555   0.63544   0.63576   0.63630   0.63702   0.63785   0.63872   0.63960   0.64044   0.64123   0.64194   0.64256   0.64308   0.64347   0.64372   0.64387   0.64394   0.64397   0.64398   0.64398   0.64405   0.64421   0.64430   0.64425   0.64415   0.64402   0.64372   0.64323   0.64256   0.64178   0.64111   0.64096   0.64116   0.64102   0.64212   0.64524   0.64860   0.65152   0.65316   0.65274   0.65315   0.65615   0.65910   0.66099   0.66277   0.66376   0.66457   0.66795   0.67292   0.67779   0.68292   0.68849   0.69425   0.69997   0.70603   0.71181   0.71676   0.72114   0.72516   0.72859   0.73119   0.73295   0.73386   0.73408   0.73389   0.73332   0.73277   0.73262   0.73291   0.73349   0.73412   0.73472   0.73545   0.73643   0.73773   0.73937   0.74124   0.74316   0.74495   0.74644   0.74756   0.74844   0.74919   0.74988   0.75054   0.75116   0.75163   0.75185   0.75188   0.75173   0.75142   0.75095   0.75036   0.74965   0.74869   0.74723   0.74544   0.74384   0.74216   0.73999   0.73766   0.73547   0.73363   0.73177   0.72948   0.72728   0.72535   0.72354   0.72156   0.71914   0.71670   0.71459   0.71254   0.71017   0.70780   0.70550   0.70300   0.70050   0.69797   0.69542   0.69280   0.69022   0.68784   0.68535   0.68280   0.68045   0.67813   0.67564   0.67307   0.67032   0.66749   0.66473   0.66198   0.65914   0.65626   0.65336   0.65029   0.64707   0.64384   0.64061   0.63738   0.63417   0.63101   0.62789   0.62484   0.62186   0.61894   0.61604   0.61316   0.61028   0.60741   0.60452   0.60162   0.59875   0.59589   0.59305   0.59021   0.58736   0.58451   0.58166   0.57887   0.57614   0.57347   0.57085   0.56828   0.56576   0.56327   0.56082   0.55841   0.55606   0.55377   0.55156   0.54944   0.54746   0.54566   0.54407   0.54275   0.54173   0.54094   0.54062   0.54085   0.54149   0.54269   0.54453   0.54711   0.55054   0.55496   0.56052   0.56737   0.57566   0.58550   0.59696   0.61000   0.62454   0.64028   0.65688   0.67392
 50.6250   0.00000   0.04457   0.14209   0.24563   0.33775   0.41029   0.46307   0.49999   0.52560   0.54342   0.55585   0.56455   0.57076   0.57535   0.57894   0.58192   0.58454   0.58692   0.58914   0.59120   0.59311   0.59489   0.59663   0.59838   0.60018   0.60206   0.60403   0.60600   0.60786   0.60950   0.61086   0.61197   0.61290   0.61370   0.61446   0.61522   0.61603   0.61689   0.61779   0.61873   0.61968   0.62064   0.62157   0.62246   0.62328   0.62400   0.62463   0.62517   0.62563   0.62605   0.62646   0.62686   0.62731   0.62784   0.62830   0.62862   0.62886   0.62906   0.62908   0.62892   0.62859   0.62816   0.62791   0.62838   0.62919   0.62954   0.63064   0.63344   0.63710   0.64127   0.64448   0.64544   0.64572   0.64792   0.65173   0.65448   0.65609   0.65721   0.65870   0.66192   0.66569   0.66958   0.67389   0.67842   0.68330   0.68845   0.69410   0.69993   0.70543   0.71079   0.71601   0.72074   0.72471   0.72784   0.73016   0.73153   0.73205   0.73192   0.73140   0.73082   0.73034   0.72993   0.72951   0.72908   0.72879   0.72882   0.72918   0.72989   0.73088   0.73198   0.73306   0.73398   0.73471   0.73533   0.73595   0.73659   0.73725   0.73791   0.73850   0.73892   0.73915   0.73920   0.73911   0.73885   0.73843   0.73784   0.73699   0.73574   0.73412   0.73249   0.73083   0.72888   0.72677   0.72475   0.72296   0.72117   0.71903   0.71683   0.71479   0.71285   0.71086   0.70859   0.70619   0.70394   0.70177   0.69938   0.69694   0.69456   0.69206   0.68951   0.68690   0.68423   0.68150   0.67880   0.67626   0.67371   0.67114   0.66874   0.66638   0.66391   0.66134   0.65862   0.65580   0.65298   0.65016   0.64726   0.64431   0.64134   0.63823   0.63499   0.63173   0.62849   0.62525   0.62205   0.61890   0.61579   0.61277   0.60982   0.60692   0.60408   0.60125   0.59843   0.59562   0.59280   0.58999   0.58719   0.58441   0.58164   0.57887   0.57610   0.57333   0.57057   0.56786   0.56523   0.56265   0.56014   0.55768   0.55527   0.55290   0.55058   0.54830   0.54608   0.54392   0.54185   0.53988   0.53805   0.53640   0.53498   0.53381   0.53295   0.53234   0.53217   0.53251   0.53329   0.53463   0.53662   0.53936   0.54298   0.54760   0.55339   0.56049   0.56906   0.57921   0.59101   0.60443   0.61938   0.63555   0.65258   0.67007
 51.8750   0.00000   0.00721   0.05127   0.12738   0.20266   0.27087   0.33076   0.38090   0.42087   0.45172   0.47507   0.49259   0.50575   0.51574   0.52350   0.52965   0.53462   0.53870   0.54213   0.54509   0.54769   0.55005   0.55229   0.55452   0.55684   0.55939   0.56228   0.56554   0.56913   0.57291   0.57673   0.58044   0.58390   0.58702   0.58975   0.59212   0.59415   0.59591   0.59745   0.59882   0.60007   0.60122   0.60232   0.60336   0.60436   0.60529   0.60616   0.60697   0.60774   0.60848   0.60920   0.60994   0.61073   0.61158   0.61237   0.61304   0.61363   0.61415   0.61450   0.61470   0.61474   0.61468   0.61484   0.61583   0.61722   0.61807   0.61921   0.62182   0.62554   0.62984   0.63403   0.63672   0.63806   0.64003   0.64346   0.64716   0.64947   0.65048   0.65250   0.65632   0.65993   0.66306   0.66658   0.67032   0.67428   0.67855   0.68337   0.68852   0.69376   0.69930   0.70501   0.71055   0.71562   0.72008   0.72383   0.72661   0.72838   0.72931   0.72949   0.72917   0.72868   0.72799   0.72706   0.72597   0.72492   0.72409   0.72352   0.72327   0.72328   0.72343   0.72364   0.72381   0.72387   0.72391   0.72403   0.72427   0.72460   0.72500   0.72540   0.72574   0.72598   0.72608   0.72603   0.72581   0.72540   0.72479   0.72394   0.72275   0.72124   0.71967   0.71805   0.71623   0.71430   0.71242   0.71068   0.70888   0.70680   0.70465   0.70261   0.70063   0.69862   0.69641   0.69404   0.69171   0.68945   0.68708   0.68466   0.68226   0.67975   0.67718   0.67454   0.67182   0.66905   0.66630   0.66370   0.66112   0.65856   0.65615   0.65380   0.65137   0.64884   0.64616   0.64337   0.64056   0.63772   0.63482   0.63186   0.62888   0.62579   0.62260   0.61940   0.61622   0.61305   0.60992   0.60683   0.60380   0.60085   0.59796   0.59514   0.59237   0.58962   0.58689   0.58417   0.58145   0.57873   0.57603   0.57334   0.57067   0.56799   0.56532   0.56265   0.56000   0.55740   0.55487   0.55241   0.55000   0.54765   0.54537   0.54312   0.54092   0.53877   0.53668   0.53466   0.53272   0.53090   0.52923   0.52774   0.52647   0.52546   0.52473   0.52430   0.52429   0.52474   0.52564   0.52711   0.52925   0.53215   0.53593   0.54074   0.54674   0.55408   0.56291   0.57335   0.58548   0.59925   0.61458   0.63114   0.64859   0.66650
 53.1250   0.00000  -0.00246  -0.00242   0.01092   0.04041   0.08477   0.13983   0.19873   0.25556   0.30640   0.34932   0.38409   0.41157   0.43309   0.44994   0.46325   0.47391   0.48257   0.48971   0.49569   0.50079   0.50522   0.50916   0.51276   0.51618   0.51956   0.52307   0.52683   0.53089   0.53528   0.53994   0.54481   0.54977   0.55467   0.55938   0.56377   0.56778   0.57135   0.57447   0.57716   0.57945   0.58141   0.58310   0.58460   0.58595   0.58718   0.58831   0.58938   0.59040   0.59140   0.59240   0.59341   0.59447   0.59560   0.59668   0.59765   0.59854   0.59935   0.60004   0.60060   0.60103   0.60134   0.60191   0.60338   0.60537   0.60681   0.60807   0.61051   0.61415   0.61840   0.62277   0.62652   0.62926   0.63165   0.63467   0.63865   0.64217   0.64386   0.64606   0.65033   0.65436   0.65732   0.66032   0.66358   0.66697   0.67052   0.67441   0.67861   0.68307   0.68806   0.69353   0.69917   0.70475   0.71006   0.71489   0.71895   0.72205   0.72423   0.72571   0.72650   0.72661   0.72624   0.72542   0.72422   0.72285   0.72148   0.72025   0.71922   0.71838   0.71768   0.71704   0.71639   0.71570   0.71505   0.71451   0.71412   0.71390   0.71380   0.71378   0.71380   0.71377   0.71365   0.71340   0.71299   0.71241   0.71165   0.71067   0.70942   0.70793   0.70637   0.70478   0.70304   0.70120   0.69938   0.69761   0.69577   0.69373   0.69163   0.68961   0.68763   0.68559   0.68339   0.68104   0.67869   0.67641   0.67407   0.67170   0.66930   0.66680   0.66424   0.66161   0.65891   0.65616   0.65344   0.65083   0.64826   0.64574   0.64336   0.64104   0.63866   0.63617   0.63354   0.63079   0.62801   0.62521   0.62235   0.61944   0.61651   0.61350   0.61041   0.60732   0.60425   0.60120   0.59819   0.59521   0.59229   0.58942   0.58663   0.58390   0.58122   0.57857   0.57594   0.57332   0.57070   0.56809   0.56549   0.56290   0.56033   0.55776   0.55519   0.55263   0.55010   0.54762   0.54520   0.54285   0.54055   0.53831   0.53613   0.53400   0.53192   0.52989   0.52793   0.52604   0.52425   0.52257   0.52104   0.51970   0.51857   0.51771   0.51706   0.51678   0.51697   0.51753   0.51856   0.52016   0.52242   0.52546   0.52939   0.53438   0.54057   0.54812   0.55719   0.56790   0.58031   0.59441   0.61008   0.62701   0.64484   0.66314
 54.3750   0.00000  -0.00193  -0.00466  -0.00480  -0.00083   0.01146   0.03509   0.06963   0.11294   0.16141   0.21133   0.25916   0.30198   0.33842   0.36844   0.39267   0.41203   0.42751   0.43997   0.45011   0.45851   0.46558   0.47166   0.47701   0.48184   0.48632   0.49062   0.49487   0.49918   0.50358   0.50816   0.51294   0.51795   0.52312   0.52839   0.53366   0.53881   0.54373   0.54831   0.55247   0.55616   0.55940   0.56221   0.56466   0.56680   0.56870   0.57040   0.57194   0.57337   0.57472   0.57602   0.57730   0.57862   0.57999   0.58132   0.58255   0.58371   0.58480   0.58578   0.58667   0.58748   0.58819   0.58914   0.59101   0.59354   0.59563   0.59724   0.59952   0.60311   0.60739   0.61151   0.61542   0.61926   0.62266   0.62588   0.62977   0.63383   0.63659   0.63920   0.64359   0.64815   0.65148   0.65448   0.65762   0.66080   0.66393   0.66713   0.67047   0.67403   0.67816   0.68289   0.68805   0.69345   0.69890   0.70419   0.70899   0.71310   0.71646   0.71922   0.72140   0.72291   0.72351   0.72323   0.72241   0.72120   0.71979   0.71830   0.71686   0.71550   0.71420   0.71292   0.71160   0.71024   0.70890   0.70769   0.70664   0.70578   0.70510   0.70455   0.70407   0.70359   0.70304   0.70239   0.70159   0.70066   0.69958   0.69836   0.69695   0.69538   0.69377   0.69212   0.69036   0.68850   0.68663   0.68479   0.68288   0.68083   0.67876   0.67674   0.67473   0.67265   0.67044   0.66811   0.66577   0.66350   0.66120   0.65886   0.65647   0.65399   0.65146   0.64889   0.64626   0.64358   0.64092   0.63835   0.63582   0.63335   0.63100   0.62870   0.62635   0.62389   0.62131   0.61863   0.61590   0.61316   0.61038   0.60755   0.60471   0.60181   0.59886   0.59591   0.59298   0.59007   0.58719   0.58434   0.58153   0.57878   0.57609   0.57346   0.57087   0.56832   0.56578   0.56326   0.56075   0.55823   0.55574   0.55325   0.55078   0.54831   0.54585   0.54340   0.54098   0.53861   0.53630   0.53404   0.53184   0.52970   0.52763   0.52560   0.52363   0.52171   0.51986   0.51810   0.51643   0.51489   0.51350   0.51229   0.51130   0.51057   0.51005   0.50990   0.51018   0.51084   0.51198   0.51369   0.51607   0.51923   0.52332   0.52846   0.53483   0.54258   0.55186   0.56280   0.57547   0.58984   0.60582   0.62308   0.64126   0.65992
 55.6250   0.00000  -0.00216  -0.00524  -0.00600  -0.00640  -0.00681  -0.00477   0.00292   0.01896   0.04394   0.07825   0.12135   0.16972   0.21796   0.26175   0.29919   0.33011   0.35521   0.37551   0.39201   0.40556   0.41688   0.42651   0.43487   0.44228   0.44900   0.45523   0.46113   0.46680   0.47228   0.47764   0.48294   0.48824   0.49357   0.49898   0.50445   0.50996   0.51543   0.52077   0.52589   0.53068   0.53509   0.53909   0.54269   0.54593   0.54882   0.55142   0.55376   0.55588   0.55781   0.55960   0.56131   0.56298   0.56465   0.56626   0.56776   0.56918   0.57053   0.57178   0.57298   0.57417   0.57526   0.57651   0.57868   0.58162   0.58432   0.58645   0.58876   0.59227   0.59666   0.60074   0.60450   0.60863   0.61287   0.61674   0.62060   0.62478   0.62836   0.63163   0.63614   0.64105   0.64498   0.64837   0.65172   0.65504   0.65816   0.66107   0.66387   0.66673   0.67003   0.67387   0.67818   0.68288   0.68785   0.69293   0.69785   0.70241   0.70652   0.71025   0.71360   0.71638   0.71840   0.71942   0.71939   0.71870   0.71767   0.71642   0.71504   0.71358   0.71206   0.71046   0.70874   0.70691   0.70506   0.70330   0.70169   0.70026   0.69902   0.69791   0.69689   0.69588   0.69482   0.69366   0.69239   0.69102   0.68955   0.68799   0.68632   0.68457   0.68279   0.68099   0.67909   0.67711   0.67512   0.67315   0.67115   0.66905   0.66694   0.66487   0.66279   0.66065   0.65841   0.65609   0.65377   0.65150   0.64921   0.64687   0.64449   0.64205   0.63958   0.63709   0.63455   0.63195   0.62937   0.62684   0.62436   0.62193   0.61958   0.61728   0.61493   0.61249   0.60995   0.60733   0.60468   0.60201   0.59931   0.59659   0.59385   0.59108   0.58827   0.58547   0.58268   0.57991   0.57717   0.57445   0.57176   0.56911   0.56652   0.56397   0.56148   0.55901   0.55656   0.55412   0.55170   0.54927   0.54687   0.54447   0.54209   0.53972   0.53736   0.53501   0.53269   0.53041   0.52819   0.52602   0.52391   0.52186   0.51986   0.51792   0.51604   0.51423   0.51249   0.51083   0.50928   0.50786   0.50659   0.50550   0.50463   0.50401   0.50363   0.50358   0.50394   0.50468   0.50591   0.50772   0.51020   0.51348   0.51769   0.52297   0.52949   0.53739   0.54686   0.55798   0.57087   0.58547   0.60172   0.61927   0.63776   0.65676
 56.8750   0.00000  -0.00162  -0.00410  -0.00543  -0.00661  -0.00792  -0.00950  -0.01111  -0.01170  -0.00988  -0.00199   0.01754   0.05204   0.09805   0.14784   0.19542   0.23776   0.27387   0.30396   0.32878   0.34924   0.36621   0.38043   0.39253   0.40299   0.41222   0.42053   0.42817   0.43529   0.44200   0.44838   0.45451   0.46044   0.46621   0.47188   0.47749   0.48307   0.48863   0.49415   0.49957   0.50485   0.50991   0.51471   0.51922   0.52343   0.52733   0.53092   0.53422   0.53723   0.53998   0.54250   0.54485   0.54707   0.54920   0.55122   0.55308   0.55482   0.55647   0.55802   0.55954   0.56110   0.56255   0.56404   0.56633   0.56957   0.57285   0.57558   0.57814   0.58158   0.58607   0.59033   0.59405   0.59814   0.60272   0.60712   0.61127   0.61551   0.61943   0.62326   0.62802   0.63317   0.63766   0.64160   0.64536   0.64907   0.65251   0.65553   0.65820   0.66071   0.66345   0.66653   0.66996   0.67376   0.67788   0.68226   0.68675   0.69117   0.69547   0.69965   0.70368   0.70735   0.71046   0.71274   0.71411   0.71451   0.71415   0.71348   0.71258   0.71146   0.71013   0.70857   0.70676   0.70476   0.70266   0.70059   0.69862   0.69679   0.69511   0.69355   0.69204   0.69054   0.68899   0.68736   0.68563   0.68382   0.68194   0.68002   0.67804   0.67602   0.67399   0.67195   0.66984   0.66767   0.66551   0.66337   0.66123   0.65903   0.65682   0.65464   0.65246   0.65023   0.64795   0.64561   0.64327   0.64097   0.63866   0.63632   0.63394   0.63153   0.62913   0.62672   0.62426   0.62174   0.61921   0.61673   0.61426   0.61183   0.60946   0.60712   0.60474   0.60231   0.59980   0.59724   0.59465   0.59205   0.58944   0.58681   0.58418   0.58153   0.57886   0.57619   0.57353   0.57089   0.56827   0.56566   0.56307   0.56052   0.55800   0.55553   0.55310   0.55070   0.54832   0.54596   0.54360   0.54125   0.53892   0.53660   0.53430   0.53201   0.52973   0.52747   0.52524   0.52304   0.52089   0.51879   0.51674   0.51476   0.51283   0.51097   0.50917   0.50744   0.50579   0.50423   0.50278   0.50146   0.50029   0.49931   0.49853   0.49796   0.49771   0.49780   0.49821   0.49903   0.50033   0.50221   0.50478   0.50815   0.51245   0.51784   0.52448   0.53252   0.54211   0.55339   0.56644   0.58123   0.59769   0.61549   0.63427   0.65359
 58.1250   0.00000  -0.00168  -0.00425  -0.00543  -0.00652  -0.00803  -0.00984  -0.01215  -0.01528  -0.02041  -0.02695  -0.02959  -0.01969   0.00708   0.04686   0.09283   0.13941   0.18295   0.22161   0.25486   0.28295   0.30650   0.32627   0.34302   0.35740   0.36997   0.38118   0.39134   0.40066   0.40930   0.41736   0.42493   0.43208   0.43886   0.44532   0.45152   0.45750   0.46333   0.46902   0.47459   0.48004   0.48536   0.49053   0.49552   0.50033   0.50493   0.50930   0.51344   0.51732   0.52094   0.52431   0.52744   0.53039   0.53317   0.53575   0.53813   0.54034   0.54239   0.54433   0.54622   0.54817   0.55002   0.55174   0.55408   0.55747   0.56120   0.56452   0.56752   0.57102   0.57548   0.57995   0.58386   0.58793   0.59257   0.59726   0.60173   0.60611   0.61023   0.61442   0.61941   0.62473   0.62960   0.63405   0.63830   0.64246   0.64640   0.64983   0.65272   0.65526   0.65779   0.66044   0.66324   0.66624   0.66949   0.67300   0.67671   0.68054   0.68446   0.68852   0.69268   0.69675   0.70045   0.70356   0.70596   0.70758   0.70851   0.70879   0.70856   0.70808   0.70726   0.70610   0.70457   0.70273   0.70069   0.69857   0.69648   0.69446   0.69253   0.69066   0.68883   0.68698   0.68506   0.68307   0.68098   0.67882   0.67661   0.67436   0.67208   0.66977   0.66747   0.66516   0.66280   0.66041   0.65804   0.65572   0.65340   0.65104   0.64870   0.64638   0.64407   0.64173   0.63938   0.63699   0.63459   0.63223   0.62987   0.62750   0.62513   0.62275   0.62040   0.61804   0.61563   0.61317   0.61067   0.60818   0.60570   0.60322   0.60079   0.59839   0.59598   0.59353   0.59104   0.58852   0.58598   0.58344   0.58090   0.57836   0.57581   0.57327   0.57070   0.56814   0.56559   0.56305   0.56052   0.55800   0.55549   0.55301   0.55055   0.54813   0.54575   0.54339   0.54106   0.53875   0.53645   0.53415   0.53188   0.52962   0.52738   0.52516   0.52295   0.52075   0.51858   0.51645   0.51435   0.51231   0.51031   0.50837   0.50650   0.50469   0.50296   0.50130   0.49973   0.49825   0.49688   0.49564   0.49456   0.49366   0.49296   0.49246   0.49227   0.49243   0.49291   0.49379   0.49516   0.49710   0.49974   0.50318   0.50756   0.51302   0.51974   0.52786   0.53755   0.54892   0.56208   0.57702   0.59366   0.61168   0.63072   0.65035
 59.3750   0.00000  -0.00135  -0.00357  -0.00503  -0.00643  -0.00795  -0.00983  -0.01227  -0.01542  -0.02055  -0.02909  -0.03903  -0.04491  -0.03989  -0.02032   0.01153   0.05130   0.09436   0.13696   0.17656   0.21186   0.24249   0.26869   0.29101   0.31010   0.32660   0.34105   0.35391   0.36550   0.37608   0.38583   0.39488   0.40334   0.41127   0.41873   0.42577   0.43245   0.43882   0.44492   0.45080   0.45648   0.46199   0.46735   0.47257   0.47766   0.48262   0.48746   0.49215   0.49667   0.50100   0.50513   0.50903   0.51274   0.51626   0.51954   0.52257   0.52537   0.52797   0.53041   0.53276   0.53517   0.53747   0.53953   0.54197   0.54541   0.54941   0.55327   0.55680   0.56050   0.56494   0.56953   0.57367   0.57788   0.58257   0.58737   0.59207   0.59664   0.60095   0.60534   0.61047   0.61589   0.62101   0.62585   0.63050   0.63509   0.63954   0.64350   0.64684   0.64971   0.65238   0.65496   0.65749   0.66004   0.66265   0.66540   0.66827   0.67128   0.67447   0.67795   0.68174   0.68566   0.68945   0.69288   0.69583   0.69825   0.70015   0.70151   0.70238   0.70276   0.70264   0.70208   0.70110   0.69973   0.69805   0.69619   0.69424   0.69228   0.69032   0.68837   0.68640   0.68437   0.68228   0.68008   0.67779   0.67541   0.67298   0.67049   0.66797   0.66543   0.66287   0.66031   0.65773   0.65513   0.65257   0.65005   0.64754   0.64502   0.64251   0.64005   0.63760   0.63515   0.63269   0.63022   0.62774   0.62530   0.62288   0.62049   0.61810   0.61574   0.61340   0.61107   0.60869   0.60623   0.60373   0.60120   0.59865   0.59611   0.59360   0.59112   0.58866   0.58619   0.58370   0.58120   0.57869   0.57619   0.57370   0.57121   0.56873   0.56626   0.56377   0.56128   0.55881   0.55634   0.55388   0.55142   0.54897   0.54652   0.54410   0.54171   0.53936   0.53703   0.53473   0.53244   0.53017   0.52792   0.52568   0.52347   0.52128   0.51910   0.51694   0.51480   0.51267   0.51058   0.50852   0.50650   0.50454   0.50263   0.50080   0.49904   0.49735   0.49575   0.49424   0.49282   0.49152   0.49035   0.48933   0.48849   0.48786   0.48742   0.48728   0.48747   0.48798   0.48891   0.49032   0.49232   0.49500   0.49848   0.50291   0.50842   0.51518   0.52334   0.53307   0.54449   0.55772   0.57276   0.58955   0.60777   0.62707   0.64701
 60.6250   0.00000  -0.00133  -0.00356  -0.00498  -0.00635  -0.00799  -0.00989  -0.01229  -0.01528  -0.01962  -0.02682  -0.03790  -0.04874  -0.05447  -0.05180  -0.03803  -0.01353   0.01958   0.05800   0.09820   0.13729   0.17338   0.20555   0.23359   0.25781   0.27872   0.29694   0.31301   0.32737   0.34036   0.35222   0.36312   0.37319   0.38254   0.39125   0.39938   0.40702   0.41421   0.42100   0.42745   0.43360   0.43948   0.44512   0.45057   0.45587   0.46104   0.46612   0.47111   0.47601   0.48080   0.48547   0.48999   0.49435   0.49855   0.50252   0.50624   0.50970   0.51295   0.51599   0.51891   0.52183   0.52467   0.52719   0.52989   0.53342   0.53758   0.54183   0.54586   0.54990   0.55440   0.55907   0.56344   0.56784   0.57263   0.57753   0.58237   0.58715   0.59164   0.59620   0.60140   0.60687   0.61212   0.61718   0.62210   0.62702   0.63188   0.63636   0.64023   0.64358   0.64665   0.64949   0.65212   0.65458   0.65690   0.65916   0.66137   0.66361   0.66600   0.66871   0.67179   0.67515   0.67856   0.68183   0.68484   0.68755   0.68995   0.69200   0.69369   0.69495   0.69574   0.69599   0.69566   0.69491   0.69381   0.69245   0.69090   0.68924   0.68751   0.68571   0.68384   0.68187   0.67979   0.67758   0.67525   0.67281   0.67028   0.66768   0.66502   0.66232   0.65959   0.65685   0.65410   0.65134   0.64861   0.64592   0.64325   0.64058   0.63794   0.63533   0.63276   0.63019   0.62762   0.62505   0.62248   0.61996   0.61750   0.61506   0.61266   0.61029   0.60795   0.60561   0.60321   0.60073   0.59818   0.59559   0.59296   0.59033   0.58773   0.58518   0.58267   0.58016   0.57766   0.57515   0.57266   0.57018   0.56771   0.56525   0.56281   0.56037   0.55793   0.55549   0.55306   0.55064   0.54822   0.54579   0.54337   0.54094   0.53853   0.53615   0.53381   0.53149   0.52919   0.52692   0.52467   0.52244   0.52023   0.51805   0.51589   0.51374   0.51161   0.50950   0.50740   0.50533   0.50329   0.50129   0.49934   0.49746   0.49565   0.49391   0.49226   0.49070   0.48923   0.48787   0.48661   0.48549   0.48452   0.48372   0.48313   0.48274   0.48263   0.48284   0.48337   0.48432   0.48576   0.48778   0.49048   0.49399   0.49843   0.50395   0.51070   0.51886   0.52859   0.54002   0.55328   0.56839   0.58531   0.60372   0.62328   0.64356
 61.8750   0.00000  -0.00114  -0.00316  -0.00472  -0.00624  -0.00789  -0.00983  -0.01229  -0.01522  -0.01910  -0.02516  -0.03482  -0.04692  -0.05662  -0.06117  -0.05973  -0.05015  -0.03153  -0.00438   0.02924   0.06637   0.10415   0.14029   0.17340   0.20285   0.22867   0.25122   0.27098   0.28843   0.30399   0.31801   0.33075   0.34242   0.35318   0.36316   0.37244   0.38111   0.38923   0.39686   0.40405   0.41084   0.41727   0.42337   0.42920   0.43480   0.44022   0.44551   0.45071   0.45584   0.46091   0.46591   0.47083   0.47567   0.48039   0.48493   0.48926   0.49336   0.49725   0.50093   0.50445   0.50795   0.51138   0.51450   0.51760   0.52133   0.52569   0.53027   0.53473   0.53915   0.54381   0.54858   0.55316   0.55778   0.56269   0.56770   0.57268   0.57763   0.58232   0.58703   0.59229   0.59778   0.60308   0.60825   0.61334   0.61846   0.62359   0.62845   0.63280   0.63667   0.64025   0.64355   0.64655   0.64924   0.65161   0.65370   0.65557   0.65730   0.65905   0.66101   0.66331   0.66590   0.66864   0.67138   0.67405   0.67660   0.67903   0.68130   0.68336   0.68513   0.68655   0.68751   0.68800   0.68797   0.68747   0.68669   0.68570   0.68454   0.68324   0.68182   0.68028   0.67859   0.67674   0.67471   0.67251   0.67016   0.66769   0.66510   0.66242   0.65967   0.65688   0.65406   0.65122   0.64837   0.64555   0.64275   0.63996   0.63719   0.63444   0.63173   0.62905   0.62638   0.62371   0.62105   0.61842   0.61584   0.61332   0.61086   0.60843   0.60603   0.60366   0.60128   0.59885   0.59632   0.59370   0.59103   0.58832   0.58561   0.58294   0.58032   0.57775   0.57520   0.57267   0.57016   0.56766   0.56517   0.56271   0.56026   0.55782   0.55540   0.55297   0.55056   0.54815   0.54575   0.54334   0.54092   0.53850   0.53608   0.53367   0.53128   0.52893   0.52661   0.52431   0.52204   0.51979   0.51757   0.51538   0.51321   0.51107   0.50894   0.50683   0.50473   0.50264   0.50057   0.49854   0.49654   0.49460   0.49273   0.49093   0.48922   0.48759   0.48606   0.48462   0.48328   0.48206   0.48097   0.48003   0.47925   0.47868   0.47831   0.47821   0.47843   0.47898   0.47994   0.48138   0.48340   0.48610   0.48960   0.49402   0.49951   0.50623   0.51434   0.52403   0.53543   0.54870   0.56386   0.58090   0.59951   0.61935   0.64001
 63.1250   0.00000  -0.00111  -0.00309  -0.00464  -0.00616  -0.00786  -0.00982  -0.01224  -0.01511  -0.01870  -0.02390  -0.03228  -0.04361  -0.05497  -0.06272  -0.06612  -0.06541  -0.05877  -0.04462  -0.02255   0.00644   0.04021   0.07609   0.11165   0.14510   0.17545   0.20243   0.22619   0.24708   0.26556   0.28203   0.29688   0.31039   0.32276   0.33416   0.34472   0.35454   0.36371   0.37228   0.38032   0.38787   0.39498   0.40168   0.40803   0.41408   0.41986   0.42546   0.43091   0.43627   0.44155   0.44679   0.45197   0.45712   0.46219   0.46715   0.47195   0.47657   0.48100   0.48526   0.48937   0.49344   0.49747   0.50125   0.50490   0.50898   0.51362   0.51851   0.52337   0.52820   0.53312   0.53804   0.54284   0.54769   0.55275   0.55787   0.56298   0.56808   0.57297   0.57784   0.58316   0.58867   0.59400   0.59923   0.60441   0.60962   0.61490   0.62000   0.62470   0.62902   0.63309   0.63691   0.64040   0.64350   0.64616   0.64840   0.65026   0.65180   0.65320   0.65465   0.65630   0.65816   0.66015   0.66220   0.66428   0.66637   0.66845   0.67051   0.67250   0.67435   0.67598   0.67732   0.67830   0.67890   0.67906   0.67883   0.67837   0.67777   0.67703   0.67613   0.67506   0.67380   0.67233   0.67065   0.66875   0.66665   0.66437   0.66193   0.65937   0.65671   0.65397   0.65119   0.64837   0.64552   0.64268   0.63984   0.63701   0.63420   0.63140   0.62864   0.62589   0.62315   0.62042   0.61771   0.61503   0.61241   0.60987   0.60738   0.60491   0.60248   0.60007   0.59765   0.59515   0.59256   0.58989   0.58716   0.58438   0.58161   0.57888   0.57621   0.57359   0.57101   0.56845   0.56591   0.56339   0.56089   0.55841   0.55594   0.55350   0.55107   0.54864   0.54623   0.54382   0.54141   0.53900   0.53658   0.53415   0.53172   0.52930   0.52690   0.52453   0.52219   0.51988   0.51761   0.51536   0.51314   0.51095   0.50879   0.50665   0.50453   0.50242   0.50032   0.49824   0.49617   0.49413   0.49213   0.49019   0.48832   0.48653   0.48483   0.48321   0.48169   0.48027   0.47895   0.47775   0.47667   0.47574   0.47497   0.47440   0.47404   0.47394   0.47415   0.47469   0.47565   0.47708   0.47909   0.48176   0.48522   0.48960   0.49503   0.50168   0.50971   0.51933   0.53068   0.54394   0.55915   0.57632   0.59515   0.61530   0.63637
 64.3750   0.00000  -0.00098  -0.00283  -0.00445  -0.00606  -0.00776  -0.00974  -0.01218  -0.01500  -0.01832  -0.02281  -0.03015  -0.04073  -0.05216  -0.06158  -0.06738  -0.06995  -0.06973  -0.06511  -0.05430  -0.03639  -0.01153   0.01893   0.05272   0.08736   0.12079   0.15174   0.17960   0.20429   0.22606   0.24531   0.26247   0.27791   0.29193   0.30477   0.31661   0.32759   0.33781   0.34735   0.35628   0.36464   0.37249   0.37987   0.38682   0.39340   0.39966   0.40566   0.41146   0.41712   0.42266   0.42813   0.43354   0.43892   0.44424   0.44948   0.45460   0.45959   0.46445   0.46917   0.47379   0.47837   0.48296   0.48738   0.49165   0.49620   0.50122   0.50649   0.51175   0.51699   0.52224   0.52740   0.53244   0.53753   0.54276   0.54802   0.55326   0.55851   0.56357   0.56862   0.57402   0.57956   0.58494   0.59021   0.59544   0.60069   0.60603   0.61124   0.61616   0.62079   0.62525   0.62952   0.63349   0.63705   0.64014   0.64273   0.64484   0.64651   0.64787   0.64911   0.65038   0.65171   0.65309   0.65450   0.65593   0.65742   0.65896   0.66055   0.66215   0.66371   0.66517   0.66647   0.66756   0.66839   0.66895   0.66925   0.66928   0.66912   0.66886   0.66848   0.66792   0.66715   0.66614   0.66488   0.66336   0.66161   0.65964   0.65748   0.65516   0.65270   0.65015   0.64751   0.64481   0.64207   0.63930   0.63652   0.63374   0.63095   0.62818   0.62541   0.62266   0.61990   0.61715   0.61443   0.61175   0.60913   0.60658   0.60407   0.60159   0.59912   0.59667   0.59419   0.59165   0.58902   0.58631   0.58354   0.58074   0.57794   0.57518   0.57247   0.56982   0.56720   0.56461   0.56204   0.55950   0.55698   0.55447   0.55199   0.54953   0.54708   0.54464   0.54221   0.53978   0.53736   0.53494   0.53251   0.53006   0.52762   0.52518   0.52276   0.52038   0.51802   0.51570   0.51342   0.51117   0.50895   0.50676   0.50460   0.50246   0.50034   0.49823   0.49612   0.49403   0.49196   0.48991   0.48791   0.48597   0.48409   0.48230   0.48060   0.47899   0.47748   0.47606   0.47475   0.47355   0.47247   0.47154   0.47077   0.47019   0.46981   0.46970   0.46990   0.47043   0.47136   0.47277   0.47475   0.47738   0.48078   0.48508   0.49042   0.49698   0.50492   0.51445   0.52574   0.53899   0.55425   0.57158   0.59065   0.61115   0.63268
 65.6250   0.00000  -0.00093  -0.00274  -0.00435  -0.00597  -0.00770  -0.00969  -0.01210  -0.01487  -0.01798  -0.02188  -0.02820  -0.03802  -0.04948  -0.05952  -0.06672  -0.07100  -0.07306  -0.07314  -0.06989  -0.06159  -0.04702  -0.02570   0.00169   0.03331   0.06677   0.09990   0.13110   0.15946   0.18472   0.20705   0.22681   0.24444   0.26031   0.27474   0.28798   0.30020   0.31154   0.32209   0.33194   0.34115   0.34978   0.35787   0.36547   0.37265   0.37945   0.38593   0.39215   0.39818   0.40405   0.40980   0.41546   0.42106   0.42660   0.43206   0.43742   0.44267   0.44783   0.45290   0.45791   0.46292   0.46797   0.47295   0.47784   0.48290   0.48836   0.49407   0.49978   0.50545   0.51110   0.51658   0.52192   0.52727   0.53269   0.53811   0.54350   0.54889   0.55413   0.55934   0.56484   0.57045   0.57589   0.58121   0.58648   0.59176   0.59710   0.60236   0.60738   0.61220   0.61691   0.62149   0.62583   0.62982   0.63335   0.63638   0.63889   0.64089   0.64248   0.64381   0.64499   0.64609   0.64712   0.64807   0.64899   0.64992   0.65088   0.65190   0.65296   0.65403   0.65506   0.65602   0.65687   0.65758   0.65816   0.65863   0.65898   0.65919   0.65927   0.65923   0.65906   0.65870   0.65810   0.65724   0.65612   0.65474   0.65313   0.65131   0.64930   0.64714   0.64486   0.64246   0.63997   0.63742   0.63482   0.63218   0.62952   0.62684   0.62416   0.62146   0.61876   0.61605   0.61335   0.61068   0.60804   0.60545   0.60291   0.60040   0.59790   0.59542   0.59294   0.59043   0.58787   0.58524   0.58253   0.57977   0.57698   0.57419   0.57143   0.56871   0.56603   0.56339   0.56078   0.55819   0.55563   0.55308   0.55056   0.54806   0.54558   0.54311   0.54065   0.53820   0.53575   0.53331   0.53088   0.52843   0.52598   0.52352   0.52107   0.51864   0.51625   0.51388   0.51155   0.50927   0.50701   0.50479   0.50260   0.50044   0.49830   0.49617   0.49406   0.49195   0.48985   0.48777   0.48572   0.48372   0.48177   0.47990   0.47810   0.47640   0.47479   0.47328   0.47186   0.47055   0.46934   0.46826   0.46732   0.46653   0.46594   0.46553   0.46540   0.46559   0.46609   0.46700   0.46837   0.47029   0.47286   0.47618   0.48039   0.48564   0.49208   0.49992   0.50936   0.52060   0.53385   0.54919   0.56669   0.58604   0.60693   0.62897
 66.8750   0.00000  -0.00085  -0.00256  -0.00422  -0.00587  -0.00762  -0.00961  -0.01200  -0.01472  -0.01767  -0.02108  -0.02647  -0.03541  -0.04674  -0.05738  -0.06538  -0.07071  -0.07398  -0.07568  -0.07591  -0.07361  -0.06718  -0.05523  -0.03684  -0.01219   0.01733   0.04955   0.08219   0.11338   0.14199   0.16759   0.19027   0.21037   0.22830   0.24446   0.25917   0.27266   0.28511   0.29668   0.30744   0.31750   0.32691   0.33572   0.34400   0.35179   0.35916   0.36617   0.37287   0.37932   0.38557   0.39165   0.39761   0.40347   0.40924   0.41491   0.42048   0.42594   0.43133   0.43665   0.44196   0.44729   0.45271   0.45815   0.46357   0.46913   0.47503   0.48119   0.48737   0.49351   0.49959   0.50547   0.51117   0.51683   0.52249   0.52810   0.53367   0.53921   0.54462   0.55000   0.55562   0.56132   0.56684   0.57223   0.57756   0.58286   0.58820   0.59346   0.59853   0.60343   0.60827   0.61303   0.61761   0.62190   0.62580   0.62925   0.63220   0.63463   0.63660   0.63822   0.63959   0.64075   0.64170   0.64247   0.64310   0.64364   0.64415   0.64465   0.64517   0.64569   0.64620   0.64667   0.64707   0.64742   0.64774   0.64806   0.64838   0.64869   0.64895   0.64910   0.64911   0.64897   0.64862   0.64806   0.64725   0.64619   0.64491   0.64341   0.64173   0.63988   0.63789   0.63577   0.63355   0.63124   0.62886   0.62643   0.62395   0.62143   0.61889   0.61632   0.61373   0.61113   0.60854   0.60596   0.60339   0.60086   0.59836   0.59588   0.59339   0.59091   0.58843   0.58594   0.58340   0.58081   0.57815   0.57545   0.57272   0.56997   0.56724   0.56454   0.56187   0.55922   0.55660   0.55400   0.55143   0.54887   0.54634   0.54383   0.54134   0.53885   0.53637   0.53391   0.53145   0.52900   0.52655   0.52410   0.52165   0.51919   0.51674   0.51431   0.51192   0.50955   0.50723   0.50494   0.50269   0.50048   0.49829   0.49613   0.49399   0.49186   0.48974   0.48763   0.48554   0.48346   0.48142   0.47941   0.47747   0.47559   0.47380   0.47210   0.47049   0.46898   0.46756   0.46623   0.46502   0.46392   0.46296   0.46216   0.46155   0.46112   0.46097   0.46113   0.46161   0.46248   0.46380   0.46566   0.46816   0.47140   0.47551   0.48064   0.48698   0.49472   0.50408   0.51527   0.52854   0.54398   0.56169   0.58135   0.60267   0.62527
 68.1250   0.00000  -0.00080  -0.00247  -0.00412  -0.00578  -0.00755  -0.00954  -0.01189  -0.01456  -0.01737  -0.02040  -0.02494  -0.03291  -0.04392  -0.05503  -0.06386  -0.06991  -0.07391  -0.07648  -0.07792  -0.07820  -0.07654  -0.07151  -0.06158  -0.04560  -0.02334   0.00424   0.03521   0.06720   0.09815   0.12675   0.15246   0.17530   0.19556   0.21366   0.22999   0.24485   0.25849   0.27110   0.28281   0.29372   0.30392   0.31346   0.32242   0.33085   0.33881   0.34636   0.35357   0.36049   0.36716   0.37362   0.37991   0.38607   0.39211   0.39802   0.40380   0.40947   0.41505   0.42058   0.42611   0.43169   0.43738   0.44315   0.44900   0.45501   0.46132   0.46788   0.47451   0.48112   0.48766   0.49399   0.50012   0.50614   0.51209   0.51795   0.52372   0.52945   0.53504   0.54060   0.54635   0.55214   0.55776   0.56324   0.56863   0.57398   0.57933   0.58460   0.58968   0.59461   0.59950   0.60434   0.60905   0.61353   0.61768   0.62145   0.62477   0.62761   0.63001   0.63203   0.63375   0.63518   0.63631   0.63715   0.63774   0.63814   0.63839   0.63855   0.63864   0.63870   0.63872   0.63869   0.63861   0.63850   0.63841   0.63838   0.63842   0.63853   0.63868   0.63878   0.63880   0.63869   0.63842   0.63797   0.63732   0.63647   0.63541   0.63416   0.63274   0.63115   0.62942   0.62756   0.62558   0.62352   0.62137   0.61916   0.61688   0.61456   0.61219   0.60979   0.60736   0.60491   0.60245   0.59998   0.59752   0.59507   0.59262   0.59018   0.58774   0.58529   0.58286   0.58042   0.57796   0.57545   0.57289   0.57029   0.56765   0.56498   0.56231   0.55965   0.55700   0.55437   0.55176   0.54918   0.54661   0.54407   0.54155   0.53904   0.53654   0.53406   0.53157   0.52910   0.52665   0.52420   0.52176   0.51932   0.51688   0.51443   0.51200   0.50959   0.50721   0.50486   0.50255   0.50028   0.49804   0.49584   0.49366   0.49151   0.48937   0.48725   0.48514   0.48305   0.48096   0.47890   0.47686   0.47487   0.47294   0.47107   0.46929   0.46759   0.46598   0.46446   0.46304   0.46171   0.46049   0.45938   0.45841   0.45759   0.45696   0.45651   0.45633   0.45648   0.45692   0.45775   0.45902   0.46082   0.46324   0.46639   0.47040   0.47544   0.48168   0.48932   0.49862   0.50978   0.52310   0.53865   0.55660   0.57662   0.59841   0.62162
 69.3750   0.00000  -0.00074  -0.00235  -0.00401  -0.00569  -0.00747  -0.00945  -0.01178  -0.01439  -0.01709  -0.01983  -0.02361  -0.03056  -0.04105  -0.05246  -0.06207  -0.06891  -0.07349  -0.07657  -0.07863  -0.07983  -0.08012  -0.07890  -0.07490  -0.06655  -0.05252  -0.03228  -0.00639   0.02337   0.05462   0.08519   0.11362   0.13928   0.16211   0.18241   0.20056   0.21693   0.23183   0.24552   0.25817   0.26994   0.28091   0.29117   0.30080   0.30987   0.31842   0.32653   0.33426   0.34166   0.34877   0.35565   0.36232   0.36881   0.37515   0.38133   0.38736   0.39325   0.39904   0.40476   0.41049   0.41627   0.42216   0.42818   0.43432   0.44068   0.44733   0.45424   0.46127   0.46831   0.47531   0.48210   0.48868   0.49512   0.50141   0.50757   0.51360   0.51955   0.52536   0.53110   0.53700   0.54291   0.54863   0.55421   0.55969   0.56511   0.57049   0.57578   0.58088   0.58583   0.59073   0.59558   0.60033   0.60490   0.60919   0.61316   0.61675   0.61992   0.62269   0.62511   0.62723   0.62904   0.63051   0.63162   0.63240   0.63289   0.63312   0.63313   0.63301   0.63278   0.63244   0.63201   0.63151   0.63098   0.63046   0.63002   0.62967   0.62941   0.62923   0.62907   0.62888   0.62861   0.62824   0.62774   0.62709   0.62628   0.62531   0.62418   0.62290   0.62147   0.61991   0.61823   0.61645   0.61458   0.61263   0.61061   0.60852   0.60637   0.60418   0.60195   0.59968   0.59738   0.59506   0.59272   0.59037   0.58800   0.58563   0.58325   0.58086   0.57849   0.57614   0.57380   0.57144   0.56905   0.56662   0.56414   0.56161   0.55904   0.55645   0.55385   0.55125   0.54866   0.54609   0.54354   0.54100   0.53849   0.53600   0.53351   0.53103   0.52856   0.52610   0.52364   0.52120   0.51878   0.51636   0.51395   0.51153   0.50912   0.50672   0.50434   0.50200   0.49968   0.49740   0.49516   0.49295   0.49076   0.48860   0.48647   0.48435   0.48225   0.48016   0.47809   0.47603   0.47399   0.47198   0.47001   0.46809   0.46625   0.46447   0.46279   0.46118   0.45967   0.45825   0.45692   0.45569   0.45457   0.45359   0.45277   0.45213   0.45166   0.45147   0.45159   0.45200   0.45278   0.45400   0.45574   0.45809   0.46116   0.46509   0.47004   0.47619   0.48376   0.49301   0.50416   0.51754   0.53325   0.55148   0.57188   0.59419   0.61804
 70.6250   0.00000  -0.00070  -0.00227  -0.00393  -0.00560  -0.00738  -0.00936  -0.01165  -0.01420  -0.01681  -0.01934  -0.02248  -0.02841  -0.03819  -0.04969  -0.05999  -0.06765  -0.07285  -0.07641  -0.07884  -0.08048  -0.08147  -0.08174  -0.08085  -0.07762  -0.07047  -0.05801  -0.03940  -0.01497   0.01366   0.04414   0.07421   0.10232   0.12776   0.15046   0.17066   0.18873   0.20504   0.21989   0.23354   0.24617   0.25793   0.26891   0.27921   0.28889   0.29804   0.30670   0.31496   0.32285   0.33042   0.33773   0.34479   0.35166   0.35833   0.36481   0.37112   0.37726   0.38328   0.38921   0.39513   0.40110   0.40717   0.41336   0.41972   0.42632   0.43323   0.44041   0.44775   0.45516   0.46256   0.46981   0.47684   0.48371   0.49040   0.49690   0.50324   0.50946   0.51552   0.52149   0.52755   0.53360   0.53944   0.54513   0.55071   0.55620   0.56164   0.56697   0.57211   0.57709   0.58200   0.58686   0.59161   0.59619   0.60054   0.60460   0.60834   0.61172   0.61477   0.61752   0.62000   0.62219   0.62405   0.62552   0.62662   0.62738   0.62784   0.62795   0.62778   0.62745   0.62695   0.62629   0.62551   0.62466   0.62380   0.62298   0.62224   0.62158   0.62099   0.62044   0.61991   0.61935   0.61874   0.61805   0.61725   0.61634   0.61531   0.61415   0.61288   0.61148   0.60998   0.60839   0.60671   0.60495   0.60313   0.60123   0.59928   0.59727   0.59522   0.59312   0.59099   0.58883   0.58662   0.58439   0.58213   0.57984   0.57754   0.57524   0.57294   0.57065   0.56840   0.56617   0.56394   0.56168   0.55938   0.55702   0.55461   0.55215   0.54965   0.54712   0.54459   0.54206   0.53955   0.53705   0.53457   0.53210   0.52965   0.52720   0.52476   0.52233   0.51990   0.51748   0.51508   0.51269   0.51032   0.50794   0.50558   0.50321   0.50086   0.49854   0.49624   0.49397   0.49173   0.48953   0.48735   0.48519   0.48306   0.48096   0.47887   0.47680   0.47475   0.47271   0.47069   0.46869   0.46671   0.46478   0.46290   0.46107   0.45932   0.45765   0.45606   0.45456   0.45314   0.45182   0.45059   0.44948   0.44851   0.44768   0.44704   0.44658   0.44637   0.44645   0.44683   0.44758   0.44876   0.45044   0.45273   0.45574   0.45960   0.46447   0.47055   0.47806   0.48728   0.49845   0.51192   0.52781   0.54633   0.56715   0.59001   0.61457
 71.8750   0.00000  -0.00066  -0.00217  -0.00384  -0.00551  -0.00729  -0.00927  -0.01152  -0.01401  -0.01652  -0.01889  -0.02154  -0.02649  -0.03540  -0.04677  -0.05764  -0.06611  -0.07199  -0.07599  -0.07877  -0.08071  -0.08205  -0.08288  -0.08316  -0.08252  -0.07984  -0.07363  -0.06237  -0.04504  -0.02182   0.00580   0.03551   0.06500   0.09266   0.11777   0.14021   0.16020   0.17810   0.19425   0.20898   0.22252   0.23506   0.24676   0.25771   0.26801   0.27773   0.28694   0.29571   0.30409   0.31213   0.31987   0.32734   0.33458   0.34161   0.34842   0.35502   0.36145   0.36772   0.37389   0.38002   0.38618   0.39242   0.39878   0.40531   0.41208   0.41916   0.42654   0.43412   0.44181   0.44954   0.45717   0.46463   0.47192   0.47901   0.48589   0.49259   0.49913   0.50547   0.51170   0.51797   0.52418   0.53017   0.53598   0.54167   0.54726   0.55277   0.55816   0.56335   0.56838   0.57332   0.57819   0.58293   0.58751   0.59186   0.59594   0.59974   0.60323   0.60644   0.60941   0.61216   0.61467   0.61687   0.61872   0.62019   0.62130   0.62210   0.62251   0.62252   0.62226   0.62178   0.62107   0.62019   0.61918   0.61810   0.61702   0.61596   0.61495   0.61400   0.61307   0.61217   0.61126   0.61033   0.60935   0.60831   0.60719   0.60598   0.60468   0.60329   0.60181   0.60025   0.59863   0.59695   0.59521   0.59342   0.59158   0.58969   0.58776   0.58579   0.58378   0.58174   0.57965   0.57753   0.57537   0.57318   0.57096   0.56873   0.56650   0.56428   0.56209   0.55993   0.55781   0.55569   0.55354   0.55135   0.54911   0.54680   0.54444   0.54203   0.53959   0.53714   0.53468   0.53223   0.52980   0.52739   0.52498   0.52259   0.52019   0.51780   0.51542   0.51305   0.51068   0.50833   0.50600   0.50367   0.50136   0.49905   0.49675   0.49446   0.49220   0.48996   0.48775   0.48556   0.48340   0.48126   0.47915   0.47706   0.47499   0.47295   0.47092   0.46892   0.46693   0.46495   0.46300   0.46108   0.45919   0.45734   0.45555   0.45383   0.45219   0.45062   0.44914   0.44773   0.44642   0.44521   0.44412   0.44315   0.44234   0.44170   0.44128   0.44105   0.44107   0.44143   0.44215   0.44331   0.44496   0.44720   0.45015   0.45396   0.45877   0.46480   0.47227   0.48148   0.49269   0.50627   0.52235   0.54120   0.56247   0.58590   0.61120
 73.1250   0.00000  -0.00063  -0.00210  -0.00376  -0.00542  -0.00721  -0.00917  -0.01139  -0.01382  -0.01625  -0.01848  -0.02077  -0.02483  -0.03272  -0.04374  -0.05503  -0.06428  -0.07089  -0.07540  -0.07855  -0.08075  -0.08230  -0.08342  -0.08415  -0.08444  -0.08396  -0.08170  -0.07619  -0.06581  -0.04945  -0.02720  -0.00044   0.02851   0.05733   0.08444   0.10909   0.13116   0.15084   0.16848   0.18441   0.19895   0.21233   0.22476   0.23636   0.24726   0.25754   0.26728   0.27656   0.28542   0.29391   0.30208   0.30997   0.31759   0.32498   0.33213   0.33905   0.34577   0.35233   0.35875   0.36512   0.37149   0.37792   0.38445   0.39113   0.39804   0.40526   0.41277   0.42050   0.42839   0.43637   0.44431   0.45213   0.45980   0.46728   0.47454   0.48161   0.48849   0.49517   0.50170   0.50821   0.51461   0.52077   0.52673   0.53255   0.53825   0.54385   0.54931   0.55458   0.55968   0.56467   0.56957   0.57432   0.57889   0.58322   0.58730   0.59110   0.59462   0.59790   0.60099   0.60390   0.60661   0.60908   0.61124   0.61306   0.61452   0.61565   0.61647   0.61685   0.61681   0.61648   0.61589   0.61507   0.61406   0.61292   0.61171   0.61048   0.60925   0.60803   0.60683   0.60562   0.60439   0.60314   0.60185   0.60052   0.59912   0.59767   0.59614   0.59455   0.59290   0.59120   0.58946   0.58768   0.58587   0.58403   0.58217   0.58027   0.57834   0.57639   0.57441   0.57239   0.57033   0.56824   0.56612   0.56396   0.56179   0.55962   0.55745   0.55529   0.55318   0.55110   0.54905   0.54701   0.54494   0.54284   0.54068   0.53845   0.53617   0.53384   0.53148   0.52911   0.52673   0.52436   0.52200   0.51965   0.51731   0.51497   0.51264   0.51032   0.50800   0.50568   0.50338   0.50109   0.49882   0.49656   0.49430   0.49206   0.48983   0.48761   0.48541   0.48324   0.48109   0.47896   0.47685   0.47476   0.47269   0.47065   0.46863   0.46664   0.46467   0.46272   0.46079   0.45887   0.45697   0.45510   0.45326   0.45147   0.44972   0.44804   0.44643   0.44489   0.44343   0.44205   0.44077   0.43958   0.43851   0.43757   0.43677   0.43615   0.43574   0.43551   0.43551   0.43586   0.43657   0.43770   0.43933   0.44154   0.44445   0.44821   0.45298   0.45898   0.46642   0.47565   0.48691   0.50061   0.51690   0.53610   0.55783   0.58188   0.60795
 74.3750   0.00000  -0.00059  -0.00203  -0.00367  -0.00533  -0.00711  -0.00907  -0.01125  -0.01362  -0.01597  -0.01810  -0.02015  -0.02340  -0.03020  -0.04066  -0.05218  -0.06216  -0.06953  -0.07462  -0.07814  -0.08063  -0.08240  -0.08368  -0.08465  -0.08532  -0.08562  -0.08524  -0.08328  -0.07825  -0.06846  -0.05279  -0.03126  -0.00525   0.02293   0.05101   0.07747   0.10157   0.12317   0.14246   0.15977   0.17543   0.18974   0.20294   0.21521   0.22670   0.23753   0.24778   0.25754   0.26686   0.27580   0.28440   0.29268   0.30069   0.30844   0.31593   0.32318   0.33021   0.33706   0.34376   0.35039   0.35699   0.36363   0.37034   0.37719   0.38424   0.39157   0.39919   0.40703   0.41504   0.42319   0.43135   0.43945   0.44743   0.45525   0.46287   0.47030   0.47754   0.48457   0.49142   0.49821   0.50485   0.51122   0.51736   0.52333   0.52915   0.53486   0.54041   0.54578   0.55096   0.55602   0.56097   0.56576   0.57033   0.57466   0.57872   0.58250   0.58602   0.58932   0.59243   0.59541   0.59823   0.60085   0.60322   0.60531   0.60708   0.60853   0.60965   0.61046   0.61082   0.61074   0.61036   0.60971   0.60884   0.60779   0.60660   0.60534   0.60403   0.60270   0.60134   0.59995   0.59851   0.59702   0.59547   0.59387   0.59220   0.59047   0.58869   0.58687   0.58500   0.58310   0.58118   0.57925   0.57730   0.57535   0.57339   0.57142   0.56944   0.56743   0.56541   0.56336   0.56128   0.55918   0.55706   0.55491   0.55276   0.55061   0.54848   0.54637   0.54429   0.54225   0.54024   0.53823   0.53621   0.53414   0.53203   0.52986   0.52764   0.52538   0.52309   0.52079   0.51848   0.51618   0.51388   0.51159   0.50931   0.50704   0.50477   0.50251   0.50025   0.49800   0.49576   0.49353   0.49132   0.48912   0.48694   0.48476   0.48259   0.48045   0.47831   0.47620   0.47411   0.47204   0.46998   0.46795   0.46593   0.46394   0.46198   0.46004   0.45813   0.45624   0.45436   0.45251   0.45067   0.44886   0.44708   0.44533   0.44363   0.44199   0.44042   0.43892   0.43749   0.43615   0.43491   0.43376   0.43272   0.43180   0.43103   0.43043   0.43001   0.42978   0.42982   0.43017   0.43088   0.43200   0.43360   0.43579   0.43868   0.44241   0.44715   0.45313   0.46056   0.46981   0.48113   0.49497   0.51149   0.53105   0.55326   0.57794   0.60483
 75.6250   0.00000  -0.00056  -0.00197  -0.00360  -0.00524  -0.00702  -0.00897  -0.01112  -0.01343  -0.01571  -0.01775  -0.01962  -0.02221  -0.02790  -0.03760  -0.04912  -0.05974  -0.06790  -0.07362  -0.07757  -0.08035  -0.08235  -0.08380  -0.08491  -0.08579  -0.08642  -0.08671  -0.08640  -0.08462  -0.07987  -0.07043  -0.05518  -0.03416  -0.00882   0.01858   0.04586   0.07157   0.09503   0.11608   0.13493   0.15186   0.16722   0.18127   0.19426   0.20637   0.21774   0.22849   0.23872   0.24848   0.25784   0.26684   0.27551   0.28389   0.29200   0.29983   0.30741   0.31476   0.32190   0.32889   0.33579   0.34264   0.34950   0.35643   0.36345   0.37066   0.37811   0.38582   0.39375   0.40186   0.41011   0.41842   0.42671   0.43494   0.44303   0.45096   0.45871   0.46629   0.47366   0.48085   0.48794   0.49485   0.50147   0.50782   0.51397   0.51995   0.52578   0.53145   0.53692   0.54220   0.54735   0.55236   0.55720   0.56180   0.56615   0.57021   0.57398   0.57749   0.58077   0.58387   0.58685   0.58970   0.59238   0.59487   0.59712   0.59912   0.60081   0.60220   0.60328   0.60403   0.60436   0.60426   0.60384   0.60319   0.60233   0.60130   0.60015   0.59891   0.59760   0.59622   0.59477   0.59324   0.59161   0.58990   0.58810   0.58622   0.58427   0.58227   0.58022   0.57814   0.57603   0.57392   0.57180   0.56969   0.56759   0.56549   0.56340   0.56130   0.55920   0.55709   0.55496   0.55282   0.55068   0.54852   0.54636   0.54420   0.54205   0.53992   0.53781   0.53573   0.53369   0.53167   0.52965   0.52762   0.52556   0.52347   0.52132   0.51914   0.51692   0.51469   0.51244   0.51019   0.50794   0.50569   0.50346   0.50123   0.49901   0.49680   0.49459   0.49239   0.49020   0.48802   0.48585   0.48369   0.48155   0.47942   0.47731   0.47520   0.47312   0.47105   0.46899   0.46695   0.46493   0.46293   0.46095   0.45899   0.45705   0.45515   0.45326   0.45141   0.44957   0.44776   0.44596   0.44419   0.44243   0.44071   0.43901   0.43737   0.43577   0.43424   0.43279   0.43140   0.43011   0.42890   0.42779   0.42679   0.42591   0.42516   0.42459   0.42416   0.42396   0.42404   0.42440   0.42511   0.42622   0.42782   0.43000   0.43288   0.43659   0.44132   0.44728   0.45472   0.46400   0.47539   0.48938   0.50612   0.52606   0.54876   0.57410   0.60183
 76.8750   0.00000  -0.00054  -0.00191  -0.00353  -0.00516  -0.00693  -0.00887  -0.01098  -0.01323  -0.01544  -0.01741  -0.01915  -0.02123  -0.02589  -0.03462  -0.04591  -0.05702  -0.06597  -0.07239  -0.07684  -0.07995  -0.08219  -0.08382  -0.08506  -0.08606  -0.08687  -0.08745  -0.08773  -0.08744  -0.08573  -0.08108  -0.07176  -0.05669  -0.03603  -0.01131   0.01528   0.04169   0.06660   0.08934   0.10980   0.12815   0.14469   0.15971   0.17349   0.18626   0.19820   0.20945   0.22013   0.23031   0.24007   0.24945   0.25850   0.26723   0.27568   0.28385   0.29175   0.29941   0.30686   0.31414   0.32131   0.32842   0.33553   0.34267   0.34990   0.35727   0.36486   0.37267   0.38069   0.38887   0.39721   0.40561   0.41404   0.42243   0.43072   0.43889   0.44691   0.45478   0.46248   0.46999   0.47739   0.48458   0.49147   0.49807   0.50443   0.51060   0.51659   0.52239   0.52798   0.53338   0.53863   0.54372   0.54862   0.55328   0.55766   0.56174   0.56552   0.56903   0.57229   0.57538   0.57833   0.58116   0.58385   0.58638   0.58871   0.59082   0.59268   0.59425   0.59553   0.59650   0.59716   0.59745   0.59734   0.59693   0.59631   0.59552   0.59458   0.59352   0.59235   0.59108   0.58968   0.58817   0.58652   0.58475   0.58287   0.58087   0.57879   0.57663   0.57442   0.57216   0.56988   0.56758   0.56529   0.56302   0.56076   0.55851   0.55627   0.55404   0.55182   0.54959   0.54737   0.54514   0.54293   0.54072   0.53851   0.53632   0.53414   0.53198   0.52983   0.52772   0.52563   0.52356   0.52149   0.51942   0.51734   0.51522   0.51308   0.51091   0.50872   0.50651   0.50429   0.50208   0.49987   0.49766   0.49546   0.49327   0.49109   0.48892   0.48676   0.48461   0.48246   0.48032   0.47820   0.47609   0.47400   0.47192   0.46986   0.46781   0.46577   0.46375   0.46174   0.45975   0.45778   0.45582   0.45389   0.45198   0.45009   0.44824   0.44641   0.44461   0.44283   0.44107   0.43933   0.43761   0.43591   0.43424   0.43260   0.43100   0.42946   0.42798   0.42656   0.42523   0.42398   0.42281   0.42175   0.42078   0.41994   0.41923   0.41868   0.41828   0.41810   0.41821   0.41859   0.41931   0.42043   0.42203   0.42421   0.42708   0.43079   0.43551   0.44147   0.44892   0.45823   0.46970   0.48383   0.50081   0.52112   0.54433   0.57034   0.59896
 78.1250   0.00000  -0.00052  -0.00186  -0.00346  -0.00507  -0.00683  -0.00876  -0.01084  -0.01304  -0.01519  -0.01709  -0.01872  -0.02047  -0.02418  -0.03179  -0.04261  -0.05403  -0.06373  -0.07090  -0.07590  -0.07939  -0.08187  -0.08372  -0.08512  -0.08621  -0.08713  -0.08789  -0.08843  -0.08867  -0.08835  -0.08661  -0.08190  -0.07248  -0.05738  -0.03697  -0.01288   0.01284   0.03834   0.06239   0.08439   0.10422   0.12206   0.13817   0.15284   0.16634   0.17889   0.19067   0.20180   0.21240   0.22254   0.23229   0.24168   0.25075   0.25952   0.26801   0.27623   0.28420   0.29194   0.29951   0.30696   0.31433   0.32169   0.32906   0.33650   0.34405   0.35179   0.35973   0.36784   0.37610   0.38450   0.39298   0.40149   0.40999   0.41842   0.42676   0.43498   0.44310   0.45106   0.45887   0.46656   0.47404   0.48121   0.48808   0.49468   0.50107   0.50724   0.51320   0.51894   0.52447   0.52983   0.53502   0.54000   0.54473   0.54916   0.55329   0.55710   0.56062   0.56389   0.56697   0.56990   0.57270   0.57536   0.57788   0.58023   0.58238   0.58430   0.58598   0.58738   0.58850   0.58934   0.58989   0.59013   0.59004   0.58966   0.58913   0.58845   0.58764   0.58668   0.58558   0.58433   0.58293   0.58137   0.57965   0.57778   0.57578   0.57366   0.57144   0.56914   0.56679   0.56439   0.56198   0.55956   0.55714   0.55475   0.55236   0.54999   0.54762   0.54527   0.54293   0.54060   0.53829   0.53599   0.53372   0.53146   0.52921   0.52697   0.52475   0.52254   0.52035   0.51818   0.51604   0.51390   0.51176   0.50962   0.50747   0.50530   0.50312   0.50093   0.49873   0.49653   0.49433   0.49214   0.48995   0.48777   0.48561   0.48345   0.48131   0.47917   0.47705   0.47493   0.47282   0.47073   0.46866   0.46661   0.46457   0.46254   0.46053   0.45853   0.45654   0.45457   0.45262   0.45068   0.44877   0.44688   0.44501   0.44318   0.44136   0.43958   0.43783   0.43610   0.43439   0.43270   0.43103   0.42938   0.42776   0.42616   0.42462   0.42312   0.42169   0.42032   0.41903   0.41783   0.41671   0.41569   0.41477   0.41396   0.41328   0.41277   0.41240   0.41226   0.41238   0.41278   0.41352   0.41466   0.41627   0.41846   0.42133   0.42504   0.42976   0.43572   0.44318   0.45253   0.46407   0.47835   0.49556   0.51624   0.53996   0.56666   0.59619
 79.3750   0.00000  -0.00049  -0.00181  -0.00339  -0.00499  -0.00674  -0.00865  -0.01071  -0.01285  -0.01494  -0.01679  -0.01834  -0.01987  -0.02275  -0.02915  -0.03928  -0.05079  -0.06116  -0.06912  -0.07475  -0.07867  -0.08144  -0.08348  -0.08505  -0.08628  -0.08729  -0.08816  -0.08887  -0.08934  -0.08951  -0.08912  -0.08727  -0.08232  -0.07257  -0.05731  -0.03716  -0.01374   0.01109   0.03567   0.05884   0.08008   0.09927   0.11657   0.13224   0.14656   0.15979   0.17212   0.18374   0.19476   0.20528   0.21537   0.22510   0.23448   0.24356   0.25235   0.26087   0.26913   0.27716   0.28502   0.29273   0.30037   0.30797   0.31558   0.32323   0.33098   0.33888   0.34696   0.35518   0.36354   0.37201   0.38055   0.38913   0.39770   0.40622   0.41467   0.42303   0.43132   0.43950   0.44755   0.45549   0.46325   0.47070   0.47783   0.48470   0.49132   0.49771   0.50386   0.50976   0.51545   0.52094   0.52624   0.53132   0.53612   0.54063   0.54482   0.54869   0.55225   0.55554   0.55863   0.56155   0.56433   0.56697   0.56946   0.57178   0.57392   0.57585   0.57755   0.57901   0.58021   0.58115   0.58184   0.58229   0.58251   0.58244   0.58213   0.58170   0.58114   0.58043   0.57955   0.57850   0.57727   0.57586   0.57427   0.57251   0.57059   0.56853   0.56635   0.56406   0.56170   0.55927   0.55680   0.55431   0.55182   0.54933   0.54684   0.54436   0.54189   0.53944   0.53700   0.53459   0.53219   0.52982   0.52748   0.52515   0.52283   0.52053   0.51823   0.51594   0.51366   0.51140   0.50916   0.50693   0.50472   0.50251   0.50030   0.49809   0.49589   0.49368   0.49147   0.48926   0.48705   0.48486   0.48267   0.48050   0.47834   0.47620   0.47406   0.47194   0.46982   0.46772   0.46564   0.46357   0.46152   0.45948   0.45746   0.45546   0.45347   0.45149   0.44953   0.44758   0.44566   0.44376   0.44188   0.44002   0.43819   0.43638   0.43461   0.43286   0.43115   0.42946   0.42779   0.42614   0.42451   0.42291   0.42133   0.41978   0.41828   0.41683   0.41545   0.41413   0.41289   0.41172   0.41065   0.40967   0.40878   0.40802   0.40738   0.40690   0.40657   0.40645   0.40661   0.40703   0.40779   0.40895   0.41058   0.41278   0.41566   0.41937   0.42408   0.43005   0.43753   0.44691   0.45851   0.47294   0.49036   0.51142   0.53564   0.56304   0.59353
 80.6250   0.00000  -0.00047  -0.00177  -0.00333  -0.00490  -0.00665  -0.00855  -0.01057  -0.01267  -0.01470  -0.01650  -0.01800  -0.01940  -0.02157  -0.02678  -0.03602  -0.04737  -0.05826  -0.06701  -0.07335  -0.07777  -0.08088  -0.08315  -0.08487  -0.08625  -0.08738  -0.08833  -0.08915  -0.08978  -0.09017  -0.09026  -0.08975  -0.08768  -0.08230  -0.07206  -0.05660  -0.03678  -0.01405   0.00990   0.03355   0.05586   0.07632   0.09486   0.11162   0.12685   0.14083   0.15379   0.16592   0.17738   0.18829   0.19873   0.20877   0.21846   0.22783   0.23691   0.24570   0.25424   0.26255   0.27067   0.27865   0.28654   0.29439   0.30223   0.31010   0.31805   0.32612   0.33434   0.34269   0.35115   0.35971   0.36832   0.37696   0.38559   0.39417   0.40269   0.41115   0.41955   0.42788   0.43612   0.44427   0.45225   0.45995   0.46735   0.47447   0.48134   0.48796   0.49432   0.50043   0.50628   0.51193   0.51736   0.52255   0.52745   0.53205   0.53631   0.54024   0.54386   0.54721   0.55033   0.55326   0.55604   0.55867   0.56113   0.56342   0.56552   0.56743   0.56912   0.57058   0.57181   0.57280   0.57355   0.57410   0.57447   0.57467   0.57462   0.57439   0.57404   0.57355   0.57289   0.57206   0.57103   0.56981   0.56841   0.56682   0.56505   0.56313   0.56106   0.55886   0.55657   0.55418   0.55174   0.54926   0.54674   0.54422   0.54169   0.53916   0.53663   0.53412   0.53162   0.52914   0.52669   0.52426   0.52185   0.51946   0.51708   0.51470   0.51233   0.50995   0.50758   0.50523   0.50290   0.50058   0.49828   0.49600   0.49374   0.49148   0.48923   0.48699   0.48475   0.48252   0.48030   0.47809   0.47590   0.47371   0.47155   0.46939   0.46725   0.46512   0.46301   0.46091   0.45883   0.45676   0.45472   0.45269   0.45068   0.44868   0.44670   0.44473   0.44278   0.44085   0.43895   0.43707   0.43521   0.43337   0.43157   0.42979   0.42804   0.42633   0.42464   0.42297   0.42134   0.41972   0.41813   0.41656   0.41502   0.41351   0.41205   0.41065   0.40931   0.40803   0.40683   0.40571   0.40467   0.40373   0.40288   0.40215   0.40155   0.40111   0.40082   0.40073   0.40091   0.40136   0.40215   0.40333   0.40498   0.40719   0.41008   0.41379   0.41851   0.42448   0.43196   0.44137   0.45304   0.46759   0.48522   0.50664   0.53136   0.55947   0.59095
 81.8750   0.00000  -0.00046  -0.00172  -0.00327  -0.00482  -0.00655  -0.00844  -0.01043  -0.01249  -0.01447  -0.01623  -0.01769  -0.01897  -0.02065  -0.02477  -0.03289  -0.04381  -0.05505  -0.06456  -0.07166  -0.07667  -0.08017  -0.08270  -0.08461  -0.08613  -0.08737  -0.08842  -0.08932  -0.09007  -0.09061  -0.09091  -0.09090  -0.09024  -0.08781  -0.08179  -0.07099  -0.05543  -0.03598  -0.01395   0.00915   0.03190   0.05335   0.07305   0.09093   0.10716   0.12197   0.13562   0.14832   0.16025   0.17156   0.18236   0.19272   0.20271   0.21235   0.22169   0.23075   0.23954   0.24811   0.25649   0.26472   0.27286   0.28094   0.28901   0.29709   0.30524   0.31349   0.32187   0.33035   0.33893   0.34758   0.35628   0.36498   0.37367   0.38230   0.39087   0.39939   0.40786   0.41629   0.42465   0.43295   0.44111   0.44902   0.45665   0.46402   0.47114   0.47799   0.48458   0.49090   0.49695   0.50278   0.50836   0.51367   0.51869   0.52339   0.52774   0.53175   0.53545   0.53886   0.54203   0.54501   0.54781   0.55044   0.55289   0.55515   0.55723   0.55910   0.56076   0.56220   0.56342   0.56442   0.56520   0.56579   0.56622   0.56653   0.56668   0.56663   0.56644   0.56613   0.56567   0.56503   0.56420   0.56319   0.56198   0.56058   0.55901   0.55726   0.55535   0.55331   0.55114   0.54887   0.54651   0.54410   0.54164   0.53915   0.53663   0.53411   0.53158   0.52906   0.52654   0.52404   0.52156   0.51910   0.51666   0.51422   0.51178   0.50935   0.50691   0.50446   0.50202   0.49959   0.49717   0.49478   0.49241   0.49006   0.48774   0.48543   0.48313   0.48085   0.47858   0.47632   0.47407   0.47184   0.46962   0.46742   0.46523   0.46305   0.46090   0.45875   0.45663   0.45452   0.45243   0.45036   0.44831   0.44627   0.44426   0.44225   0.44027   0.43830   0.43635   0.43443   0.43253   0.43066   0.42882   0.42700   0.42521   0.42344   0.42171   0.42001   0.41834   0.41670   0.41508   0.41349   0.41192   0.41038   0.40888   0.40741   0.40598   0.40462   0.40331   0.40207   0.40091   0.39982   0.39882   0.39791   0.39710   0.39641   0.39584   0.39543   0.39518   0.39513   0.39533   0.39581   0.39662   0.39782   0.39949   0.40171   0.40461   0.40832   0.41303   0.41901   0.42649   0.43593   0.44764   0.46230   0.48012   0.50189   0.52710   0.55592   0.58844
 83.1250   0.00000  -0.00044  -0.00168  -0.00321  -0.00474  -0.00646  -0.00833  -0.01030  -0.01231  -0.01425  -0.01597  -0.01739  -0.01859  -0.01995  -0.02310  -0.02997  -0.04022  -0.05157  -0.06175  -0.06966  -0.07532  -0.07930  -0.08213  -0.08425  -0.08592  -0.08730  -0.08845  -0.08943  -0.09026  -0.09093  -0.09136  -0.09155  -0.09144  -0.09057  -0.08759  -0.08080  -0.06949  -0.05393  -0.03489  -0.01351   0.00876   0.03064   0.05125   0.07020   0.08745   0.10317   0.11757   0.13089   0.14335   0.15509   0.16626   0.17695   0.18722   0.19714   0.20673   0.21604   0.22507   0.23388   0.24250   0.25097   0.25933   0.26764   0.27593   0.28422   0.29256   0.30099   0.30952   0.31815   0.32685   0.33561   0.34440   0.35318   0.36193   0.37062   0.37923   0.38779   0.39631   0.40480   0.41324   0.42164   0.42992   0.43798   0.44580   0.45339   0.46072   0.46781   0.47463   0.48117   0.48743   0.49345   0.49920   0.50467   0.50982   0.51463   0.51909   0.52320   0.52698   0.53047   0.53371   0.53674   0.53958   0.54223   0.54470   0.54696   0.54903   0.55088   0.55251   0.55393   0.55513   0.55611   0.55689   0.55749   0.55793   0.55825   0.55848   0.55857   0.55850   0.55831   0.55799   0.55751   0.55685   0.55602   0.55500   0.55380   0.55241   0.55085   0.54913   0.54726   0.54525   0.54313   0.54091   0.53862   0.53627   0.53387   0.53143   0.52897   0.52649   0.52401   0.52153   0.51905   0.51658   0.51412   0.51166   0.50920   0.50674   0.50427   0.50179   0.49930   0.49681   0.49433   0.49186   0.48941   0.48699   0.48459   0.48221   0.47985   0.47751   0.47519   0.47289   0.47060   0.46832   0.46606   0.46382   0.46158   0.45937   0.45717   0.45499   0.45282   0.45067   0.44855   0.44644   0.44436   0.44229   0.44024   0.43821   0.43619   0.43419   0.43222   0.43027   0.42834   0.42644   0.42457   0.42273   0.42091   0.41913   0.41738   0.41565   0.41396   0.41230   0.41066   0.40906   0.40748   0.40594   0.40442   0.40294   0.40150   0.40010   0.39877   0.39749   0.39629   0.39515   0.39410   0.39313   0.39225   0.39147   0.39080   0.39027   0.38989   0.38967   0.38966   0.38989   0.39040   0.39123   0.39245   0.39413   0.39636   0.39925   0.40297   0.40768   0.41365   0.42113   0.43057   0.44231   0.45707   0.47505   0.49715   0.52283   0.55239   0.58599
 84.3750   0.00000  -0.00042  -0.00164  -0.00315  -0.00466  -0.00636  -0.00822  -0.01017  -0.01214  -0.01403  -0.01572  -0.01711  -0.01825  -0.01945  -0.02175  -0.02732  -0.03669  -0.04786  -0.05858  -0.06730  -0.07371  -0.07822  -0.08142  -0.08378  -0.08561  -0.08711  -0.08838  -0.08947  -0.09038  -0.09114  -0.09170  -0.09203  -0.09212  -0.09187  -0.09068  -0.08698  -0.07937  -0.06770  -0.05223  -0.03356  -0.01281   0.00867   0.02970   0.04949   0.06772   0.08437   0.09959   0.11361   0.12663   0.13885   0.15041   0.16144   0.17201   0.18220   0.19204   0.20158   0.21084   0.21987   0.22871   0.23740   0.24598   0.25451   0.26300   0.27149   0.28001   0.28861   0.29730   0.30608   0.31491   0.32378   0.33267   0.34154   0.35037   0.35912   0.36778   0.37637   0.38493   0.39345   0.40193   0.41038   0.41874   0.42691   0.43488   0.44262   0.45015   0.45744   0.46448   0.47123   0.47772   0.48394   0.48988   0.49551   0.50081   0.50576   0.51034   0.51456   0.51844   0.52202   0.52534   0.52844   0.53133   0.53403   0.53652   0.53881   0.54089   0.54275   0.54437   0.54577   0.54695   0.54792   0.54868   0.54926   0.54969   0.55000   0.55022   0.55036   0.55037   0.55025   0.55002   0.54965   0.54912   0.54843   0.54756   0.54652   0.54530   0.54392   0.54237   0.54068   0.53884   0.53689   0.53483   0.53269   0.53048   0.52821   0.52589   0.52354   0.52116   0.51876   0.51635   0.51393   0.51151   0.50908   0.50665   0.50421   0.50175   0.49928   0.49680   0.49430   0.49179   0.48929   0.48680   0.48433   0.48188   0.47944   0.47703   0.47464   0.47227   0.46992   0.46759   0.46527   0.46297   0.46068   0.45841   0.45615   0.45391   0.45168   0.44947   0.44728   0.44512   0.44297   0.44084   0.43873   0.43664   0.43457   0.43252   0.43048   0.42847   0.42648   0.42452   0.42258   0.42068   0.41880   0.41696   0.41514   0.41335   0.41160   0.40987   0.40818   0.40652   0.40489   0.40329   0.40172   0.40019   0.39868   0.39722   0.39580   0.39444   0.39312   0.39187   0.39069   0.38958   0.38855   0.38761   0.38676   0.38601   0.38537   0.38487   0.38449   0.38431   0.38437   0.38462   0.38514   0.38599   0.38722   0.38891   0.39114   0.39404   0.39775   0.40245   0.40840   0.41587   0.42531   0.43706   0.45188   0.46999   0.49240   0.51854   0.54885   0.58358
 85.6250   0.00000  -0.00041  -0.00161  -0.00309  -0.00458  -0.00627  -0.00812  -0.01004  -0.01198  -0.01383  -0.01548  -0.01685  -0.01796  -0.01903  -0.02071  -0.02506  -0.03331  -0.04403  -0.05506  -0.06455  -0.07177  -0.07692  -0.08055  -0.08320  -0.08523  -0.08685  -0.08822  -0.08942  -0.09043  -0.09127  -0.09194  -0.09240  -0.09262  -0.09262  -0.09223  -0.09051  -0.08587  -0.07761  -0.06575  -0.05037  -0.03205  -0.01190   0.00882   0.02903   0.04805   0.06559   0.08166   0.09642   0.11007   0.12281   0.13480   0.14618   0.15706   0.16752   0.17761   0.18738   0.19686   0.20611   0.21515   0.22404   0.23283   0.24154   0.25023   0.25890   0.26761   0.27637   0.28522   0.29413   0.30309   0.31209   0.32108   0.33005   0.33896   0.34778   0.35650   0.36514   0.37372   0.38227   0.39077   0.39925   0.40764   0.41588   0.42394   0.43180   0.43948   0.44694   0.45416   0.46112   0.46781   0.47423   0.48037   0.48618   0.49165   0.49675   0.50147   0.50581   0.50981   0.51349   0.51690   0.52007   0.52303   0.52579   0.52834   0.53067   0.53278   0.53466   0.53630   0.53771   0.53888   0.53983   0.54057   0.54114   0.54155   0.54184   0.54204   0.54216   0.54218   0.54210   0.54191   0.54160   0.54116   0.54056   0.53980   0.53888   0.53779   0.53655   0.53516   0.53362   0.53194   0.53015   0.52826   0.52628   0.52422   0.52210   0.51992   0.51770   0.51545   0.51316   0.51085   0.50852   0.50618   0.50382   0.50144   0.49905   0.49664   0.49421   0.49175   0.48929   0.48681   0.48433   0.48185   0.47938   0.47692   0.47448   0.47206   0.46965   0.46727   0.46490   0.46256   0.46023   0.45791   0.45560   0.45331   0.45103   0.44876   0.44652   0.44429   0.44208   0.43989   0.43772   0.43557   0.43344   0.43133   0.42924   0.42716   0.42511   0.42308   0.42107   0.41910   0.41715   0.41523   0.41334   0.41149   0.40966   0.40787   0.40610   0.40437   0.40267   0.40101   0.39937   0.39777   0.39621   0.39468   0.39319   0.39174   0.39034   0.38899   0.38770   0.38646   0.38530   0.38421   0.38320   0.38228   0.38145   0.38073   0.38012   0.37965   0.37929   0.37914   0.37922   0.37949   0.38003   0.38089   0.38213   0.38383   0.38607   0.38896   0.39266   0.39734   0.40327   0.41071   0.42012   0.43185   0.44672   0.46492   0.48762   0.51420   0.54527   0.58120
 86.8750   0.00000  -0.00040  -0.00157  -0.00303  -0.00450  -0.00618  -0.00801  -0.00991  -0.01181  -0.01363  -0.01525  -0.01661  -0.01770  -0.01867  -0.01993  -0.02321  -0.03018  -0.04018  -0.05125  -0.06140  -0.06947  -0.07535  -0.07950  -0.08249  -0.08474  -0.08653  -0.08801  -0.08928  -0.09040  -0.09134  -0.09210  -0.09268  -0.09302  -0.09315  -0.09306  -0.09241  -0.08989  -0.08438  -0.07569  -0.06368  -0.04837  -0.03039  -0.01082   0.00917   0.02861   0.04688   0.06377   0.07931   0.09363   0.10693   0.11939   0.13116   0.14237   0.15311   0.16344   0.17344   0.18314   0.19258   0.20182   0.21091   0.21988   0.22877   0.23763   0.24649   0.25536   0.26428   0.27327   0.28232   0.29141   0.30052   0.30962   0.31869   0.32769   0.33659   0.34538   0.35408   0.36270   0.37126   0.37979   0.38827   0.39668   0.40495   0.41305   0.42100   0.42877   0.43636   0.44373   0.45086   0.45774   0.46435   0.47068   0.47668   0.48233   0.48759   0.49246   0.49695   0.50107   0.50486   0.50837   0.51163   0.51468   0.51750   0.52012   0.52251   0.52468   0.52660   0.52827   0.52969   0.53087   0.53182   0.53256   0.53312   0.53352   0.53379   0.53396   0.53405   0.53405   0.53397   0.53379   0.53351   0.53310   0.53255   0.53185   0.53101   0.53001   0.52887   0.52759   0.52618   0.52464   0.52299   0.52124   0.51941   0.51750   0.51553   0.51350   0.51142   0.50929   0.50713   0.50494   0.50272   0.50047   0.49821   0.49592   0.49361   0.49127   0.48891   0.48652   0.48412   0.48170   0.47927   0.47684   0.47441   0.47198   0.46956   0.46715   0.46476   0.46238   0.46002   0.45767   0.45534   0.45302   0.45071   0.44841   0.44612   0.44385   0.44159   0.43935   0.43713   0.43492   0.43274   0.43057   0.42843   0.42630   0.42418   0.42209   0.42002   0.41797   0.41595   0.41396   0.41200   0.41007   0.40817   0.40630   0.40447   0.40266   0.40088   0.39914   0.39743   0.39576   0.39412   0.39252   0.39095   0.38943   0.38794   0.38650   0.38511   0.38377   0.38249   0.38127   0.38012   0.37904   0.37805   0.37715   0.37634   0.37564   0.37505   0.37460   0.37428   0.37415   0.37424   0.37452   0.37508   0.37595   0.37720   0.37889   0.38113   0.38402   0.38770   0.39236   0.39825   0.40564   0.41501   0.42669   0.44156   0.45983   0.48279   0.50979   0.54164   0.57884
 88.1250   0.00000  -0.00038  -0.00154  -0.00298  -0.00442  -0.00609  -0.00790  -0.00978  -0.01166  -0.01344  -0.01504  -0.01638  -0.01745  -0.01837  -0.01939  -0.02174  -0.02736  -0.03643  -0.04724  -0.05786  -0.06677  -0.07347  -0.07823  -0.08162  -0.08414  -0.08611  -0.08772  -0.08910  -0.09029  -0.09133  -0.09219  -0.09287  -0.09334  -0.09358  -0.09363  -0.09343  -0.09225  -0.08881  -0.08265  -0.07367  -0.06150  -0.04626  -0.02861  -0.00960   0.00970   0.02839   0.04597   0.06225   0.07727   0.09118   0.10415   0.11635   0.12791   0.13894   0.14954   0.15976   0.16967   0.17931   0.18874   0.19800   0.20714   0.21621   0.22523   0.23424   0.24327   0.25234   0.26146   0.27064   0.27985   0.28908   0.29829   0.30746   0.31655   0.32554   0.33441   0.34317   0.35184   0.36044   0.36898   0.37747   0.38587   0.39415   0.40228   0.41026   0.41810   0.42577   0.43325   0.44052   0.44755   0.45433   0.46084   0.46702   0.47284   0.47827   0.48330   0.48794   0.49220   0.49612   0.49974   0.50311   0.50624   0.50916   0.51185   0.51431   0.51654   0.51851   0.52023   0.52169   0.52289   0.52386   0.52461   0.52517   0.52557   0.52584   0.52601   0.52607   0.52604   0.52594   0.52575   0.52545   0.52505   0.52452   0.52385   0.52304   0.52210   0.52102   0.51982   0.51850   0.51706   0.51552   0.51389   0.51218   0.51040   0.50856   0.50666   0.50471   0.50271   0.50067   0.49860   0.49649   0.49436   0.49220   0.49001   0.48780   0.48556   0.48330   0.48101   0.47870   0.47637   0.47402   0.47166   0.46929   0.46692   0.46454   0.46217   0.45981   0.45746   0.45513   0.45280   0.45048   0.44818   0.44588   0.44359   0.44131   0.43905   0.43679   0.43455   0.43233   0.43012   0.42793   0.42576   0.42361   0.42147   0.41934   0.41724   0.41516   0.41310   0.41107   0.40907   0.40709   0.40515   0.40324   0.40136   0.39951   0.39769   0.39591   0.39415   0.39243   0.39075   0.38910   0.38750   0.38593   0.38440   0.38292   0.38148   0.38010   0.37877   0.37749   0.37628   0.37514   0.37408   0.37310   0.37221   0.37142   0.37074   0.37017   0.36974   0.36944   0.36933   0.36942   0.36972   0.37028   0.37116   0.37241   0.37411   0.37634   0.37920   0.38287   0.38748   0.39333   0.40065   0.40995   0.42155   0.43640   0.45469   0.47788   0.50528   0.53795   0.57650
 89.3750   0.00000  -0.00037  -0.00151  -0.00292  -0.00434  -0.00600  -0.00780  -0.00966  -0.01151  -0.01326  -0.01483  -0.01616  -0.01723  -0.01811  -0.01900  -0.02062  -0.02496  -0.03290  -0.04314  -0.05397  -0.06365  -0.07122  -0.07670  -0.08058  -0.08342  -0.08560  -0.08737  -0.08885  -0.09013  -0.09126  -0.09222  -0.09299  -0.09357  -0.09393  -0.09410  -0.09408  -0.09363  -0.09163  -0.08737  -0.08082  -0.07154  -0.05922  -0.04405  -0.02673  -0.00825   0.01038   0.02837   0.04530   0.06100   0.07555   0.08906   0.10172   0.11366   0.12501   0.13588   0.14634   0.15646   0.16629   0.17590   0.18533   0.19463   0.20386   0.21303   0.22219   0.23135   0.24055   0.24981   0.25910   0.26843   0.27777   0.28708   0.29635   0.30554   0.31462   0.32357   0.33240   0.34112   0.34977   0.35834   0.36684   0.37524   0.38352   0.39165   0.39964   0.40751   0.41522   0.42278   0.43014   0.43729   0.44421   0.45086   0.45720   0.46319   0.46879   0.47399   0.47878   0.48319   0.48725   0.49101   0.49449   0.49773   0.50073   0.50351   0.50605   0.50834   0.51038   0.51215   0.51366   0.51491   0.51591   0.51669   0.51727   0.51769   0.51797   0.51814   0.51820   0.51816   0.51803   0.51782   0.51751   0.51709   0.51654   0.51587   0.51508   0.51416   0.51312   0.51196   0.51069   0.50932   0.50786   0.50632   0.50471   0.50303   0.50129   0.49950   0.49766   0.49577   0.49384   0.49187   0.48988   0.48785   0.48580   0.48373   0.48163   0.47950   0.47735   0.47517   0.47296   0.47073   0.46848   0.46621   0.46393   0.46163   0.45933   0.45702   0.45472   0.45242   0.45012   0.44784   0.44556   0.44329   0.44102   0.43876   0.43651   0.43427   0.43203   0.42981   0.42760   0.42541   0.42322   0.42106   0.41890   0.41677   0.41465   0.41254   0.41046   0.40840   0.40636   0.40436   0.40238   0.40043   0.39851   0.39662   0.39477   0.39294   0.39114   0.38938   0.38765   0.38596   0.38430   0.38269   0.38112   0.37959   0.37811   0.37668   0.37529   0.37396   0.37270   0.37149   0.37036   0.36931   0.36834   0.36747   0.36669   0.36603   0.36547   0.36506   0.36477   0.36467   0.36477   0.36507   0.36564   0.36652   0.36777   0.36945   0.37167   0.37452   0.37815   0.38271   0.38849   0.39572   0.40492   0.41642   0.43120   0.44947   0.47288   0.50066   0.53418   0.57418
 90.6250   0.00000  -0.00036  -0.00147  -0.00287  -0.00427  -0.00591  -0.00770  -0.00954  -0.01136  -0.01309  -0.01464  -0.01596  -0.01702  -0.01789  -0.01868  -0.01980  -0.02302  -0.02968  -0.03910  -0.04982  -0.06009  -0.06857  -0.07486  -0.07934  -0.08256  -0.08499  -0.08693  -0.08853  -0.08990  -0.09111  -0.09217  -0.09305  -0.09373  -0.09422  -0.09449  -0.09458  -0.09446  -0.09340  -0.09055  -0.08578  -0.07888  -0.06931  -0.05685  -0.04176  -0.02476  -0.00680   0.01119   0.02853   0.04484   0.06001   0.07410   0.08725   0.09960   0.11130   0.12245   0.13316   0.14349   0.15352   0.16330   0.17290   0.18236   0.19172   0.20103   0.21032   0.21962   0.22894   0.23831   0.24772   0.25715   0.26659   0.27600   0.28537   0.29465   0.30382   0.31285   0.32176   0.33055   0.33925   0.34785   0.35637   0.36478   0.37305   0.38118   0.38917   0.39704   0.40478   0.41237   0.41979   0.42702   0.43404   0.44081   0.44728   0.45341   0.45917   0.46452   0.46948   0.47405   0.47826   0.48215   0.48576   0.48911   0.49222   0.49509   0.49771   0.50008   0.50219   0.50403   0.50559   0.50689   0.50794   0.50876   0.50938   0.50983   0.51014   0.51034   0.51041   0.51037   0.51024   0.51001   0.50968   0.50924   0.50868   0.50799   0.50719   0.50627   0.50524   0.50410   0.50287   0.50154   0.50013   0.49864   0.49710   0.49549   0.49383   0.49212   0.49036   0.48856   0.48672   0.48485   0.48295   0.48102   0.47908   0.47711   0.47512   0.47310   0.47106   0.46899   0.46690   0.46478   0.46263   0.46046   0.45828   0.45607   0.45385   0.45162   0.44939   0.44716   0.44492   0.44270   0.44048   0.43826   0.43604   0.43383   0.43162   0.42942   0.42722   0.42503   0.42285   0.42068   0.41852   0.41638   0.41424   0.41212   0.41002   0.40793   0.40585   0.40380   0.40177   0.39977   0.39779   0.39584   0.39393   0.39204   0.39017   0.38834   0.38654   0.38477   0.38304   0.38134   0.37969   0.37807   0.37650   0.37497   0.37349   0.37205   0.37067   0.36935   0.36808   0.36689   0.36577   0.36472   0.36377   0.36290   0.36214   0.36148   0.36094   0.36053   0.36025   0.36015   0.36026   0.36056   0.36113   0.36201   0.36325   0.36493   0.36713   0.36994   0.37353   0.37803   0.38372   0.39084   0.39992   0.41127   0.42595   0.44417   0.46775   0.49591   0.53032   0.57187
 91.8750   0.00000  -0.00035  -0.00144  -0.00281  -0.00419  -0.00582  -0.00760  -0.00942  -0.01122  -0.01292  -0.01445  -0.01577  -0.01683  -0.01769  -0.01842  -0.01925  -0.02152  -0.02685  -0.03524  -0.04554  -0.05615  -0.06547  -0.07267  -0.07784  -0.08153  -0.08427  -0.08640  -0.08815  -0.08962  -0.09090  -0.09203  -0.09302  -0.09382  -0.09442  -0.09481  -0.09500  -0.09502  -0.09456  -0.09273  -0.08922  -0.08409  -0.07684  -0.06699  -0.05440  -0.03940  -0.02272  -0.00526   0.01214   0.02886   0.04459   0.05926   0.07292   0.08572   0.09778   0.10925   0.12021   0.13077   0.14099   0.15095   0.16070   0.17031   0.17981   0.18925   0.19866   0.20808   0.21751   0.22698   0.23649   0.24602   0.25555   0.26505   0.27451   0.28388   0.29313   0.30225   0.31124   0.32010   0.32886   0.33751   0.34606   0.35448   0.36276   0.37088   0.37887   0.38673   0.39447   0.40206   0.40951   0.41678   0.42387   0.43072   0.43729   0.44354   0.44943   0.45493   0.46004   0.46476   0.46912   0.47316   0.47690   0.48038   0.48360   0.48657   0.48929   0.49174   0.49393   0.49583   0.49746   0.49882   0.49993   0.50081   0.50148   0.50198   0.50233   0.50256   0.50267   0.50265   0.50252   0.50229   0.50196   0.50150   0.50093   0.50023   0.49942   0.49849   0.49746   0.49632   0.49510   0.49379   0.49240   0.49095   0.48945   0.48789   0.48628   0.48462   0.48292   0.48119   0.47942   0.47762   0.47580   0.47396   0.47211   0.47024   0.46834   0.46643   0.46449   0.46253   0.46054   0.45852   0.45648   0.45441   0.45232   0.45021   0.44808   0.44594   0.44379   0.44164   0.43948   0.43733   0.43518   0.43303   0.43088   0.42873   0.42658   0.42443   0.42229   0.42015   0.41801   0.41588   0.41376   0.41165   0.40955   0.40746   0.40539   0.40332   0.40127   0.39924   0.39723   0.39524   0.39328   0.39134   0.38943   0.38755   0.38569   0.38386   0.38206   0.38030   0.37857   0.37687   0.37522   0.37360   0.37203   0.37050   0.36902   0.36759   0.36621   0.36489   0.36363   0.36244   0.36133   0.36029   0.35934   0.35849   0.35773   0.35708   0.35655   0.35614   0.35587   0.35578   0.35588   0.35618   0.35675   0.35762   0.35886   0.36052   0.36269   0.36546   0.36899   0.37341   0.37900   0.38599   0.39492   0.40609   0.42064   0.43876   0.46250   0.49102   0.52637   0.56957
 93.1250   0.00000  -0.00034  -0.00141  -0.00276  -0.00412  -0.00573  -0.00750  -0.00930  -0.01108  -0.01276  -0.01428  -0.01559  -0.01666  -0.01752  -0.01820  -0.01890  -0.02041  -0.02447  -0.03170  -0.04126  -0.05191  -0.06193  -0.07007  -0.07606  -0.08031  -0.08341  -0.08578  -0.08769  -0.08928  -0.09065  -0.09185  -0.09292  -0.09383  -0.09455  -0.09506  -0.09537  -0.09548  -0.09536  -0.09424  -0.09164  -0.08777  -0.08230  -0.07470  -0.06458  -0.05187  -0.03697  -0.02060  -0.00362   0.01321   0.02934   0.04453   0.05872   0.07198   0.08444   0.09624   0.10748   0.11827   0.12870   0.13883   0.14874   0.15849   0.16812   0.17769   0.18721   0.19673   0.20626   0.21583   0.22543   0.23504   0.24465   0.25424   0.26378   0.27323   0.28257   0.29177   0.30084   0.30977   0.31859   0.32729   0.33588   0.34433   0.35262   0.36075   0.36873   0.37658   0.38431   0.39190   0.39934   0.40664   0.41375   0.42065   0.42729   0.43363   0.43963   0.44525   0.45049   0.45535   0.45986   0.46404   0.46792   0.47152   0.47487   0.47795   0.48077   0.48331   0.48558   0.48756   0.48927   0.49070   0.49187   0.49282   0.49355   0.49411   0.49451   0.49479   0.49495   0.49495   0.49485   0.49464   0.49431   0.49385   0.49328   0.49257   0.49176   0.49082   0.48978   0.48865   0.48742   0.48612   0.48475   0.48332   0.48183   0.48030   0.47872   0.47710   0.47544   0.47375   0.47204   0.47030   0.46854   0.46677   0.46499   0.46319   0.46138   0.45955   0.45770   0.45583   0.45393   0.45201   0.45006   0.44809   0.44610   0.44408   0.44204   0.43999   0.43793   0.43586   0.43379   0.43172   0.42964   0.42757   0.42550   0.42342   0.42134   0.41926   0.41718   0.41510   0.41303   0.41095   0.40889   0.40683   0.40478   0.40273   0.40070   0.39867   0.39666   0.39466   0.39267   0.39071   0.38877   0.38686   0.38497   0.38310   0.38126   0.37944   0.37766   0.37590   0.37418   0.37250   0.37085   0.36924   0.36767   0.36615   0.36467   0.36324   0.36187   0.36056   0.35931   0.35813   0.35702   0.35600   0.35506   0.35421   0.35346   0.35281   0.35228   0.35188   0.35161   0.35152   0.35162   0.35192   0.35249   0.35335   0.35457   0.35620   0.35834   0.36107   0.36453   0.36885   0.37432   0.38115   0.38990   0.40087   0.41524   0.43323   0.45710   0.48596   0.52231   0.56729
 94.3750   0.00000  -0.00032  -0.00139  -0.00271  -0.00404  -0.00565  -0.00741  -0.00919  -0.01094  -0.01261  -0.01411  -0.01542  -0.01650  -0.01736  -0.01803  -0.01863  -0.01962  -0.02259  -0.02857  -0.03714  -0.04748  -0.05796  -0.06702  -0.07393  -0.07886  -0.08240  -0.08505  -0.08715  -0.08888  -0.09034  -0.09162  -0.09277  -0.09378  -0.09461  -0.09524  -0.09566  -0.09588  -0.09593  -0.09533  -0.09345  -0.09040  -0.08621  -0.08040  -0.07247  -0.06208  -0.04927  -0.03447  -0.01842  -0.00190   0.01438   0.02997   0.04464   0.05838   0.07126   0.08341   0.09495   0.10599   0.11662   0.12694   0.13701   0.14690   0.15666   0.16634   0.17597   0.18558   0.19521   0.20486   0.21453   0.22422   0.23391   0.24358   0.25319   0.26272   0.27213   0.28141   0.29055   0.29956   0.30844   0.31720   0.32583   0.33431   0.34262   0.35076   0.35875   0.36659   0.37431   0.38188   0.38932   0.39661   0.40373   0.41065   0.41733   0.42372   0.42979   0.43551   0.44086   0.44585   0.45049   0.45480   0.45882   0.46255   0.46602   0.46921   0.47214   0.47478   0.47714   0.47921   0.48100   0.48251   0.48376   0.48477   0.48558   0.48620   0.48666   0.48700   0.48721   0.48726   0.48719   0.48700   0.48669   0.48626   0.48570   0.48500   0.48419   0.48326   0.48222   0.48108   0.47986   0.47856   0.47720   0.47577   0.47429   0.47277   0.47121   0.46961   0.46798   0.46632   0.46465   0.46295   0.46124   0.45952   0.45779   0.45606   0.45431   0.45255   0.45077   0.44897   0.44715   0.44531   0.44344   0.44156   0.43965   0.43772   0.43577   0.43380   0.43183   0.42984   0.42785   0.42587   0.42388   0.42189   0.41989   0.41790   0.41590   0.41389   0.41188   0.40987   0.40786   0.40586   0.40386   0.40186   0.39987   0.39788   0.39590   0.39392   0.39196   0.39000   0.38806   0.38614   0.38423   0.38235   0.38049   0.37865   0.37683   0.37504   0.37328   0.37154   0.36984   0.36817   0.36654   0.36494   0.36338   0.36187   0.36040   0.35899   0.35763   0.35632   0.35509   0.35392   0.35282   0.35180   0.35087   0.35003   0.34929   0.34865   0.34812   0.34773   0.34746   0.34736   0.34746   0.34776   0.34831   0.34916   0.35036   0.35197   0.35407   0.35673   0.36011   0.36433   0.36966   0.37631   0.38485   0.39558   0.40975   0.42756   0.45155   0.48073   0.51814   0.56503
 95.6250   0.00000  -0.00031  -0.00136  -0.00266  -0.00397  -0.00557  -0.00731  -0.00908  -0.01082  -0.01246  -0.01396  -0.01526  -0.01635  -0.01722  -0.01789  -0.01843  -0.01910  -0.02118  -0.02590  -0.03335  -0.04302  -0.05365  -0.06350  -0.07139  -0.07712  -0.08120  -0.08420  -0.08652  -0.08840  -0.08998  -0.09134  -0.09255  -0.09364  -0.09458  -0.09534  -0.09589  -0.09622  -0.09636  -0.09614  -0.09486  -0.09239  -0.08905  -0.08454  -0.07839  -0.07013  -0.05949  -0.04659  -0.03192  -0.01617  -0.00011   0.01566   0.03072   0.04491   0.05823   0.07075   0.08261   0.09391   0.10477   0.11527   0.12550   0.13553   0.14541   0.15520   0.16493   0.17464   0.18434   0.19407   0.20382   0.21357   0.22333   0.23306   0.24273   0.25233   0.26181   0.27117   0.28038   0.28946   0.29840   0.30722   0.31590   0.32441   0.33276   0.34092   0.34892   0.35676   0.36446   0.37203   0.37945   0.38672   0.39383   0.40075   0.40744   0.41386   0.41998   0.42576   0.43120   0.43629   0.44104   0.44547   0.44961   0.45347   0.45706   0.46037   0.46340   0.46615   0.46861   0.47077   0.47265   0.47424   0.47557   0.47667   0.47755   0.47825   0.47878   0.47916   0.47944   0.47956   0.47952   0.47937   0.47910   0.47869   0.47816   0.47749   0.47669   0.47577   0.47475   0.47362   0.47241   0.47111   0.46975   0.46833   0.46686   0.46534   0.46379   0.46221   0.46060   0.45896   0.45731   0.45564   0.45396   0.45228   0.45059   0.44890   0.44720   0.44549   0.44377   0.44203   0.44027   0.43849   0.43669   0.43487   0.43304   0.43118   0.42931   0.42742   0.42553   0.42363   0.42172   0.41981   0.41791   0.41600   0.41408   0.41217   0.41024   0.40832   0.40639   0.40445   0.40252   0.40059   0.39866   0.39673   0.39481   0.39288   0.39096   0.38905   0.38714   0.38524   0.38335   0.38147   0.37961   0.37777   0.37595   0.37415   0.37237   0.37062   0.36889   0.36718   0.36550   0.36386   0.36224   0.36067   0.35913   0.35763   0.35618   0.35478   0.35344   0.35215   0.35093   0.34978   0.34869   0.34769   0.34677   0.34594   0.34520   0.34456   0.34404   0.34365   0.34338   0.34328   0.34338   0.34367   0.34422   0.34505   0.34622   0.34780   0.34984   0.35244   0.35573   0.35983   0.36500   0.37146   0.37977   0.39023   0.40415   0.42175   0.44583   0.47531   0.51385   0.56280
 96.8750   0.00000  -0.00030  -0.00133  -0.00261  -0.00390  -0.00549  -0.00722  -0.00898  -0.01069  -0.01232  -0.01381  -0.01511  -0.01621  -0.01710  -0.01777  -0.01827  -0.01880  -0.02017  -0.02372  -0.02998  -0.03871  -0.04912  -0.05954  -0.06839  -0.07505  -0.07978  -0.08320  -0.08579  -0.08785  -0.08955  -0.09101  -0.09229  -0.09346  -0.09451  -0.09538  -0.09604  -0.09649  -0.09673  -0.09674  -0.09595  -0.09399  -0.09120  -0.08759  -0.08277  -0.07628  -0.06768  -0.05681  -0.04385  -0.02931  -0.01388   0.00175   0.01702   0.03158   0.04532   0.05824   0.07044   0.08202   0.09311   0.10381   0.11420   0.12437   0.13438   0.14428   0.15410   0.16389   0.17368   0.18347   0.19328   0.20310   0.21291   0.22269   0.23243   0.24208   0.25163   0.26105   0.27033   0.27947   0.28848   0.29735   0.30608   0.31464   0.32301   0.33121   0.33922   0.34707   0.35478   0.36233   0.36973   0.37699   0.38408   0.39098   0.39767   0.40409   0.41023   0.41605   0.42154   0.42670   0.43154   0.43608   0.44032   0.44430   0.44799   0.45142   0.45457   0.45742   0.45998   0.46224   0.46421   0.46590   0.46732   0.46850   0.46946   0.47023   0.47084   0.47128   0.47162   0.47182   0.47183   0.47172   0.47149   0.47113   0.47063   0.46999   0.46923   0.46834   0.46734   0.46623   0.46503   0.46375   0.46240   0.46099   0.45953   0.45802   0.45648   0.45491   0.45331   0.45169   0.45005   0.44841   0.44675   0.44510   0.44344   0.44178   0.44011   0.43844   0.43675   0.43505   0.43334   0.43161   0.42987   0.42811   0.42633   0.42454   0.42273   0.42092   0.41909   0.41727   0.41544   0.41360   0.41177   0.40994   0.40810   0.40626   0.40442   0.40256   0.40071   0.39886   0.39700   0.39514   0.39329   0.39143   0.38958   0.38773   0.38588   0.38403   0.38218   0.38035   0.37852   0.37670   0.37489   0.37311   0.37133   0.36958   0.36785   0.36613   0.36444   0.36278   0.36113   0.35952   0.35794   0.35639   0.35487   0.35340   0.35198   0.35060   0.34928   0.34801   0.34681   0.34567   0.34461   0.34362   0.34271   0.34189   0.34116   0.34053   0.34001   0.33962   0.33936   0.33926   0.33935   0.33964   0.34017   0.34099   0.34213   0.34366   0.34565   0.34818   0.35136   0.35533   0.36033   0.36657   0.37463   0.38479   0.39845   0.41580   0.43993   0.46969   0.50944   0.56058
 98.1250   0.00000  -0.00030  -0.00130  -0.00256  -0.00383  -0.00541  -0.00713  -0.00888  -0.01058  -0.01219  -0.01367  -0.01498  -0.01608  -0.01699  -0.01767  -0.01816  -0.01860  -0.01948  -0.02205  -0.02710  -0.03472  -0.04454  -0.05520  -0.06493  -0.07257  -0.07809  -0.08202  -0.08493  -0.08721  -0.08906  -0.09062  -0.09199  -0.09322  -0.09434  -0.09533  -0.09613  -0.09670  -0.09704  -0.09719  -0.09681  -0.09534  -0.09293  -0.08990  -0.08603  -0.08090  -0.07405  -0.06512  -0.05404  -0.04104  -0.02665  -0.01154   0.00366   0.01845   0.03255   0.04586   0.05842   0.07030   0.08164   0.09255   0.10311   0.11343   0.12356   0.13356   0.14348   0.15335   0.16321   0.17306   0.18293   0.19279   0.20265   0.21249   0.22227   0.23198   0.24158   0.25106   0.26040   0.26960   0.27867   0.28759   0.29637   0.30497   0.31339   0.32161   0.32965   0.33752   0.34523   0.35278   0.36017   0.36741   0.37448   0.38136   0.38802   0.39444   0.40057   0.40641   0.41193   0.41714   0.42204   0.42665   0.43099   0.43505   0.43885   0.44238   0.44563   0.44859   0.45126   0.45362   0.45569   0.45747   0.45898   0.46025   0.46130   0.46215   0.46283   0.46335   0.46375   0.46402   0.46411   0.46405   0.46387   0.46355   0.46309   0.46250   0.46178   0.46092   0.45996   0.45888   0.45771   0.45646   0.45513   0.45374   0.45229   0.45080   0.44927   0.44771   0.44613   0.44452   0.44290   0.44127   0.43964   0.43800   0.43636   0.43472   0.43307   0.43142   0.42977   0.42810   0.42642   0.42473   0.42303   0.42131   0.41959   0.41785   0.41610   0.41434   0.41258   0.41082   0.40905   0.40729   0.40552   0.40376   0.40199   0.40022   0.39845   0.39667   0.39489   0.39311   0.39133   0.38954   0.38776   0.38599   0.38421   0.38243   0.38065   0.37887   0.37709   0.37532   0.37355   0.37180   0.37005   0.36832   0.36661   0.36491   0.36323   0.36157   0.35993   0.35830   0.35670   0.35513   0.35358   0.35207   0.35059   0.34915   0.34776   0.34641   0.34512   0.34388   0.34270   0.34158   0.34053   0.33956   0.33867   0.33786   0.33714   0.33653   0.33602   0.33563   0.33537   0.33527   0.33536   0.33564   0.33616   0.33695   0.33807   0.33955   0.34148   0.34392   0.34699   0.35081   0.35563   0.36164   0.36943   0.37927   0.39263   0.40969   0.43384   0.46384   0.50489   0.55838
 99.3750   0.00000  -0.00029  -0.00128  -0.00251  -0.00376  -0.00533  -0.00705  -0.00878  -0.01046  -0.01206  -0.01354  -0.01485  -0.01597  -0.01689  -0.01759  -0.01808  -0.01847  -0.01907  -0.02084  -0.02475  -0.03116  -0.04008  -0.05061  -0.06099  -0.06965  -0.07607  -0.08063  -0.08394  -0.08647  -0.08849  -0.09018  -0.09163  -0.09293  -0.09412  -0.09520  -0.09613  -0.09683  -0.09730  -0.09754  -0.09748  -0.09648  -0.09441  -0.09176  -0.08851  -0.08436  -0.07890  -0.07169  -0.06246  -0.05119  -0.03818  -0.02396  -0.00917   0.00562   0.01996   0.03362   0.04653   0.05874   0.07035   0.08147   0.09222   0.10268   0.11293   0.12304   0.13305   0.14300   0.15293   0.16284   0.17276   0.18267   0.19257   0.20244   0.21227   0.22202   0.23167   0.24120   0.25059   0.25985   0.26897   0.27795   0.28677   0.29542   0.30387   0.31213   0.32020   0.32809   0.33581   0.34337   0.35076   0.35798   0.36503   0.37189   0.37852   0.38492   0.39104   0.39687   0.40240   0.40763   0.41257   0.41724   0.42164   0.42578   0.42966   0.43328   0.43662   0.43968   0.44245   0.44491   0.44707   0.44895   0.45056   0.45192   0.45306   0.45400   0.45476   0.45536   0.45581   0.45616   0.45634   0.45633   0.45620   0.45594   0.45554   0.45499   0.45432   0.45351   0.45259   0.45156   0.45042   0.44920   0.44791   0.44654   0.44512   0.44365   0.44215   0.44061   0.43904   0.43745   0.43585   0.43424   0.43262   0.43099   0.42936   0.42774   0.42611   0.42448   0.42284   0.42120   0.41955   0.41789   0.41622   0.41454   0.41285   0.41115   0.40945   0.40775   0.40604   0.40433   0.40262   0.40091   0.39921   0.39750   0.39579   0.39409   0.39238   0.39067   0.38896   0.38724   0.38553   0.38382   0.38211   0.38040   0.37870   0.37699   0.37528   0.37357   0.37186   0.37016   0.36846   0.36677   0.36509   0.36343   0.36177   0.36014   0.35851   0.35691   0.35532   0.35374   0.35219   0.35066   0.34916   0.34769   0.34625   0.34485   0.34349   0.34218   0.34092   0.33971   0.33856   0.33747   0.33645   0.33550   0.33462   0.33383   0.33313   0.33253   0.33203   0.33166   0.33140   0.33130   0.33139   0.33166   0.33216   0.33293   0.33401   0.33545   0.33731   0.33966   0.34261   0.34628   0.35091   0.35667   0.36417   0.37367   0.38669   0.40342   0.42756   0.45776   0.50018   0.55617
100.6250   0.00000  -0.00028  -0.00125  -0.00246  -0.00369  -0.00525  -0.00697  -0.00869  -0.01036  -0.01194  -0.01341  -0.01473  -0.01586  -0.01680  -0.01753  -0.01803  -0.01839  -0.01884  -0.02002  -0.02292  -0.02814  -0.03593  -0.04593  -0.05665  -0.06624  -0.07367  -0.07898  -0.08278  -0.08562  -0.08784  -0.08967  -0.09122  -0.09260  -0.09386  -0.09502  -0.09607  -0.09690  -0.09749  -0.09784  -0.09797  -0.09740  -0.09574  -0.09334  -0.09049  -0.08701  -0.08258  -0.07678  -0.06922  -0.05971  -0.04828  -0.03528  -0.02125  -0.00677   0.00761   0.02153   0.03477   0.04732   0.05922   0.07058   0.08151   0.09213   0.10251   0.11272   0.12282   0.13285   0.14284   0.15281   0.16277   0.17272   0.18266   0.19256   0.20242   0.21221   0.22190   0.23147   0.24091   0.25022   0.25939   0.26841   0.27728   0.28597   0.29446   0.30276   0.31086   0.31878   0.32652   0.33409   0.34148   0.34869   0.35573   0.36256   0.36917   0.37554   0.38164   0.38745   0.39297   0.39821   0.40317   0.40786   0.41231   0.41650   0.42045   0.42414   0.42756   0.43070   0.43356   0.43611   0.43837   0.44035   0.44206   0.44351   0.44475   0.44578   0.44662   0.44730   0.44783   0.44824   0.44850   0.44857   0.44849   0.44829   0.44795   0.44746   0.44684   0.44608   0.44521   0.44423   0.44314   0.44197   0.44071   0.43938   0.43800   0.43657   0.43509   0.43358   0.43203   0.43047   0.42889   0.42729   0.42568   0.42407   0.42246   0.42085   0.41924   0.41762   0.41600   0.41438   0.41274   0.41111   0.40946   0.40781   0.40616   0.40450   0.40284   0.40117   0.39951   0.39784   0.39618   0.39452   0.39286   0.39121   0.38956   0.38790   0.38625   0.38460   0.38295   0.38130   0.37965   0.37801   0.37636   0.37472   0.37308   0.37144   0.36980   0.36816   0.36652   0.36488   0.36325   0.36163   0.36002   0.35842   0.35683   0.35525   0.35369   0.35214   0.35061   0.34909   0.34759   0.34611   0.34466   0.34324   0.34184   0.34049   0.33917   0.33790   0.33668   0.33550   0.33439   0.33333   0.33233   0.33141   0.33055   0.32978   0.32910   0.32852   0.32803   0.32767   0.32742   0.32733   0.32741   0.32767   0.32816   0.32890   0.32995   0.33133   0.33312   0.33538   0.33821   0.34171   0.34614   0.35164   0.35884   0.36798   0.38064   0.39700   0.42108   0.45143   0.49531   0.55394
101.8750   0.00000  -0.00027  -0.00122  -0.00241  -0.00362  -0.00518  -0.00689  -0.00860  -0.01026  -0.01183  -0.01330  -0.01461  -0.01576  -0.01672  -0.01747  -0.01800  -0.01836  -0.01873  -0.01951  -0.02157  -0.02567  -0.03223  -0.04135  -0.05202  -0.06235  -0.07082  -0.07702  -0.08142  -0.08463  -0.08710  -0.08909  -0.09076  -0.09222  -0.09355  -0.09478  -0.09591  -0.09688  -0.09761  -0.09808  -0.09832  -0.09813  -0.09692  -0.09476  -0.09216  -0.08912  -0.08541  -0.08068  -0.07453  -0.06664  -0.05686  -0.04531  -0.03235  -0.01852  -0.00436   0.00964   0.02315   0.03601   0.04822   0.05984   0.07098   0.08176   0.09227   0.10259   0.11278   0.12288   0.13293   0.14296   0.15296   0.16295   0.17291   0.18285   0.19274   0.20255   0.21228   0.22188   0.23137   0.24072   0.24993   0.25899   0.26790   0.27663   0.28516   0.29349   0.30163   0.30958   0.31734   0.32492   0.33232   0.33954   0.34656   0.35338   0.35997   0.36631   0.37238   0.37817   0.38368   0.38890   0.39386   0.39856   0.40303   0.40725   0.41124   0.41499   0.41847   0.42168   0.42461   0.42725   0.42960   0.43167   0.43347   0.43503   0.43635   0.43747   0.43841   0.43918   0.43978   0.44025   0.44060   0.44076   0.44074   0.44060   0.44031   0.43989   0.43933   0.43863   0.43781   0.43688   0.43585   0.43473   0.43352   0.43225   0.43091   0.42951   0.42807   0.42659   0.42508   0.42355   0.42199   0.42042   0.41883   0.41724   0.41564   0.41405   0.41245   0.41085   0.40925   0.40764   0.40602   0.40441   0.40279   0.40116   0.39953   0.39790   0.39627   0.39464   0.39301   0.39139   0.38976   0.38814   0.38653   0.38492   0.38331   0.38171   0.38011   0.37851   0.37691   0.37531   0.37372   0.37214   0.37055   0.36897   0.36739   0.36581   0.36423   0.36265   0.36108   0.35951   0.35794   0.35639   0.35484   0.35330   0.35178   0.35027   0.34877   0.34728   0.34580   0.34434   0.34290   0.34148   0.34008   0.33870   0.33736   0.33605   0.33478   0.33356   0.33237   0.33124   0.33015   0.32913   0.32817   0.32727   0.32645   0.32570   0.32504   0.32448   0.32401   0.32366   0.32343   0.32334   0.32342   0.32367   0.32414   0.32486   0.32586   0.32719   0.32891   0.33107   0.33378   0.33711   0.34133   0.34657   0.35345   0.36221   0.37448   0.39041   0.41438   0.44480   0.49024   0.55169
103.1250   0.00000  -0.00026  -0.00120  -0.00236  -0.00356  -0.00511  -0.00681  -0.00851  -0.01016  -0.01172  -0.01318  -0.01451  -0.01566  -0.01665  -0.01742  -0.01798  -0.01835  -0.01868  -0.01922  -0.02066  -0.02375  -0.02908  -0.03706  -0.04726  -0.05802  -0.06747  -0.07468  -0.07981  -0.08349  -0.08625  -0.08843  -0.09024  -0.09180  -0.09320  -0.09449  -0.09571  -0.09680  -0.09767  -0.09826  -0.09861  -0.09867  -0.09791  -0.09606  -0.09365  -0.09089  -0.08766  -0.08370  -0.07865  -0.07215  -0.06394  -0.05394  -0.04230  -0.02941  -0.01578  -0.00194   0.01169   0.02482   0.03733   0.04923   0.06061   0.07157   0.08222   0.09265   0.10292   0.11310   0.12321   0.13328   0.14333   0.15335   0.16334   0.17330   0.18321   0.19305   0.20280   0.21244   0.22195   0.23134   0.24059   0.24969   0.25863   0.26740   0.27597   0.28433   0.29250   0.30048   0.30826   0.31586   0.32328   0.33050   0.33752   0.34433   0.35090   0.35722   0.36327   0.36903   0.37451   0.37972   0.38467   0.38936   0.39383   0.39807   0.40208   0.40585   0.40938   0.41265   0.41564   0.41835   0.42078   0.42293   0.42482   0.42647   0.42789   0.42910   0.43013   0.43098   0.43167   0.43221   0.43264   0.43289   0.43294   0.43286   0.43264   0.43228   0.43178   0.43114   0.43039   0.42952   0.42855   0.42748   0.42633   0.42511   0.42382   0.42247   0.42108   0.41964   0.41817   0.41667   0.41514   0.41360   0.41204   0.41047   0.40890   0.40732   0.40574   0.40416   0.40257   0.40099   0.39939   0.39779   0.39619   0.39459   0.39299   0.39139   0.38978   0.38818   0.38658   0.38499   0.38340   0.38181   0.38024   0.37866   0.37709   0.37553   0.37397   0.37241   0.37086   0.36932   0.36777   0.36624   0.36470   0.36318   0.36165   0.36013   0.35861   0.35709   0.35558   0.35407   0.35256   0.35107   0.34958   0.34811   0.34665   0.34520   0.34375   0.34233   0.34091   0.33951   0.33812   0.33675   0.33541   0.33409   0.33280   0.33154   0.33032   0.32914   0.32800   0.32690   0.32586   0.32487   0.32394   0.32308   0.32229   0.32157   0.32094   0.32040   0.31996   0.31962   0.31940   0.31932   0.31940   0.31964   0.32010   0.32079   0.32175   0.32303   0.32467   0.32673   0.32931   0.33248   0.33648   0.34145   0.34800   0.35636   0.36821   0.38366   0.40745   0.43787   0.48493   0.54938
104.3750   0.00000  -0.00025  -0.00117  -0.00232  -0.00349  -0.00504  -0.00674  -0.00843  -0.01007  -0.01162  -0.01308  -0.01441  -0.01558  -0.01658  -0.01738  -0.01797  -0.01836  -0.01866  -0.01910  -0.02009  -0.02234  -0.02652  -0.03323  -0.04257  -0.05336  -0.06363  -0.07189  -0.07789  -0.08215  -0.08527  -0.08769  -0.08965  -0.09132  -0.09280  -0.09416  -0.09544  -0.09662  -0.09762  -0.09837  -0.09884  -0.09906  -0.09871  -0.09727  -0.09503  -0.09245  -0.08953  -0.08610  -0.08186  -0.07649  -0.06966  -0.06116  -0.05096  -0.03926  -0.02646  -0.01305   0.00048   0.01376   0.02654   0.03873   0.05037   0.06154   0.07234   0.08289   0.09325   0.10350   0.11367   0.12379   0.13387   0.14392   0.15394   0.16392   0.17385   0.18371   0.19347   0.20313   0.21268   0.22209   0.23137   0.24050   0.24948   0.25827   0.26687   0.27527   0.28347   0.29148   0.29929   0.30691   0.31434   0.32157   0.32860   0.33540   0.34196   0.34826   0.35429   0.36003   0.36549   0.37067   0.37560   0.38028   0.38473   0.38897   0.39298   0.39677   0.40032   0.40362   0.40666   0.40943   0.41192   0.41415   0.41612   0.41785   0.41935   0.42066   0.42178   0.42272   0.42350   0.42412   0.42460   0.42495   0.42510   0.42507   0.42492   0.42462   0.42419   0.42362   0.42293   0.42212   0.42121   0.42021   0.41912   0.41796   0.41673   0.41543   0.41409   0.41270   0.41127   0.40981   0.40832   0.40682   0.40529   0.40376   0.40221   0.40066   0.39911   0.39755   0.39598   0.39441   0.39284   0.39127   0.38969   0.38811   0.38653   0.38495   0.38337   0.38180   0.38023   0.37866   0.37710   0.37554   0.37400   0.37246   0.37092   0.36939   0.36787   0.36635   0.36484   0.36333   0.36183   0.36034   0.35885   0.35737   0.35589   0.35442   0.35295   0.35149   0.35003   0.34858   0.34713   0.34570   0.34427   0.34285   0.34145   0.34005   0.33867   0.33730   0.33594   0.33460   0.33327   0.33196   0.33067   0.32940   0.32816   0.32696   0.32578   0.32465   0.32355   0.32250   0.32150   0.32055   0.31966   0.31884   0.31808   0.31740   0.31679   0.31628   0.31586   0.31554   0.31533   0.31526   0.31534   0.31558   0.31602   0.31668   0.31761   0.31883   0.32040   0.32236   0.32481   0.32781   0.33159   0.33629   0.34250   0.35044   0.36183   0.37675   0.40028   0.43060   0.47933   0.54708
105.6250   0.00000  -0.00024  -0.00115  -0.00227  -0.00343  -0.00497  -0.00666  -0.00835  -0.00998  -0.01153  -0.01298  -0.01431  -0.01550  -0.01651  -0.01734  -0.01797  -0.01839  -0.01868  -0.01905  -0.01977  -0.02137  -0.02454  -0.02996  -0.03815  -0.04853  -0.05931  -0.06861  -0.07560  -0.08056  -0.08414  -0.08683  -0.08898  -0.09078  -0.09235  -0.09379  -0.09513  -0.09639  -0.09751  -0.09841  -0.09901  -0.09934  -0.09932  -0.09834  -0.09633  -0.09388  -0.09116  -0.08808  -0.08441  -0.07989  -0.07420  -0.06705  -0.05829  -0.04793  -0.03621  -0.02352  -0.01033   0.00291   0.01585   0.02831   0.04022   0.05163   0.06262   0.07329   0.08375   0.09407   0.10430   0.11446   0.12458   0.13466   0.14470   0.15470   0.16464   0.17451   0.18430   0.19397   0.20354   0.21298   0.22228   0.23144   0.24044   0.24926   0.25789   0.26632   0.27455   0.28258   0.29042   0.29806   0.30551   0.31275   0.31978   0.32658   0.33314   0.33943   0.34544   0.35116   0.35659   0.36176   0.36666   0.37132   0.37575   0.37997   0.38398   0.38776   0.39132   0.39464   0.39770   0.40051   0.40305   0.40534   0.40738   0.40919   0.41078   0.41216   0.41337   0.41440   0.41526   0.41596   0.41651   0.41694   0.41719   0.41724   0.41715   0.41692   0.41656   0.41606   0.41543   0.41470   0.41385   0.41291   0.41189   0.41079   0.40961   0.40838   0.40709   0.40575   0.40438   0.40296   0.40152   0.40006   0.39857   0.39708   0.39557   0.39405   0.39252   0.39099   0.38945   0.38791   0.38637   0.38482   0.38326   0.38171   0.38015   0.37860   0.37705   0.37550   0.37395   0.37241   0.37087   0.36935   0.36783   0.36631   0.36481   0.36331   0.36182   0.36033   0.35885   0.35738   0.35592   0.35446   0.35302   0.35158   0.35014   0.34872   0.34729   0.34588   0.34447   0.34307   0.34167   0.34029   0.33892   0.33755   0.33620   0.33486   0.33354   0.33222   0.33092   0.32963   0.32835   0.32710   0.32586   0.32465   0.32346   0.32230   0.32118   0.32009   0.31904   0.31803   0.31708   0.31617   0.31532   0.31453   0.31381   0.31317   0.31260   0.31211   0.31171   0.31142   0.31123   0.31116   0.31124   0.31147   0.31190   0.31253   0.31342   0.31459   0.31609   0.31795   0.32027   0.32310   0.32667   0.33108   0.33696   0.34445   0.35534   0.36967   0.39285   0.42295   0.47338   0.54478
106.8750   0.00000  -0.00024  -0.00113  -0.00222  -0.00337  -0.00491  -0.00660  -0.00828  -0.00990  -0.01144  -0.01289  -0.01423  -0.01542  -0.01646  -0.01731  -0.01797  -0.01843  -0.01873  -0.01905  -0.01962  -0.02077  -0.02309  -0.02731  -0.03417  -0.04373  -0.05463  -0.06480  -0.07287  -0.07868  -0.08281  -0.08586  -0.08823  -0.09018  -0.09186  -0.09337  -0.09477  -0.09610  -0.09732  -0.09836  -0.09911  -0.09956  -0.09975  -0.09921  -0.09755  -0.09523  -0.09265  -0.08979  -0.08651  -0.08261  -0.07780  -0.07180  -0.06436  -0.05536  -0.04488  -0.03315  -0.02059  -0.00763   0.00533   0.01797   0.03015   0.04181   0.05301   0.06385   0.07443   0.08482   0.09510   0.10530   0.11545   0.12556   0.13562   0.14564   0.15559   0.16547   0.17527   0.18496   0.19454   0.20399   0.21332   0.22250   0.23152   0.24036   0.24902   0.25747   0.26572   0.27378   0.28164   0.28930   0.29677   0.30403   0.31107   0.31787   0.32442   0.33071   0.33670   0.34241   0.34783   0.35297   0.35785   0.36248   0.36689   0.37109   0.37508   0.37885   0.38240   0.38572   0.38880   0.39162   0.39420   0.39654   0.39863   0.40050   0.40216   0.40363   0.40491   0.40603   0.40697   0.40776   0.40838   0.40887   0.40922   0.40937   0.40934   0.40918   0.40889   0.40846   0.40790   0.40723   0.40646   0.40559   0.40463   0.40359   0.40248   0.40131   0.40008   0.39880   0.39748   0.39612   0.39473   0.39331   0.39187   0.39042   0.38895   0.38747   0.38598   0.38448   0.38298   0.38147   0.37995   0.37843   0.37691   0.37538   0.37385   0.37232   0.37079   0.36927   0.36775   0.36623   0.36472   0.36322   0.36173   0.36024   0.35876   0.35729   0.35583   0.35437   0.35292   0.35148   0.35005   0.34863   0.34721   0.34581   0.34442   0.34303   0.34165   0.34027   0.33891   0.33755   0.33620   0.33487   0.33354   0.33223   0.33093   0.32964   0.32837   0.32710   0.32585   0.32461   0.32339   0.32218   0.32100   0.31984   0.31870   0.31759   0.31651   0.31547   0.31447   0.31351   0.31260   0.31173   0.31093   0.31018   0.30950   0.30888   0.30835   0.30789   0.30752   0.30725   0.30707   0.30701   0.30710   0.30733   0.30774   0.30835   0.30920   0.31032   0.31175   0.31351   0.31571   0.31837   0.32172   0.32585   0.33137   0.33841   0.34877   0.36244   0.38515   0.41488   0.46697   0.54373
108.1250   0.00000  -0.00023  -0.00110  -0.00218  -0.00331  -0.00485  -0.00653  -0.00820  -0.00982  -0.01136  -0.01281  -0.01415  -0.01535  -0.01640  -0.01728  -0.01797  -0.01847  -0.01879  -0.01910  -0.01957  -0.02042  -0.02210  -0.02526  -0.03078  -0.03917  -0.04972  -0.06050  -0.06963  -0.07643  -0.08125  -0.08473  -0.08737  -0.08950  -0.09130  -0.09290  -0.09438  -0.09577  -0.09707  -0.09822  -0.09913  -0.09973  -0.10004  -0.09989  -0.09868  -0.09653  -0.09404  -0.09133  -0.08832  -0.08484  -0.08068  -0.07559  -0.06929  -0.06158  -0.05238  -0.04180  -0.03011  -0.01768  -0.00493   0.00776   0.02013   0.03205   0.04350   0.05453   0.06525   0.07573   0.08607   0.09631   0.10649   0.11662   0.12670   0.13673   0.14670   0.15659   0.16639   0.17609   0.18568   0.19514   0.20448   0.21368   0.22271   0.23158   0.24025   0.24872   0.25700   0.26508   0.27296   0.28064   0.28813   0.29540   0.30245   0.30926   0.31581   0.32209   0.32808   0.33378   0.33918   0.34430   0.34916   0.35377   0.35816   0.36233   0.36629   0.37004   0.37357   0.37688   0.37996   0.38279   0.38539   0.38776   0.38989   0.39182   0.39354   0.39507   0.39643   0.39761   0.39864   0.39950   0.40021   0.40076   0.40118   0.40144   0.40149   0.40139   0.40117   0.40082   0.40034   0.39974   0.39904   0.39823   0.39734   0.39637   0.39533   0.39422   0.39305   0.39183   0.39056   0.38926   0.38793   0.38656   0.38518   0.38377   0.38235   0.38091   0.37947   0.37801   0.37654   0.37507   0.37359   0.37210   0.37061   0.36911   0.36761   0.36611   0.36461   0.36311   0.36162   0.36013   0.35865   0.35717   0.35570   0.35424   0.35279   0.35134   0.34990   0.34847   0.34705   0.34563   0.34423   0.34284   0.34146   0.34009   0.33873   0.33738   0.33603   0.33470   0.33337   0.33205   0.33075   0.32945   0.32817   0.32691   0.32565   0.32441   0.32318   0.32196   0.32076   0.31957   0.31840   0.31724   0.31610   0.31499   0.31390   0.31284   0.31181   0.31081   0.30985   0.30894   0.30807   0.30725   0.30648   0.30578   0.30513   0.30456   0.30406   0.30363   0.30329   0.30304   0.30288   0.30283   0.30292   0.30314   0.30354   0.30413   0.30495   0.30602   0.30738   0.30905   0.31111   0.31361   0.31674   0.32059   0.32574   0.33231   0.34210   0.35504   0.37717   0.40634   0.46000   0.54361
109.3750   0.00000  -0.00022  -0.00108  -0.00214  -0.00325  -0.00479  -0.00647  -0.00814  -0.00975  -0.01128  -0.01273  -0.01407  -0.01528  -0.01635  -0.01725  -0.01797  -0.01850  -0.01886  -0.01918  -0.01959  -0.02026  -0.02147  -0.02378  -0.02802  -0.03505  -0.04481  -0.05579  -0.06586  -0.07374  -0.07939  -0.08341  -0.08640  -0.08874  -0.09069  -0.09239  -0.09393  -0.09539  -0.09676  -0.09802  -0.09908  -0.09983  -0.10025  -0.10037  -0.09963  -0.09777  -0.09538  -0.09277  -0.08992  -0.08674  -0.08305  -0.07864  -0.07326  -0.06668  -0.05873  -0.04937  -0.03873  -0.02707  -0.01478  -0.00224   0.01021   0.02233   0.03403   0.04529   0.05618   0.06679   0.07720   0.08749   0.09769   0.10784   0.11794   0.12798   0.13795   0.14785   0.15765   0.16736   0.17695   0.18643   0.19577   0.20498   0.21403   0.22290   0.23159   0.24009   0.24838   0.25648   0.26438   0.27208   0.27957   0.28686   0.29392   0.30074   0.30729   0.31357   0.31956   0.32525   0.33064   0.33575   0.34059   0.34518   0.34954   0.35368   0.35761   0.36134   0.36484   0.36814   0.37120   0.37404   0.37664   0.37903   0.38119   0.38315   0.38492   0.38651   0.38793   0.38918   0.39027   0.39121   0.39199   0.39262   0.39310   0.39344   0.39360   0.39357   0.39342   0.39314   0.39274   0.39221   0.39158   0.39085   0.39002   0.38912   0.38814   0.38710   0.38600   0.38484   0.38364   0.38239   0.38112   0.37981   0.37848   0.37713   0.37575   0.37437   0.37297   0.37156   0.37013   0.36870   0.36726   0.36581   0.36435   0.36289   0.36143   0.35996   0.35849   0.35702   0.35556   0.35410   0.35264   0.35119   0.34975   0.34831   0.34688   0.34546   0.34404   0.34264   0.34124   0.33985   0.33848   0.33711   0.33576   0.33442   0.33309   0.33177   0.33046   0.32915   0.32786   0.32658   0.32532   0.32406   0.32282   0.32159   0.32038   0.31918   0.31799   0.31682   0.31566   0.31452   0.31339   0.31228   0.31118   0.31011   0.30907   0.30805   0.30707   0.30612   0.30520   0.30433   0.30351   0.30273   0.30200   0.30134   0.30073   0.30019   0.29972   0.29933   0.29901   0.29879   0.29865   0.29861   0.29870   0.29892   0.29931   0.29988   0.30066   0.30168   0.30298   0.30456   0.30650   0.30883   0.31175   0.31531   0.32009   0.32617   0.33534   0.34749   0.36886   0.39724   0.45239   0.54384
110.6250   0.00000  -0.00022  -0.00106  -0.00210  -0.00320  -0.00473  -0.00641  -0.00807  -0.00968  -0.01121  -0.01265  -0.01400  -0.01522  -0.01630  -0.01722  -0.01797  -0.01853  -0.01893  -0.01927  -0.01967  -0.02023  -0.02113  -0.02277  -0.02590  -0.03151  -0.04011  -0.05081  -0.06156  -0.07054  -0.07717  -0.08186  -0.08527  -0.08788  -0.09000  -0.09182  -0.09345  -0.09497  -0.09641  -0.09775  -0.09893  -0.09984  -0.10042  -0.10070  -0.10038  -0.09893  -0.09666  -0.09413  -0.09141  -0.08842  -0.08506  -0.08114  -0.07648  -0.07084  -0.06400  -0.05584  -0.04634  -0.03566  -0.02406  -0.01190   0.00044   0.01268   0.02459   0.03610   0.04720   0.05797   0.06848   0.07882   0.08906   0.09922   0.10932   0.11937   0.12935   0.13925   0.14906   0.15877   0.16837   0.17785   0.18720   0.19641   0.20546   0.21435   0.22305   0.23155   0.23986   0.24797   0.25589   0.26360   0.27111   0.27841   0.28548   0.29230   0.29886   0.30514   0.31113   0.31681   0.32220   0.32730   0.33213   0.33670   0.34104   0.34515   0.34906   0.35275   0.35623   0.35950   0.36254   0.36537   0.36797   0.37036   0.37254   0.37453   0.37633   0.37796   0.37943   0.38074   0.38190   0.38290   0.38375   0.38445   0.38499   0.38540   0.38566   0.38572   0.38564   0.38543   0.38510   0.38465   0.38409   0.38343   0.38268   0.38185   0.38094   0.37996   0.37892   0.37783   0.37669   0.37551   0.37430   0.37305   0.37178   0.37048   0.36916   0.36783   0.36648   0.36512   0.36374   0.36236   0.36096   0.35955   0.35814   0.35671   0.35528   0.35385   0.35242   0.35098   0.34955   0.34812   0.34669   0.34527   0.34386   0.34245   0.34104   0.33964   0.33825   0.33687   0.33550   0.33414   0.33279   0.33145   0.33012   0.32881   0.32751   0.32621   0.32493   0.32366   0.32240   0.32115   0.31992   0.31870   0.31750   0.31631   0.31513   0.31397   0.31282   0.31169   0.31057   0.30946   0.30838   0.30731   0.30625   0.30523   0.30422   0.30325   0.30231   0.30140   0.30053   0.29970   0.29892   0.29818   0.29750   0.29687   0.29630   0.29580   0.29536   0.29500   0.29471   0.29450   0.29438   0.29436   0.29445   0.29467   0.29505   0.29560   0.29635   0.29733   0.29856   0.30005   0.30187   0.30403   0.30674   0.31002   0.31442   0.32000   0.32852   0.33979   0.36022   0.38747   0.44403   0.54118
111.8750   0.00000  -0.00021  -0.00103  -0.00205  -0.00314  -0.00467  -0.00635  -0.00801  -0.00961  -0.01114  -0.01259  -0.01393  -0.01516  -0.01625  -0.01719  -0.01796  -0.01856  -0.01899  -0.01937  -0.01977  -0.02027  -0.02097  -0.02215  -0.02437  -0.02863  -0.03583  -0.04578  -0.05681  -0.06679  -0.07451  -0.08002  -0.08396  -0.08690  -0.08923  -0.09119  -0.09291  -0.09450  -0.09600  -0.09742  -0.09871  -0.09978  -0.10052  -0.10091  -0.10093  -0.09996  -0.09791  -0.09545  -0.09281  -0.08996  -0.08682  -0.08326  -0.07913  -0.07422  -0.06832  -0.06126  -0.05291  -0.04330  -0.03259  -0.02105  -0.00903   0.00315   0.01519   0.02691   0.03825   0.04921   0.05987   0.07030   0.08058   0.09075   0.10086   0.11091   0.12089   0.13079   0.14061   0.15032   0.15992   0.16940   0.17875   0.18796   0.19702   0.20591   0.21461   0.22313   0.23145   0.23957   0.24750   0.25522   0.26274   0.27005   0.27712   0.28395   0.29052   0.29680   0.30279   0.30847   0.31386   0.31895   0.32377   0.32832   0.33264   0.33674   0.34061   0.34427   0.34773   0.35096   0.35399   0.35679   0.35939   0.36177   0.36396   0.36596   0.36779   0.36945   0.37096   0.37231   0.37352   0.37458   0.37550   0.37626   0.37687   0.37733   0.37768   0.37784   0.37782   0.37768   0.37743   0.37705   0.37657   0.37599   0.37531   0.37455   0.37371   0.37280   0.37183   0.37081   0.36974   0.36862   0.36746   0.36628   0.36506   0.36383   0.36257   0.36129   0.36000   0.35869   0.35736   0.35603   0.35468   0.35331   0.35194   0.35056   0.34917   0.34778   0.34639   0.34499   0.34359   0.34219   0.34080   0.33941   0.33802   0.33664   0.33526   0.33389   0.33252   0.33117   0.32982   0.32848   0.32716   0.32585   0.32455   0.32326   0.32198   0.32071   0.31946   0.31822   0.31699   0.31577   0.31457   0.31338   0.31221   0.31105   0.30991   0.30878   0.30767   0.30658   0.30549   0.30443   0.30337   0.30234   0.30133   0.30034   0.29938   0.29844   0.29754   0.29667   0.29584   0.29505   0.29431   0.29361   0.29297   0.29238   0.29185   0.29138   0.29098   0.29064   0.29038   0.29019   0.29008   0.29008   0.29018   0.29040   0.29077   0.29130   0.29202   0.29295   0.29412   0.29553   0.29723   0.29924   0.30174   0.30472   0.30875   0.31381   0.32164   0.33194   0.35122   0.37695   0.43476   0.53143
113.1250   0.00000  -0.00020  -0.00101  -0.00202  -0.00309  -0.00462  -0.00630  -0.00796  -0.00955  -0.01107  -0.01252  -0.01387  -0.01511  -0.01621  -0.01716  -0.01795  -0.01858  -0.01905  -0.01946  -0.01989  -0.02037  -0.02096  -0.02182  -0.02336  -0.02643  -0.03214  -0.04093  -0.05176  -0.06248  -0.07133  -0.07782  -0.08242  -0.08578  -0.08837  -0.09049  -0.09233  -0.09400  -0.09556  -0.09705  -0.09842  -0.09962  -0.10052  -0.10107  -0.10130  -0.10078  -0.09910  -0.09674  -0.09416  -0.09141  -0.08842  -0.08512  -0.08136  -0.07701  -0.07187  -0.06574  -0.05846  -0.04995  -0.04026  -0.02953  -0.01806  -0.00615   0.00587   0.01774   0.02930   0.04049   0.05133   0.06189   0.07223   0.08244   0.09255   0.10259   0.11257   0.12247   0.13228   0.14200   0.15160   0.16107   0.17043   0.17964   0.18869   0.19758   0.20629   0.21481   0.22314   0.23127   0.23920   0.24694   0.25446   0.26178   0.26886   0.27569   0.28226   0.28854   0.29453   0.30022   0.30560   0.31069   0.31550   0.32004   0.32435   0.32842   0.33227   0.33591   0.33933   0.34254   0.34553   0.34832   0.35089   0.35327   0.35545   0.35746   0.35930   0.36098   0.36252   0.36391   0.36516   0.36627   0.36724   0.36806   0.36873   0.36926   0.36965   0.36991   0.36999   0.36992   0.36973   0.36943   0.36903   0.36852   0.36791   0.36723   0.36646   0.36562   0.36472   0.36377   0.36276   0.36171   0.36062   0.35950   0.35835   0.35717   0.35597   0.35475   0.35351   0.35226   0.35099   0.34970   0.34841   0.34709   0.34577   0.34443   0.34309   0.34174   0.34039   0.33903   0.33767   0.33631   0.33495   0.33359   0.33223   0.33088   0.32953   0.32819   0.32685   0.32552   0.32420   0.32289   0.32159   0.32031   0.31903   0.31777   0.31651   0.31527   0.31405   0.31283   0.31163   0.31044   0.30927   0.30811   0.30697   0.30584   0.30473   0.30364   0.30256   0.30149   0.30044   0.29941   0.29839   0.29740   0.29642   0.29547   0.29454   0.29364   0.29278   0.29195   0.29116   0.29041   0.28970   0.28904   0.28843   0.28788   0.28738   0.28695   0.28658   0.28627   0.28603   0.28585   0.28577   0.28579   0.28589   0.28611   0.28647   0.28699   0.28768   0.28857   0.28968   0.29100   0.29259   0.29445   0.29673   0.29943   0.30307   0.30761   0.31471   0.32393   0.34182   0.36568   0.42414   0.52027
114.3750   0.00000  -0.00019  -0.00099  -0.00198  -0.00304  -0.00457  -0.00625  -0.00790  -0.00949  -0.01101  -0.01246  -0.01382  -0.01506  -0.01617  -0.01713  -0.01794  -0.01859  -0.01910  -0.01955  -0.02000  -0.02048  -0.02101  -0.02169  -0.02277  -0.02486  -0.02913  -0.03649  -0.04661  -0.05768  -0.06758  -0.07518  -0.08059  -0.08447  -0.08738  -0.08971  -0.09169  -0.09345  -0.09507  -0.09662  -0.09808  -0.09939  -0.10046  -0.10117  -0.10153  -0.10141  -0.10019  -0.09799  -0.09547  -0.09279  -0.08992  -0.08679  -0.08331  -0.07936  -0.07480  -0.06943  -0.06309  -0.05562  -0.04698  -0.03721  -0.02648  -0.01506  -0.00325   0.00863   0.02035   0.03176   0.04282   0.05354   0.06400   0.07426   0.08439   0.09443   0.10440   0.11429   0.12409   0.13380   0.14340   0.15288   0.16223   0.17143   0.18049   0.18937   0.19808   0.20660   0.21493   0.22306   0.23100   0.23874   0.24627   0.25359   0.26067   0.26751   0.27408   0.28036   0.28635   0.29204   0.29742   0.30251   0.30731   0.31185   0.31614   0.32020   0.32403   0.32764   0.33104   0.33422   0.33719   0.33995   0.34250   0.34486   0.34704   0.34904   0.35089   0.35258   0.35414   0.35555   0.35684   0.35799   0.35900   0.35987   0.36060   0.36118   0.36163   0.36196   0.36213   0.36213   0.36202   0.36179   0.36146   0.36102   0.36050   0.35988   0.35919   0.35843   0.35760   0.35671   0.35577   0.35479   0.35376   0.35271   0.35162   0.35050   0.34937   0.34821   0.34703   0.34583   0.34462   0.34339   0.34214   0.34088   0.33961   0.33832   0.33703   0.33572   0.33441   0.33309   0.33177   0.33045   0.32913   0.32781   0.32649   0.32517   0.32385   0.32254   0.32123   0.31993   0.31864   0.31736   0.31608   0.31482   0.31357   0.31233   0.31111   0.30989   0.30869   0.30750   0.30632   0.30516   0.30402   0.30289   0.30178   0.30068   0.29960   0.29853   0.29748   0.29645   0.29543   0.29443   0.29344   0.29248   0.29153   0.29061   0.28972   0.28886   0.28803   0.28723   0.28648   0.28576   0.28509   0.28447   0.28389   0.28338   0.28291   0.28251   0.28217   0.28189   0.28168   0.28152   0.28145   0.28149   0.28160   0.28182   0.28217   0.28267   0.28333   0.28418   0.28523   0.28648   0.28796   0.28966   0.29174   0.29416   0.29741   0.30142   0.30774   0.31577   0.33201   0.35365   0.41191   0.50600
115.6250   0.00000  -0.00019  -0.00097  -0.00194  -0.00300  -0.00452  -0.00620  -0.00785  -0.00944  -0.01096  -0.01241  -0.01376  -0.01501  -0.01613  -0.01711  -0.01793  -0.01860  -0.01915  -0.01962  -0.02010  -0.02059  -0.02111  -0.02170  -0.02249  -0.02387  -0.02683  -0.03263  -0.04161  -0.05254  -0.06325  -0.07201  -0.07840  -0.08294  -0.08626  -0.08884  -0.09098  -0.09284  -0.09455  -0.09615  -0.09768  -0.09909  -0.10029  -0.10118  -0.10168  -0.10184  -0.10110  -0.09919  -0.09675  -0.09412  -0.09134  -0.08834  -0.08506  -0.08141  -0.07727  -0.07250  -0.06693  -0.06039  -0.05276  -0.04399  -0.03415  -0.02341  -0.01204  -0.00033   0.01143   0.02301   0.03429   0.04522   0.05584   0.06619   0.07637   0.08641   0.09637   0.10624   0.11603   0.12574   0.13533   0.14480   0.15415   0.16335   0.17239   0.18127   0.18998   0.19850   0.20682   0.21496   0.22290   0.23064   0.23817   0.24549   0.25257   0.25941   0.26598   0.27226   0.27825   0.28394   0.28932   0.29440   0.29920   0.30374   0.30802   0.31206   0.31587   0.31946   0.32284   0.32599   0.32894   0.33167   0.33421   0.33655   0.33872   0.34071   0.34255   0.34425   0.34582   0.34725   0.34856   0.34974   0.35079   0.35170   0.35248   0.35312   0.35361   0.35399   0.35425   0.35435   0.35429   0.35413   0.35387   0.35351   0.35306   0.35252   0.35190   0.35121   0.35045   0.34964   0.34877   0.34785   0.34690   0.34591   0.34488   0.34383   0.34276   0.34166   0.34054   0.33940   0.33825   0.33707   0.33588   0.33468   0.33346   0.33222   0.33097   0.32972   0.32845   0.32718   0.32591   0.32463   0.32335   0.32206   0.32078   0.31950   0.31821   0.31693   0.31566   0.31439   0.31313   0.31187   0.31063   0.30939   0.30817   0.30696   0.30576   0.30457   0.30339   0.30223   0.30108   0.29994   0.29882   0.29772   0.29663   0.29556   0.29451   0.29347   0.29245   0.29144   0.29045   0.28948   0.28853   0.28759   0.28668   0.28579   0.28493   0.28410   0.28330   0.28254   0.28182   0.28113   0.28050   0.27991   0.27937   0.27888   0.27845   0.27808   0.27776   0.27751   0.27733   0.27719   0.27714   0.27718   0.27730   0.27752   0.27786   0.27834   0.27899   0.27980   0.28079   0.28196   0.28334   0.28490   0.28677   0.28890   0.29180   0.29525   0.30072   0.30744   0.32179   0.34088   0.39757   0.48763
116.8750   0.00000  -0.00018  -0.00095  -0.00191  -0.00295  -0.00448  -0.00616  -0.00780  -0.00939  -0.01090  -0.01235  -0.01371  -0.01497  -0.01610  -0.01708  -0.01791  -0.01861  -0.01918  -0.01969  -0.02019  -0.02070  -0.02123  -0.02177  -0.02240  -0.02334  -0.02525  -0.02948  -0.03700  -0.04727  -0.05840  -0.06825  -0.07577  -0.08111  -0.08495  -0.08785  -0.09019  -0.09219  -0.09398  -0.09565  -0.09723  -0.09873  -0.10006  -0.10111  -0.10179  -0.10210  -0.10180  -0.10033  -0.09799  -0.09542  -0.09270  -0.08980  -0.08667  -0.08324  -0.07942  -0.07510  -0.07013  -0.06437  -0.05765  -0.04986  -0.04098  -0.03108  -0.02033  -0.00901   0.00262   0.01427   0.02572   0.03687   0.04769   0.05819   0.06845   0.07853   0.08848   0.09833   0.10811   0.11779   0.12738   0.13684   0.14618   0.15538   0.16442   0.17329   0.18199   0.19050   0.19882   0.20695   0.21489   0.22263   0.23016   0.23747   0.24456   0.25139   0.25796   0.26424   0.27023   0.27591   0.28129   0.28637   0.29117   0.29570   0.29997   0.30400   0.30780   0.31137   0.31473   0.31786   0.32078   0.32350   0.32601   0.32834   0.33049   0.33247   0.33431   0.33601   0.33757   0.33902   0.34034   0.34154   0.34262   0.34357   0.34439   0.34507   0.34562   0.34604   0.34635   0.34654   0.34656   0.34647   0.34628   0.34599   0.34561   0.34514   0.34460   0.34398   0.34330   0.34255   0.34175   0.34091   0.34002   0.33910   0.33814   0.33716   0.33615   0.33511   0.33405   0.33297   0.33188   0.33076   0.32963   0.32848   0.32731   0.32613   0.32493   0.32373   0.32251   0.32129   0.32006   0.31882   0.31758   0.31634   0.31510   0.31385   0.31261   0.31137   0.31012   0.30889   0.30766   0.30643   0.30522   0.30401   0.30282   0.30163   0.30046   0.29930   0.29815   0.29701   0.29588   0.29478   0.29368   0.29261   0.29155   0.29050   0.28947   0.28846   0.28747   0.28649   0.28552   0.28458   0.28365   0.28274   0.28186   0.28100   0.28017   0.27937   0.27860   0.27787   0.27718   0.27653   0.27592   0.27536   0.27485   0.27440   0.27400   0.27365   0.27337   0.27314   0.27298   0.27287   0.27283   0.27288   0.27300   0.27322   0.27356   0.27402   0.27464   0.27542   0.27637   0.27746   0.27874   0.28015   0.28182   0.28368   0.28624   0.28908   0.29364   0.29898   0.31117   0.32741   0.38053   0.46455
118.1250   0.00000  -0.00017  -0.00093  -0.00187  -0.00291  -0.00443  -0.00611  -0.00776  -0.00934  -0.01086  -0.01230  -0.01367  -0.01493  -0.01606  -0.01705  -0.01790  -0.01861  -0.01921  -0.01975  -0.02027  -0.02080  -0.02134  -0.02187  -0.02242  -0.02311  -0.02431  -0.02711  -0.03298  -0.04213  -0.05317  -0.06389  -0.07260  -0.07893  -0.08342  -0.08672  -0.08931  -0.09146  -0.09336  -0.09510  -0.09675  -0.09831  -0.09974  -0.10094  -0.10179  -0.10226  -0.10230  -0.10131  -0.09921  -0.09670  -0.09403  -0.09121  -0.08818  -0.08491  -0.08133  -0.07734  -0.07285  -0.06770  -0.06176  -0.05487  -0.04693  -0.03795  -0.02798  -0.01723  -0.00594   0.00561   0.01715   0.02849   0.03951   0.05020   0.06059   0.07074   0.08072   0.09057   0.10032   0.10998   0.11954   0.12900   0.13833   0.14751   0.15655   0.16541   0.17410   0.18260   0.19092   0.19904   0.20697   0.21471   0.22223   0.22954   0.23662   0.24345   0.25001   0.25629   0.26227   0.26795   0.27333   0.27841   0.28320   0.28773   0.29199   0.29601   0.29980   0.30336   0.30670   0.30982   0.31272   0.31541   0.31791   0.32022   0.32235   0.32432   0.32615   0.32784   0.32941   0.33086   0.33219   0.33341   0.33450   0.33548   0.33633   0.33705   0.33765   0.33812   0.33847   0.33872   0.33884   0.33880   0.33868   0.33846   0.33815   0.33776   0.33729   0.33674   0.33613   0.33546   0.33473   0.33395   0.33314   0.33228   0.33139   0.33047   0.32953   0.32856   0.32756   0.32654   0.32551   0.32445   0.32337   0.32228   0.32117   0.32004   0.31890   0.31775   0.31658   0.31541   0.31422   0.31304   0.31184   0.31064   0.30944   0.30824   0.30703   0.30583   0.30462   0.30342   0.30222   0.30103   0.29985   0.29868   0.29751   0.29635   0.29521   0.29407   0.29295   0.29184   0.29074   0.28966   0.28859   0.28754   0.28651   0.28549   0.28449   0.28350   0.28253   0.28158   0.28064   0.27972   0.27882   0.27794   0.27708   0.27625   0.27545   0.27467   0.27394   0.27323   0.27257   0.27195   0.27137   0.27084   0.27036   0.26993   0.26956   0.26925   0.26899   0.26879   0.26864   0.26856   0.26854   0.26859   0.26871   0.26893   0.26926   0.26971   0.27031   0.27105   0.27196   0.27298   0.27416   0.27543   0.27691   0.27850   0.28074   0.28286   0.28650   0.29040   0.30020   0.31330   0.36018   0.43603
119.3750   0.00000  -0.00016  -0.00091  -0.00184  -0.00287  -0.00439  -0.00608  -0.00772  -0.00930  -0.01081  -0.01226  -0.01362  -0.01489  -0.01603  -0.01703  -0.01788  -0.01861  -0.01923  -0.01979  -0.02034  -0.02089  -0.02145  -0.02199  -0.02250  -0.02305  -0.02385  -0.02555  -0.02970  -0.03737  -0.04779  -0.05899  -0.06883  -0.07630  -0.08160  -0.08541  -0.08831  -0.09066  -0.09268  -0.09451  -0.09622  -0.09784  -0.09936  -0.10070  -0.10173  -0.10236  -0.10261  -0.10209  -0.10037  -0.09794  -0.09532  -0.09256  -0.08963  -0.08648  -0.08307  -0.07934  -0.07519  -0.07053  -0.06521  -0.05910  -0.05204  -0.04398  -0.03488  -0.02486  -0.01410  -0.00284   0.00863   0.02007   0.03128   0.04218   0.05275   0.06302   0.07306   0.08292   0.09266   0.10229   0.11183   0.12127   0.13058   0.13976   0.14878   0.15764   0.16632   0.17481   0.18312   0.19123   0.19915   0.20688   0.21440   0.22170   0.22877   0.23559   0.24214   0.24842   0.25439   0.26007   0.26544   0.27052   0.27531   0.27982   0.28408   0.28810   0.29187   0.29542   0.29874   0.30185   0.30473   0.30741   0.30989   0.31218   0.31430   0.31626   0.31808   0.31977   0.32133   0.32278   0.32412   0.32534   0.32645   0.32745   0.32832   0.32908   0.32971   0.33022   0.33062   0.33091   0.33110   0.33116   0.33109   0.33093   0.33069   0.33037   0.32997   0.32949   0.32895   0.32835   0.32770   0.32700   0.32625   0.32546   0.32464   0.32379   0.32291   0.32200   0.32107   0.32011   0.31914   0.31814   0.31712   0.31609   0.31503   0.31396   0.31287   0.31177   0.31066   0.30954   0.30840   0.30726   0.30612   0.30497   0.30381   0.30265   0.30148   0.30032   0.29915   0.29799   0.29683   0.29567   0.29452   0.29338   0.29224   0.29112   0.29000   0.28890   0.28780   0.28672   0.28565   0.28460   0.28355   0.28253   0.28152   0.28053   0.27955   0.27859   0.27764   0.27671   0.27580   0.27491   0.27403   0.27318   0.27234   0.27154   0.27076   0.27002   0.26930   0.26863   0.26799   0.26740   0.26684   0.26634   0.26589   0.26549   0.26515   0.26486   0.26463   0.26445   0.26433   0.26426   0.26425   0.26431   0.26444   0.26466   0.26498   0.26542   0.26600   0.26671   0.26756   0.26853   0.26961   0.27073   0.27207   0.27338   0.27519   0.27656   0.27920   0.28172   0.28898   0.29860   0.33606   0.40156
120.6250   0.00000  -0.00016  -0.00089  -0.00181  -0.00283  -0.00436  -0.00604  -0.00767  -0.00925  -0.01076  -0.01221  -0.01358  -0.01485  -0.01600  -0.01700  -0.01785  -0.01860  -0.01924  -0.01983  -0.02040  -0.02097  -0.02154  -0.02210  -0.02260  -0.02308  -0.02367  -0.02467  -0.02731  -0.03321  -0.04250  -0.05367  -0.06444  -0.07312  -0.07942  -0.08388  -0.08718  -0.08977  -0.09195  -0.09387  -0.09565  -0.09733  -0.09893  -0.10038  -0.10157  -0.10237  -0.10277  -0.10267  -0.10144  -0.09916  -0.09659  -0.09388  -0.09102  -0.08797  -0.08470  -0.08115  -0.07727  -0.07298  -0.06815  -0.06267  -0.05639  -0.04918  -0.04098  -0.03179  -0.02171  -0.01093   0.00029   0.01168   0.02301   0.03410   0.04487   0.05531   0.06546   0.07538   0.08512   0.09474   0.10425   0.11365   0.12295   0.13211   0.14112   0.14996   0.15863   0.16712   0.17541   0.18351   0.19142   0.19914   0.20665   0.21394   0.22100   0.22781   0.23435   0.24061   0.24658   0.25225   0.25762   0.26269   0.26747   0.27199   0.27624   0.28024   0.28401   0.28755   0.29086   0.29395   0.29682   0.29949   0.30196   0.30423   0.30634   0.30829   0.31010   0.31178   0.31334   0.31478   0.31612   0.31735   0.31847   0.31948   0.32037   0.32116   0.32182   0.32237   0.32281   0.32314   0.32338   0.32351   0.32351   0.32341   0.32324   0.32298   0.32265   0.32225   0.32178   0.32125   0.32067   0.32003   0.31936   0.31864   0.31789   0.31710   0.31629   0.31545   0.31458   0.31369   0.31277   0.31183   0.31088   0.30990   0.30890   0.30789   0.30686   0.30581   0.30475   0.30368   0.30260   0.30151   0.30041   0.29930   0.29819   0.29707   0.29595   0.29483   0.29370   0.29258   0.29146   0.29034   0.28922   0.28812   0.28702   0.28592   0.28484   0.28376   0.28270   0.28165   0.28060   0.27958   0.27856   0.27756   0.27658   0.27561   0.27466   0.27372   0.27280   0.27190   0.27101   0.27014   0.26929   0.26846   0.26765   0.26687   0.26612   0.26540   0.26471   0.26406   0.26345   0.26288   0.26235   0.26188   0.26145   0.26108   0.26076   0.26050   0.26029   0.26013   0.26002   0.25998   0.25999   0.26006   0.26019   0.26041   0.26072   0.26115   0.26170   0.26238   0.26319   0.26409   0.26508   0.26607   0.26729   0.26829   0.26950   0.27021   0.27188   0.27307   0.27750   0.28334   0.30790   0.36031
121.8750   0.00000  -0.00015  -0.00087  -0.00178  -0.00279  -0.00432  -0.00600  -0.00764  -0.00921  -0.01072  -0.01217  -0.01354  -0.01481  -0.01596  -0.01697  -0.01783  -0.01858  -0.01925  -0.01986  -0.02044  -0.02103  -0.02162  -0.02219  -0.02271  -0.02317  -0.02364  -0.02430  -0.02579  -0.02984  -0.03760  -0.04817  -0.05947  -0.06934  -0.07679  -0.08207  -0.08587  -0.08877  -0.09114  -0.09318  -0.09503  -0.09678  -0.09844  -0.09999  -0.10132  -0.10231  -0.10287  -0.10304  -0.10230  -0.10035  -0.09783  -0.09516  -0.09237  -0.08940  -0.08624  -0.08284  -0.07916  -0.07514  -0.07070  -0.06572  -0.06008  -0.05363  -0.04627  -0.03794  -0.02865  -0.01852  -0.00774   0.00344   0.01475   0.02597   0.03693   0.04757   0.05787   0.06789   0.07768   0.08730   0.09678   0.10616   0.11542   0.12456   0.13355   0.14239   0.15104   0.15952   0.16780   0.17589   0.18379   0.19149   0.19898   0.20626   0.21330   0.22010   0.22663   0.23288   0.23884   0.24450   0.24986   0.25492   0.25970   0.26421   0.26845   0.27245   0.27621   0.27974   0.28304   0.28612   0.28899   0.29164   0.29410   0.29636   0.29846   0.30040   0.30220   0.30387   0.30542   0.30687   0.30820   0.30943   0.31056   0.31158   0.31249   0.31329   0.31398   0.31457   0.31504   0.31541   0.31568   0.31588   0.31595   0.31591   0.31580   0.31560   0.31534   0.31500   0.31460   0.31415   0.31363   0.31307   0.31246   0.31182   0.31113   0.31042   0.30967   0.30889   0.30809   0.30726   0.30641   0.30553   0.30463   0.30372   0.30278   0.30182   0.30084   0.29985   0.29885   0.29783   0.29680   0.29576   0.29471   0.29366   0.29259   0.29152   0.29044   0.28936   0.28828   0.28720   0.28611   0.28503   0.28396   0.28289   0.28182   0.28076   0.27971   0.27867   0.27763   0.27661   0.27560   0.27460   0.27361   0.27264   0.27168   0.27074   0.26982   0.26890   0.26801   0.26713   0.26626   0.26542   0.26459   0.26378   0.26300   0.26224   0.26152   0.26082   0.26016   0.25953   0.25894   0.25840   0.25790   0.25745   0.25705   0.25670   0.25641   0.25617   0.25598   0.25585   0.25576   0.25572   0.25575   0.25583   0.25596   0.25617   0.25648   0.25689   0.25743   0.25808   0.25885   0.25969   0.26059   0.26145   0.26252   0.26318   0.26383   0.26398   0.26470   0.26454   0.26586   0.26751   0.27553   0.30985
123.1250   0.00000  -0.00014  -0.00085  -0.00175  -0.00276  -0.00429  -0.00597  -0.00760  -0.00917  -0.01068  -0.01213  -0.01350  -0.01477  -0.01592  -0.01693  -0.01780  -0.01857  -0.01925  -0.01987  -0.02048  -0.02109  -0.02169  -0.02228  -0.02281  -0.02326  -0.02367  -0.02417  -0.02500  -0.02745  -0.03332  -0.04276  -0.05407  -0.06492  -0.07361  -0.07989  -0.08434  -0.08763  -0.09024  -0.09243  -0.09438  -0.09619  -0.09791  -0.09953  -0.10099  -0.10216  -0.10291  -0.10325  -0.10295  -0.10145  -0.09905  -0.09642  -0.09368  -0.09078  -0.08771  -0.08443  -0.08091  -0.07711  -0.07295  -0.06836  -0.06323  -0.05743  -0.05083  -0.04332  -0.03486  -0.02548  -0.01530  -0.00452   0.00661   0.01783   0.02892   0.03975   0.05025   0.06042   0.07030   0.07996   0.08944   0.09878   0.10801   0.11712   0.12609   0.13490   0.14355   0.15201   0.16028   0.16835   0.17624   0.18392   0.19140   0.19866   0.20569   0.21247   0.21899   0.22523   0.23117   0.23682   0.24217   0.24722   0.25199   0.25649   0.26073   0.26472   0.26847   0.27199   0.27528   0.27836   0.28121   0.28386   0.28631   0.28857   0.29066   0.29259   0.29438   0.29605   0.29760   0.29903   0.30036   0.30160   0.30273   0.30375   0.30467   0.30549   0.30621   0.30682   0.30732   0.30773   0.30803   0.30826   0.30841   0.30844   0.30838   0.30824   0.30804   0.30777   0.30744   0.30705   0.30660   0.30611   0.30557   0.30500   0.30438   0.30373   0.30305   0.30234   0.30160   0.30084   0.30005   0.29924   0.29840   0.29754   0.29666   0.29576   0.29484   0.29391   0.29296   0.29199   0.29102   0.29003   0.28903   0.28802   0.28700   0.28598   0.28495   0.28391   0.28288   0.28184   0.28079   0.27975   0.27872   0.27768   0.27666   0.27563   0.27462   0.27361   0.27260   0.27161   0.27063   0.26966   0.26870   0.26776   0.26683   0.26592   0.26502   0.26413   0.26326   0.26240   0.26156   0.26074   0.25994   0.25915   0.25840   0.25766   0.25696   0.25628   0.25564   0.25504   0.25447   0.25395   0.25348   0.25305   0.25268   0.25235   0.25208   0.25187   0.25170   0.25159   0.25152   0.25150   0.25154   0.25162   0.25176   0.25197   0.25227   0.25266   0.25318   0.25380   0.25454   0.25532   0.25613   0.25688   0.25772   0.25806   0.25829   0.25792   0.25767   0.25615   0.25429   0.25132   0.23954   0.24338
124.3750   0.00000  -0.00014  -0.00083  -0.00173  -0.00273  -0.00426  -0.00594  -0.00757  -0.00914  -0.01064  -0.01209  -0.01345  -0.01473  -0.01589  -0.01689  -0.01777  -0.01854  -0.01924  -0.01988  -0.02051  -0.02113  -0.02174  -0.02234  -0.02289  -0.02336  -0.02376  -0.02416  -0.02471  -0.02600  -0.02990  -0.03772  -0.04846  -0.05990  -0.06981  -0.07725  -0.08252  -0.08632  -0.08923  -0.09160  -0.09367  -0.09556  -0.09733  -0.09902  -0.10058  -0.10191  -0.10285  -0.10335  -0.10340  -0.10240  -0.10024  -0.09767  -0.09496  -0.09213  -0.08913  -0.08595  -0.08256  -0.07892  -0.07499  -0.07070  -0.06597  -0.06069  -0.05472  -0.04796  -0.04031  -0.03173  -0.02227  -0.01205  -0.00129   0.00978   0.02090   0.03186   0.04255   0.05290   0.06293   0.07267   0.08219   0.09152   0.10072   0.10979   0.11872   0.12751   0.13614   0.14458   0.15284   0.16091   0.16877   0.17644   0.18390   0.19114   0.19815   0.20492   0.21142   0.21764   0.22357   0.22920   0.23454   0.23958   0.24434   0.24883   0.25306   0.25704   0.26079   0.26430   0.26758   0.27065   0.27350   0.27614   0.27858   0.28084   0.28292   0.28485   0.28664   0.28830   0.28984   0.29128   0.29261   0.29384   0.29497   0.29600   0.29693   0.29776   0.29849   0.29913   0.29966   0.30010   0.30044   0.30070   0.30089   0.30099   0.30099   0.30091   0.30076   0.30055   0.30029   0.29996   0.29958   0.29916   0.29869   0.29818   0.29764   0.29705   0.29644   0.29580   0.29512   0.29442   0.29370   0.29295   0.29217   0.29137   0.29055   0.28971   0.28885   0.28797   0.28707   0.28616   0.28524   0.28430   0.28336   0.28240   0.28143   0.28045   0.27947   0.27848   0.27749   0.27649   0.27550   0.27450   0.27350   0.27251   0.27152   0.27053   0.26955   0.26857   0.26761   0.26665   0.26570   0.26476   0.26383   0.26292   0.26202   0.26113   0.26026   0.25940   0.25855   0.25772   0.25690   0.25611   0.25533   0.25457   0.25383   0.25312   0.25244   0.25179   0.25117   0.25059   0.25005   0.24955   0.24910   0.24869   0.24834   0.24804   0.24779   0.24760   0.24746   0.24736   0.24731   0.24731   0.24736   0.24744   0.24758   0.24779   0.24808   0.24846   0.24896   0.24956   0.25026   0.25098   0.25174   0.25238   0.25295   0.25300   0.25285   0.25200   0.25079   0.24789   0.24304   0.23474   0.20166   0.14184
125.6250   0.00000  -0.00013  -0.00082  -0.00171  -0.00271  -0.00424  -0.00591  -0.00753  -0.00910  -0.01060  -0.01205  -0.01341  -0.01469  -0.01584  -0.01685  -0.01773  -0.01851  -0.01922  -0.01988  -0.02052  -0.02115  -0.02178  -0.02240  -0.02297  -0.02346  -0.02386  -0.02421  -0.02462  -0.02530  -0.02754  -0.03335  -0.04293  -0.05442  -0.06535  -0.07407  -0.08034  -0.08479  -0.08808  -0.09069  -0.09290  -0.09488  -0.09672  -0.09847  -0.10012  -0.10157  -0.10272  -0.10340  -0.10366  -0.10314  -0.10139  -0.09889  -0.09622  -0.09343  -0.09051  -0.08742  -0.08413  -0.08062  -0.07687  -0.07281  -0.06839  -0.06352  -0.05808  -0.05196  -0.04505  -0.03725  -0.02856  -0.01903  -0.00879   0.00195   0.01294   0.02394   0.03477   0.04531   0.05551   0.06539   0.07498   0.08435   0.09353   0.10257   0.11147   0.12022   0.12882   0.13724   0.14549   0.15354   0.16139   0.16904   0.17648   0.18370   0.19069   0.19744   0.20392   0.21012   0.21603   0.22165   0.22697   0.23200   0.23675   0.24123   0.24545   0.24942   0.25316   0.25666   0.25994   0.26300   0.26584   0.26848   0.27092   0.27317   0.27526   0.27718   0.27897   0.28063   0.28217   0.28360   0.28493   0.28616   0.28729   0.28833   0.28926   0.29010   0.29085   0.29150   0.29206   0.29252   0.29290   0.29319   0.29341   0.29357   0.29363   0.29360   0.29351   0.29336   0.29315   0.29289   0.29258   0.29222   0.29182   0.29138   0.29090   0.29038   0.28984   0.28926   0.28865   0.28802   0.28735   0.28666   0.28595   0.28521   0.28445   0.28367   0.28287   0.28204   0.28120   0.28035   0.27948   0.27859   0.27770   0.27679   0.27587   0.27494   0.27401   0.27307   0.27212   0.27117   0.27021   0.26926   0.26831   0.26735   0.26640   0.26545   0.26451   0.26357   0.26264   0.26171   0.26080   0.25989   0.25899   0.25811   0.25724   0.25638   0.25553   0.25470   0.25388   0.25308   0.25229   0.25151   0.25076   0.25002   0.24931   0.24862   0.24796   0.24733   0.24673   0.24618   0.24566   0.24518   0.24475   0.24437   0.24404   0.24377   0.24354   0.24337   0.24325   0.24317   0.24313   0.24315   0.24321   0.24330   0.24343   0.24364   0.24392   0.24429   0.24477   0.24534   0.24601   0.24668   0.24741   0.24793   0.24822   0.24803   0.24753   0.24614   0.24402   0.23963   0.23221   0.21825   0.16682   0.00000
126.8750   0.00000  -0.00013  -0.00080  -0.00169  -0.00269  -0.00421  -0.00589  -0.00750  -0.00907  -0.01057  -0.01201  -0.01337  -0.01464  -0.01580  -0.01680  -0.01768  -0.01847  -0.01919  -0.01987  -0.02053  -0.02117  -0.02181  -0.02244  -0.02302  -0.02354  -0.02396  -0.02430  -0.02463  -0.02508  -0.02618  -0.02991  -0.03779  -0.04871  -0.06028  -0.07025  -0.07771  -0.08297  -0.08676  -0.08968  -0.09207  -0.09415  -0.09607  -0.09788  -0.09959  -0.10115  -0.10245  -0.10334  -0.10377  -0.10367  -0.10242  -0.10009  -0.09745  -0.09471  -0.09185  -0.08883  -0.08564  -0.08224  -0.07863  -0.07475  -0.07058  -0.06602  -0.06101  -0.05542  -0.04914  -0.04208  -0.03415  -0.02536  -0.01577  -0.00552   0.00517   0.01607   0.02695   0.03763   0.04802   0.05807   0.06779   0.07723   0.08643   0.09545   0.10431   0.11303   0.12159   0.12999   0.13821   0.14625   0.15408   0.16172   0.16914   0.17634   0.18331   0.19003   0.19649   0.20267   0.20856   0.21416   0.21947   0.22448   0.22922   0.23368   0.23789   0.24185   0.24558   0.24907   0.25234   0.25540   0.25824   0.26087   0.26331   0.26556   0.26765   0.26958   0.27136   0.27302   0.27456   0.27599   0.27732   0.27855   0.27969   0.28073   0.28167   0.28252   0.28328   0.28394   0.28452   0.28501   0.28541   0.28574   0.28599   0.28618   0.28630   0.28634   0.28629   0.28619   0.28604   0.28584   0.28559   0.28530   0.28496   0.28459   0.28417   0.28372   0.28324   0.28273   0.28219   0.28162   0.28102   0.28039   0.27974   0.27906   0.27836   0.27764   0.27689   0.27613   0.27534   0.27454   0.27373   0.27289   0.27205   0.27119   0.27033   0.26945   0.26856   0.26767   0.26677   0.26586   0.26495   0.26404   0.26313   0.26222   0.26131   0.26040   0.25949   0.25859   0.25770   0.25681   0.25592   0.25505   0.25419   0.25334   0.25250   0.25167   0.25085   0.25004   0.24925   0.24847   0.24771   0.24696   0.24622   0.24551   0.24482   0.24416   0.24352   0.24291   0.24234   0.24180   0.24131   0.24085   0.24045   0.24009   0.23978   0.23953   0.23932   0.23917   0.23907   0.23901   0.23900   0.23903   0.23908   0.23918   0.23932   0.23952   0.23979   0.24015   0.24061   0.24115   0.24179   0.24241   0.24309   0.24349   0.24354   0.24314   0.24229   0.24033   0.23734   0.23159   0.22192   0.20326   0.15037   0.00000
128.1250   0.00000  -0.00012  -0.00079  -0.00167  -0.00267  -0.00419  -0.00586  -0.00747  -0.00904  -0.01053  -0.01197  -0.01332  -0.01459  -0.01575  -0.01675  -0.01763  -0.01843  -0.01916  -0.01985  -0.02052  -0.02118  -0.02183  -0.02246  -0.02306  -0.02360  -0.02404  -0.02440  -0.02469  -0.02502  -0.02559  -0.02761  -0.03333  -0.04307  -0.05472  -0.06576  -0.07451  -0.08079  -0.08523  -0.08852  -0.09114  -0.09337  -0.09537  -0.09724  -0.09902  -0.10067  -0.10212  -0.10322  -0.10383  -0.10399  -0.10325  -0.10125  -0.09868  -0.09597  -0.09315  -0.09020  -0.08709  -0.08379  -0.08030  -0.07657  -0.07258  -0.06828  -0.06359  -0.05843  -0.05269  -0.04626  -0.03905  -0.03101  -0.02213  -0.01250  -0.00226   0.00837   0.01916   0.02991   0.04044   0.05066   0.06055   0.07011   0.07938   0.08842   0.09726   0.10594   0.11446   0.12282   0.13102   0.13903   0.14685   0.15447   0.16187   0.16905   0.17600   0.18269   0.18913   0.19528   0.20116   0.20673   0.21202   0.21702   0.22174   0.22619   0.23038   0.23433   0.23805   0.24154   0.24480   0.24785   0.25069   0.25332   0.25576   0.25801   0.26010   0.26203   0.26382   0.26548   0.26702   0.26846   0.26979   0.27102   0.27216   0.27320   0.27415   0.27501   0.27577   0.27645   0.27705   0.27756   0.27799   0.27835   0.27863   0.27884   0.27901   0.27910   0.27912   0.27907   0.27897   0.27882   0.27863   0.27840   0.27812   0.27781   0.27746   0.27708   0.27666   0.27622   0.27574   0.27523   0.27470   0.27413   0.27354   0.27292   0.27228   0.27162   0.27093   0.27022   0.26950   0.26875   0.26799   0.26721   0.26642   0.26561   0.26479   0.26397   0.26313   0.26228   0.26143   0.26057   0.25971   0.25884   0.25797   0.25710   0.25623   0.25537   0.25450   0.25364   0.25278   0.25193   0.25108   0.25024   0.24941   0.24859   0.24778   0.24698   0.24620   0.24542   0.24465   0.24390   0.24316   0.24244   0.24173   0.24104   0.24038   0.23973   0.23912   0.23853   0.23798   0.23747   0.23700   0.23656   0.23618   0.23584   0.23556   0.23532   0.23514   0.23501   0.23493   0.23489   0.23489   0.23493   0.23500   0.23509   0.23523   0.23543   0.23569   0.23604   0.23648   0.23700   0.23760   0.23819   0.23878   0.23906   0.23896   0.23832   0.23712   0.23461   0.23080   0.22377   0.21213   0.18971   0.13657   0.00000
129.3750   0.00000  -0.00011  -0.00077  -0.00165  -0.00265  -0.00418  -0.00584  -0.00745  -0.00900  -0.01049  -0.01193  -0.01328  -0.01454  -0.01569  -0.01669  -0.01757  -0.01838  -0.01911  -0.01982  -0.02050  -0.02117  -0.02183  -0.02248  -0.02309  -0.02364  -0.02411  -0.02449  -0.02478  -0.02504  -0.02542  -0.02634  -0.02990  -0.03782  -0.04892  -0.06063  -0.07068  -0.07815  -0.08341  -0.08720  -0.09012  -0.09252  -0.09463  -0.09657  -0.09840  -0.10013  -0.10169  -0.10296  -0.10378  -0.10414  -0.10386  -0.10234  -0.09988  -0.09720  -0.09443  -0.09154  -0.08850  -0.08529  -0.08189  -0.07829  -0.07446  -0.07035  -0.06593  -0.06110  -0.05580  -0.04991  -0.04333  -0.03599  -0.02784  -0.01889  -0.00924   0.00097   0.01152   0.02220   0.03280   0.04317   0.05322   0.06294   0.07233   0.08143   0.09029   0.09895   0.10743   0.11575   0.12391   0.13189   0.13969   0.14728   0.15467   0.16183   0.16875   0.17543   0.18183   0.18797   0.19381   0.19937   0.20463   0.20961   0.21431   0.21875   0.22293   0.22687   0.23057   0.23405   0.23731   0.24035   0.24318   0.24582   0.24825   0.25051   0.25260   0.25454   0.25633   0.25800   0.25954   0.26098   0.26232   0.26356   0.26470   0.26574   0.26670   0.26756   0.26834   0.26903   0.26964   0.27018   0.27063   0.27101   0.27133   0.27157   0.27176   0.27190   0.27198   0.27198   0.27193   0.27183   0.27170   0.27152   0.27131   0.27106   0.27077   0.27045   0.27010   0.26972   0.26930   0.26886   0.26839   0.26788   0.26736   0.26680   0.26622   0.26561   0.26498   0.26433   0.26366   0.26297   0.26226   0.26154   0.26080   0.26004   0.25928   0.25850   0.25771   0.25691   0.25611   0.25530   0.25448   0.25366   0.25283   0.25201   0.25118   0.25035   0.24953   0.24871   0.24789   0.24707   0.24626   0.24546   0.24466   0.24388   0.24310   0.24233   0.24157   0.24083   0.24009   0.23936   0.23865   0.23795   0.23727   0.23661   0.23596   0.23535   0.23475   0.23419   0.23366   0.23317   0.23272   0.23231   0.23195   0.23163   0.23137   0.23116   0.23100   0.23089   0.23082   0.23080   0.23082   0.23087   0.23094   0.23104   0.23118   0.23137   0.23162   0.23195   0.23238   0.23288   0.23346   0.23400   0.23450   0.23469   0.23445   0.23358   0.23203   0.22900   0.22440   0.21620   0.20285   0.17749   0.12450   0.00000
130.6250   0.00000  -0.00011  -0.00076  -0.00164  -0.00264  -0.00416  -0.00582  -0.00742  -0.00897  -0.01046  -0.01188  -0.01323  -0.01448  -0.01563  -0.01662  -0.01751  -0.01831  -0.01906  -0.01977  -0.02047  -0.02115  -0.02183  -0.02248  -0.02310  -0.02367  -0.02416  -0.02456  -0.02487  -0.02511  -0.02539  -0.02585  -0.02766  -0.03329  -0.04319  -0.05501  -0.06616  -0.07495  -0.08123  -0.08566  -0.08896  -0.09159  -0.09383  -0.09585  -0.09775  -0.09955  -0.10120  -0.10262  -0.10367  -0.10421  -0.10426  -0.10326  -0.10106  -0.09843  -0.09569  -0.09285  -0.08987  -0.08674  -0.08343  -0.07994  -0.07623  -0.07229  -0.06806  -0.06351  -0.05855  -0.05310  -0.04707  -0.04036  -0.03290  -0.02465  -0.01566  -0.00600   0.00416   0.01462   0.02517   0.03561   0.04581   0.05569   0.06523   0.07444   0.08336   0.09203   0.10049   0.10877   0.11689   0.12483   0.13260   0.14017   0.14753   0.15467   0.16157   0.16822   0.17461   0.18071   0.18653   0.19207   0.19731   0.20226   0.20695   0.21136   0.21553   0.21945   0.22315   0.22661   0.22986   0.23290   0.23573   0.23836   0.24080   0.24306   0.24516   0.24710   0.24890   0.25057   0.25213   0.25357   0.25491   0.25615   0.25730   0.25836   0.25932   0.26019   0.26098   0.26169   0.26231   0.26286   0.26334   0.26374   0.26408   0.26436   0.26458   0.26475   0.26487   0.26494   0.26494   0.26489   0.26480   0.26468   0.26452   0.26433   0.26411   0.26385   0.26356   0.26324   0.26289   0.26250   0.26209   0.26165   0.26118   0.26069   0.26017   0.25962   0.25905   0.25845   0.25784   0.25720   0.25655   0.25588   0.25519   0.25449   0.25378   0.25305   0.25231   0.25156   0.25080   0.25004   0.24927   0.24849   0.24771   0.24693   0.24615   0.24536   0.24458   0.24379   0.24301   0.24224   0.24146   0.24070   0.23994   0.23919   0.23844   0.23771   0.23698   0.23626   0.23555   0.23486   0.23417   0.23350   0.23284   0.23220   0.23159   0.23099   0.23042   0.22989   0.22938   0.22891   0.22848   0.22809   0.22775   0.22746   0.22721   0.22702   0.22689   0.22679   0.22675   0.22675   0.22679   0.22685   0.22692   0.22703   0.22716   0.22734   0.22759   0.22790   0.22831   0.22879   0.22934   0.22984   0.23028   0.23036   0.23000   0.22891   0.22702   0.22349   0.21817   0.20888   0.19406   0.16641   0.11395   0.00000
131.8750   0.00000  -0.00010  -0.00075  -0.00163  -0.00263  -0.00415  -0.00580  -0.00739  -0.00894  -0.01042  -0.01183  -0.01317  -0.01442  -0.01556  -0.01655  -0.01743  -0.01824  -0.01900  -0.01972  -0.02042  -0.02112  -0.02180  -0.02247  -0.02310  -0.02368  -0.02419  -0.02462  -0.02495  -0.02520  -0.02542  -0.02573  -0.02648  -0.02987  -0.03784  -0.04912  -0.06098  -0.07110  -0.07858  -0.08384  -0.08763  -0.09055  -0.09297  -0.09509  -0.09705  -0.09891  -0.10065  -0.10220  -0.10342  -0.10417  -0.10446  -0.10396  -0.10219  -0.09963  -0.09692  -0.09413  -0.09121  -0.08815  -0.08492  -0.08152  -0.07793  -0.07411  -0.07006  -0.06572  -0.06103  -0.05594  -0.05035  -0.04418  -0.03735  -0.02978  -0.02147  -0.01244  -0.00280   0.00730   0.01766   0.02806   0.03833   0.04836   0.05806   0.06741   0.07643   0.08515   0.09362   0.10188   0.10996   0.11786   0.12559   0.13313   0.14046   0.14758   0.15446   0.16108   0.16744   0.17352   0.17932   0.18482   0.19004   0.19497   0.19963   0.20403   0.20818   0.21209   0.21577   0.21923   0.22247   0.22550   0.22833   0.23096   0.23340   0.23566   0.23776   0.23971   0.24152   0.24320   0.24476   0.24621   0.24756   0.24882   0.24997   0.25103   0.25200   0.25289   0.25369   0.25440   0.25504   0.25561   0.25611   0.25654   0.25690   0.25721   0.25746   0.25766   0.25781   0.25793   0.25799   0.25799   0.25795   0.25787   0.25777   0.25764   0.25747   0.25727   0.25704   0.25678   0.25649   0.25617   0.25582   0.25544   0.25503   0.25459   0.25413   0.25364   0.25313   0.25259   0.25203   0.25145   0.25085   0.25024   0.24960   0.24895   0.24829   0.24761   0.24692   0.24622   0.24551   0.24480   0.24407   0.24334   0.24261   0.24187   0.24113   0.24039   0.23964   0.23890   0.23816   0.23742   0.23669   0.23596   0.23524   0.23452   0.23381   0.23311   0.23241   0.23172   0.23104   0.23038   0.22972   0.22907   0.22845   0.22783   0.22724   0.22667   0.22613   0.22561   0.22513   0.22468   0.22427   0.22391   0.22359   0.22332   0.22310   0.22293   0.22281   0.22274   0.22271   0.22274   0.22278   0.22285   0.22294   0.22304   0.22318   0.22335   0.22358   0.22388   0.22427   0.22473   0.22526   0.22573   0.22610   0.22610   0.22562   0.22432   0.22211   0.21810   0.21210   0.20183   0.18575   0.15637   0.10468   0.00000
133.1250   0.00000  -0.00010  -0.00074  -0.00162  -0.00263  -0.00414  -0.00578  -0.00736  -0.00890  -0.01038  -0.01179  -0.01311  -0.01435  -0.01548  -0.01646  -0.01735  -0.01816  -0.01892  -0.01965  -0.02037  -0.02107  -0.02176  -0.02244  -0.02309  -0.02368  -0.02421  -0.02466  -0.02502  -0.02529  -0.02550  -0.02573  -0.02609  -0.02769  -0.03325  -0.04330  -0.05529  -0.06654  -0.07538  -0.08166  -0.08609  -0.08938  -0.09202  -0.09428  -0.09632  -0.09824  -0.10005  -0.10170  -0.10309  -0.10407  -0.10453  -0.10444  -0.10320  -0.10082  -0.09815  -0.09538  -0.09252  -0.08952  -0.08637  -0.08305  -0.07955  -0.07586  -0.07194  -0.06777  -0.06331  -0.05850  -0.05327  -0.04755  -0.04126  -0.03431  -0.02666  -0.01829  -0.00925   0.00036   0.01038   0.02060   0.03085   0.04095   0.05079   0.06029   0.06945   0.07827   0.08679   0.09506   0.10311   0.11097   0.11865   0.12615   0.13346   0.14055   0.14740   0.15400   0.16033   0.16639   0.17216   0.17763   0.18282   0.18773   0.19237   0.19675   0.20088   0.20477   0.20844   0.21188   0.21512   0.21814   0.22097   0.22360   0.22604   0.22831   0.23041   0.23237   0.23419   0.23588   0.23745   0.23891   0.24027   0.24153   0.24270   0.24377   0.24475   0.24565   0.24646   0.24719   0.24784   0.24843   0.24894   0.24939   0.24978   0.25012   0.25040   0.25062   0.25081   0.25096   0.25107   0.25113   0.25114   0.25111   0.25106   0.25097   0.25086   0.25072   0.25055   0.25035   0.25012   0.24985   0.24956   0.24924   0.24889   0.24852   0.24811   0.24768   0.24723   0.24675   0.24624   0.24572   0.24518   0.24461   0.24403   0.24343   0.24282   0.24219   0.24155   0.24090   0.24024   0.23957   0.23889   0.23821   0.23752   0.23683   0.23613   0.23543   0.23473   0.23403   0.23333   0.23263   0.23193   0.23124   0.23056   0.22987   0.22920   0.22853   0.22787   0.22721   0.22656   0.22592   0.22530   0.22468   0.22408   0.22349   0.22293   0.22238   0.22186   0.22137   0.22091   0.22049   0.22010   0.21976   0.21946   0.21921   0.21901   0.21886   0.21877   0.21872   0.21871   0.21875   0.21881   0.21889   0.21898   0.21909   0.21922   0.21938   0.21960   0.21989   0.22026   0.22071   0.22121   0.22165   0.22197   0.22189   0.22130   0.21980   0.21728   0.21283   0.20621   0.19506   0.17792   0.14724   0.09652   0.00000
134.3750   0.00000  -0.00010  -0.00073  -0.00161  -0.00262  -0.00413  -0.00576  -0.00733  -0.00887  -0.01033  -0.01173  -0.01305  -0.01428  -0.01539  -0.01637  -0.01725  -0.01807  -0.01884  -0.01957  -0.02030  -0.02101  -0.02171  -0.02239  -0.02305  -0.02366  -0.02421  -0.02469  -0.02507  -0.02537  -0.02559  -0.02577  -0.02601  -0.02660  -0.02984  -0.03787  -0.04932  -0.06132  -0.07150  -0.07901  -0.08427  -0.08805  -0.09097  -0.09340  -0.09554  -0.09752  -0.09939  -0.10114  -0.10267  -0.10383  -0.10451  -0.10471  -0.10398  -0.10198  -0.09936  -0.09662  -0.09380  -0.09086  -0.08777  -0.08453  -0.08112  -0.07753  -0.07373  -0.06971  -0.06542  -0.06084  -0.05591  -0.05056  -0.04472  -0.03832  -0.03127  -0.02355  -0.01515  -0.00611   0.00345   0.01337   0.02346   0.03353   0.04345   0.05309   0.06239   0.07134   0.07996   0.08827   0.09633   0.10417   0.11181   0.11926   0.12652   0.13358   0.14040   0.14697   0.15328   0.15931   0.16505   0.17050   0.17567   0.18055   0.18516   0.18952   0.19363   0.19750   0.20116   0.20459   0.20781   0.21083   0.21365   0.21628   0.21873   0.22100   0.22311   0.22508   0.22691   0.22861   0.23019   0.23166   0.23304   0.23431   0.23548   0.23657   0.23756   0.23847   0.23929   0.24004   0.24071   0.24131   0.24184   0.24232   0.24273   0.24309   0.24340   0.24365   0.24387   0.24405   0.24420   0.24431   0.24437   0.24440   0.24438   0.24435   0.24429   0.24420   0.24409   0.24394   0.24377   0.24357   0.24333   0.24307   0.24278   0.24246   0.24212   0.24174   0.24134   0.24092   0.24047   0.24000   0.23951   0.23900   0.23847   0.23793   0.23737   0.23679   0.23620   0.23560   0.23499   0.23436   0.23373   0.23310   0.23245   0.23180   0.23115   0.23049   0.22984   0.22918   0.22852   0.22786   0.22720   0.22655   0.22590   0.22525   0.22461   0.22398   0.22335   0.22272   0.22211   0.22150   0.22090   0.22031   0.21974   0.21918   0.21864   0.21812   0.21763   0.21716   0.21672   0.21632   0.21596   0.21564   0.21536   0.21513   0.21496   0.21483   0.21475   0.21473   0.21475   0.21480   0.21487   0.21496   0.21506   0.21517   0.21529   0.21545   0.21565   0.21592   0.21628   0.21671   0.21720   0.21762   0.21789   0.21775   0.21704   0.21535   0.21255   0.20769   0.20049   0.18855   0.17052   0.13892   0.08930   0.00000
135.6250   0.00000  -0.00009  -0.00072  -0.00161  -0.00263  -0.00412  -0.00574  -0.00731  -0.00883  -0.01029  -0.01168  -0.01298  -0.01419  -0.01530  -0.01627  -0.01715  -0.01797  -0.01874  -0.01948  -0.02021  -0.02093  -0.02164  -0.02233  -0.02300  -0.02363  -0.02420  -0.02469  -0.02511  -0.02543  -0.02567  -0.02585  -0.02602  -0.02630  -0.02772  -0.03321  -0.04341  -0.05556  -0.06692  -0.07580  -0.08208  -0.08651  -0.08980  -0.09244  -0.09471  -0.09677  -0.09870  -0.10052  -0.10217  -0.10352  -0.10442  -0.10482  -0.10455  -0.10306  -0.10055  -0.09784  -0.09506  -0.09217  -0.08915  -0.08598  -0.08265  -0.07914  -0.07545  -0.07155  -0.06742  -0.06302  -0.05833  -0.05328  -0.04781  -0.04187  -0.03536  -0.02824  -0.02046  -0.01204  -0.00303   0.00646   0.01626   0.02620   0.03610   0.04581   0.05524   0.06434   0.07308   0.08148   0.08958   0.09742   0.10504   0.11245   0.11966   0.12667   0.13346   0.14000   0.14629   0.15229   0.15800   0.16343   0.16856   0.17342   0.17801   0.18234   0.18643   0.19028   0.19392   0.19734   0.20056   0.20357   0.20639   0.20901   0.21146   0.21374   0.21586   0.21783   0.21967   0.22138   0.22298   0.22446   0.22585   0.22713   0.22832   0.22942   0.23043   0.23135   0.23219   0.23295   0.23364   0.23426   0.23481   0.23530   0.23574   0.23612   0.23646   0.23675   0.23699   0.23720   0.23738   0.23753   0.23765   0.23772   0.23776   0.23777   0.23776   0.23772   0.23766   0.23757   0.23745   0.23730   0.23713   0.23692   0.23669   0.23643   0.23614   0.23582   0.23548   0.23511   0.23472   0.23431   0.23387   0.23341   0.23294   0.23244   0.23193   0.23141   0.23087   0.23031   0.22975   0.22917   0.22859   0.22800   0.22740   0.22680   0.22619   0.22557   0.22496   0.22434   0.22372   0.22310   0.22249   0.22187   0.22126   0.22065   0.22005   0.21944   0.21885   0.21826   0.21767   0.21710   0.21653   0.21597   0.21542   0.21489   0.21438   0.21389   0.21342   0.21298   0.21256   0.21219   0.21185   0.21155   0.21129   0.21109   0.21093   0.21083   0.21077   0.21077   0.21081   0.21088   0.21097   0.21106   0.21117   0.21127   0.21139   0.21154   0.21173   0.21198   0.21233   0.21275   0.21322   0.21363   0.21386   0.21366   0.21285   0.21099   0.20792   0.20268   0.19497   0.18233   0.16355   0.13133   0.08291   0.00000
136.8750   0.00000  -0.00009  -0.00072  -0.00161  -0.00263  -0.00411  -0.00572  -0.00728  -0.00879  -0.01024  -0.01161  -0.01290  -0.01410  -0.01519  -0.01616  -0.01704  -0.01786  -0.01863  -0.01938  -0.02012  -0.02084  -0.02156  -0.02226  -0.02293  -0.02357  -0.02416  -0.02468  -0.02512  -0.02547  -0.02575  -0.02593  -0.02608  -0.02626  -0.02670  -0.02981  -0.03790  -0.04951  -0.06165  -0.07191  -0.07944  -0.08468  -0.08846  -0.09139  -0.09382  -0.09597  -0.09796  -0.09985  -0.10160  -0.10310  -0.10421  -0.10481  -0.10490  -0.10394  -0.10173  -0.09906  -0.09630  -0.09345  -0.09049  -0.08739  -0.08413  -0.08071  -0.07711  -0.07332  -0.06931  -0.06507  -0.06057  -0.05577  -0.05061  -0.04505  -0.03900  -0.03241  -0.02522  -0.01741  -0.00899  -0.00002   0.00938   0.01905   0.02882   0.03852   0.04803   0.05725   0.06612   0.07464   0.08283   0.09071   0.09832   0.10571   0.11288   0.11984   0.12659   0.13309   0.13934   0.14531   0.15100   0.15640   0.16151   0.16634   0.17090   0.17521   0.17927   0.18311   0.18673   0.19014   0.19334   0.19635   0.19916   0.20179   0.20424   0.20652   0.20865   0.21063   0.21248   0.21420   0.21581   0.21731   0.21871   0.22001   0.22122   0.22233   0.22335   0.22429   0.22515   0.22592   0.22663   0.22726   0.22784   0.22835   0.22881   0.22922   0.22958   0.22990   0.23017   0.23041   0.23062   0.23081   0.23096   0.23109   0.23118   0.23124   0.23127   0.23128   0.23127   0.23123   0.23117   0.23107   0.23095   0.23080   0.23062   0.23042   0.23019   0.22992   0.22964   0.22933   0.22899   0.22863   0.22824   0.22784   0.22742   0.22698   0.22652   0.22604   0.22555   0.22505   0.22453   0.22400   0.22347   0.22292   0.22237   0.22181   0.22124   0.22068   0.22010   0.21953   0.21895   0.21837   0.21779   0.21722   0.21664   0.21607   0.21550   0.21493   0.21437   0.21381   0.21326   0.21272   0.21218   0.21165   0.21113   0.21063   0.21015   0.20968   0.20924   0.20882   0.20843   0.20808   0.20776   0.20749   0.20725   0.20707   0.20694   0.20685   0.20682   0.20685   0.20690   0.20699   0.20709   0.20720   0.20730   0.20741   0.20752   0.20766   0.20783   0.20807   0.20840   0.20881   0.20928   0.20968   0.20989   0.20962   0.20872   0.20670   0.20340   0.19780   0.18962   0.17637   0.15699   0.12439   0.07723   0.00000
138.1250   0.00000  -0.00009  -0.00071  -0.00162  -0.00264  -0.00411  -0.00570  -0.00724  -0.00875  -0.01019  -0.01155  -0.01282  -0.01401  -0.01508  -0.01603  -0.01691  -0.01773  -0.01851  -0.01927  -0.02001  -0.02074  -0.02146  -0.02217  -0.02285  -0.02350  -0.02410  -0.02464  -0.02511  -0.02549  -0.02580  -0.02601  -0.02616  -0.02628  -0.02646  -0.02774  -0.03319  -0.04352  -0.05582  -0.06730  -0.07621  -0.08250  -0.08692  -0.09021  -0.09285  -0.09512  -0.09719  -0.09914  -0.10096  -0.10260  -0.10391  -0.10474  -0.10506  -0.10460  -0.10285  -0.10026  -0.09753  -0.09472  -0.09180  -0.08876  -0.08558  -0.08223  -0.07872  -0.07502  -0.07113  -0.06702  -0.06268  -0.05808  -0.05318  -0.04793  -0.04227  -0.03614  -0.02948  -0.02224  -0.01441  -0.00601   0.00290   0.01219   0.02171   0.03130   0.04080   0.05009   0.05909   0.06774   0.07603   0.08399   0.09164   0.09903   0.10617   0.11309   0.11978   0.12624   0.13245   0.13839   0.14405   0.14942   0.15450   0.15931   0.16384   0.16813   0.17217   0.17599   0.17959   0.18298   0.18618   0.18917   0.19198   0.19461   0.19706   0.19935   0.20148   0.20347   0.20533   0.20707   0.20869   0.21021   0.21162   0.21294   0.21416   0.21529   0.21633   0.21729   0.21816   0.21895   0.21968   0.22033   0.22093   0.22146   0.22194   0.22237   0.22276   0.22311   0.22341   0.22368   0.22393   0.22414   0.22433   0.22450   0.22464   0.22475   0.22483   0.22489   0.22492   0.22493   0.22491   0.22487   0.22481   0.22471   0.22459   0.22444   0.22426   0.22405   0.22382   0.22356   0.22328   0.22297   0.22264   0.22229   0.22192   0.22153   0.22112   0.22070   0.22025   0.21980   0.21933   0.21885   0.21836   0.21786   0.21736   0.21684   0.21632   0.21579   0.21526   0.21473   0.21419   0.21366   0.21312   0.21258   0.21204   0.21151   0.21098   0.21044   0.20992   0.20939   0.20887   0.20836   0.20785   0.20736   0.20687   0.20640   0.20594   0.20550   0.20508   0.20469   0.20433   0.20400   0.20370   0.20345   0.20324   0.20308   0.20298   0.20291   0.20290   0.20295   0.20302   0.20312   0.20324   0.20336   0.20347   0.20358   0.20368   0.20380   0.20397   0.20419   0.20451   0.20490   0.20536   0.20579   0.20597   0.20562   0.20466   0.20250   0.19898   0.19307   0.18447   0.17067   0.15080   0.11803   0.07217   0.00000
139.3750   0.00000  -0.00009  -0.00071  -0.00162  -0.00265  -0.00410  -0.00568  -0.00721  -0.00871  -0.01013  -0.01147  -0.01273  -0.01390  -0.01495  -0.01590  -0.01678  -0.01760  -0.01838  -0.01914  -0.01989  -0.02063  -0.02135  -0.02206  -0.02275  -0.02341  -0.02402  -0.02458  -0.02508  -0.02549  -0.02582  -0.02608  -0.02624  -0.02634  -0.02645  -0.02677  -0.02980  -0.03794  -0.04971  -0.06198  -0.07232  -0.07985  -0.08509  -0.08887  -0.09178  -0.09422  -0.09638  -0.09838  -0.10028  -0.10202  -0.10350  -0.10457  -0.10508  -0.10504  -0.10383  -0.10145  -0.09874  -0.09596  -0.09310  -0.09011  -0.08699  -0.08371  -0.08028  -0.07667  -0.07288  -0.06889  -0.06469  -0.06025  -0.05556  -0.05057  -0.04523  -0.03949  -0.03329  -0.02658  -0.01931  -0.01148  -0.00311   0.00571   0.01488   0.02424   0.03364   0.04292   0.05199   0.06075   0.06917   0.07723   0.08496   0.09237   0.09951   0.10640   0.11305   0.11946   0.12562   0.13153   0.13715   0.14249   0.14755   0.15232   0.15683   0.16109   0.16511   0.16891   0.17249   0.17587   0.17905   0.18204   0.18485   0.18747   0.18992   0.19222   0.19436   0.19636   0.19823   0.19998   0.20162   0.20315   0.20458   0.20591   0.20715   0.20830   0.20936   0.21033   0.21123   0.21204   0.21278   0.21346   0.21407   0.21463   0.21513   0.21559   0.21600   0.21637   0.21671   0.21701   0.21729   0.21753   0.21776   0.21796   0.21814   0.21830   0.21843   0.21854   0.21862   0.21867   0.21870   0.21871   0.21869   0.21865   0.21858   0.21848   0.21836   0.21820   0.21803   0.21782   0.21759   0.21734   0.21706   0.21676   0.21644   0.21610   0.21574   0.21537   0.21498   0.21457   0.21415   0.21372   0.21328   0.21282   0.21236   0.21189   0.21142   0.21093   0.21045   0.20995   0.20946   0.20896   0.20846   0.20796   0.20747   0.20697   0.20647   0.20598   0.20548   0.20499   0.20451   0.20403   0.20355   0.20308   0.20263   0.20218   0.20175   0.20134   0.20095   0.20058   0.20025   0.19994   0.19967   0.19944   0.19926   0.19912   0.19903   0.19900   0.19902   0.19908   0.19917   0.19929   0.19942   0.19955   0.19966   0.19977   0.19987   0.19997   0.20012   0.20033   0.20063   0.20102   0.20148   0.20191   0.20208   0.20170   0.20067   0.19839   0.19467   0.18847   0.17949   0.16522   0.14498   0.11220   0.06765   0.00000
140.6250   0.00000  -0.00008  -0.00071  -0.00163  -0.00266  -0.00410  -0.00566  -0.00718  -0.00866  -0.01007  -0.01140  -0.01264  -0.01378  -0.01482  -0.01575  -0.01663  -0.01745  -0.01824  -0.01900  -0.01976  -0.02050  -0.02123  -0.02194  -0.02264  -0.02330  -0.02393  -0.02451  -0.02502  -0.02546  -0.02583  -0.02611  -0.02631  -0.02643  -0.02650  -0.02660  -0.02776  -0.03319  -0.04363  -0.05610  -0.06768  -0.07663  -0.08291  -0.08732  -0.09060  -0.09324  -0.09551  -0.09759  -0.09955  -0.10138  -0.10300  -0.10427  -0.10502  -0.10526  -0.10458  -0.10260  -0.09995  -0.09720  -0.09437  -0.09143  -0.08837  -0.08516  -0.08180  -0.07827  -0.07457  -0.07069  -0.06661  -0.06232  -0.05780  -0.05302  -0.04795  -0.04254  -0.03674  -0.03048  -0.02373  -0.01645  -0.00863  -0.00032   0.00841   0.01744   0.02662   0.03581   0.04488   0.05371   0.06223   0.07041   0.07823   0.08572   0.09288   0.09976   0.10638   0.11274   0.11886   0.12472   0.13030   0.13561   0.14064   0.14539   0.14987   0.15411   0.15810   0.16188   0.16544   0.16881   0.17198   0.17496   0.17776   0.18038   0.18283   0.18513   0.18728   0.18929   0.19117   0.19293   0.19459   0.19613   0.19758   0.19893   0.20019   0.20136   0.20244   0.20343   0.20434   0.20518   0.20594   0.20664   0.20728   0.20786   0.20839   0.20887   0.20930   0.20970   0.21007   0.21040   0.21070   0.21098   0.21124   0.21148   0.21170   0.21190   0.21207   0.21223   0.21235   0.21246   0.21253   0.21259   0.21262   0.21262   0.21260   0.21256   0.21248   0.21238   0.21226   0.21211   0.21193   0.21173   0.21150   0.21125   0.21099   0.21070   0.21039   0.21006   0.20972   0.20936   0.20899   0.20861   0.20821   0.20781   0.20739   0.20696   0.20653   0.20609   0.20565   0.20520   0.20474   0.20429   0.20383   0.20337   0.20291   0.20245   0.20199   0.20153   0.20107   0.20061   0.20016   0.19971   0.19927   0.19883   0.19841   0.19799   0.19759   0.19721   0.19684   0.19650   0.19619   0.19591   0.19567   0.19546   0.19530   0.19519   0.19512   0.19511   0.19515   0.19523   0.19535   0.19548   0.19563   0.19576   0.19588   0.19598   0.19607   0.19617   0.19630   0.19649   0.19679   0.19717   0.19763   0.19805   0.19822   0.19784   0.19676   0.19437   0.19048   0.18401   0.17469   0.16003   0.13950   0.10684   0.06358   0.00000
141.8750   0.00000  -0.00008  -0.00071  -0.00165  -0.00267  -0.00410  -0.00563  -0.00714  -0.00861  -0.01000  -0.01131  -0.01253  -0.01365  -0.01467  -0.01560  -0.01647  -0.01729  -0.01808  -0.01885  -0.01961  -0.02035  -0.02109  -0.02181  -0.02251  -0.02318  -0.02382  -0.02441  -0.02494  -0.02541  -0.02580  -0.02612  -0.02636  -0.02650  -0.02657  -0.02662  -0.02684  -0.02980  -0.03799  -0.04991  -0.06233  -0.07272  -0.08026  -0.08549  -0.08926  -0.09216  -0.09459  -0.09676  -0.09878  -0.10068  -0.10242  -0.10387  -0.10488  -0.10532  -0.10511  -0.10366  -0.10115  -0.09842  -0.09562  -0.09273  -0.08972  -0.08658  -0.08329  -0.07983  -0.07622  -0.07243  -0.06846  -0.06429  -0.05992  -0.05533  -0.05048  -0.04535  -0.03987  -0.03401  -0.02772  -0.02094  -0.01366  -0.00587   0.00236   0.01098   0.01985   0.02884   0.03782   0.04665   0.05524   0.06352   0.07146   0.07903   0.08625   0.09316   0.09976   0.10609   0.11216   0.11797   0.12351   0.12878   0.13377   0.13849   0.14295   0.14716   0.15114   0.15489   0.15844   0.16179   0.16495   0.16792   0.17071   0.17333   0.17579   0.17809   0.18024   0.18226   0.18415   0.18593   0.18760   0.18916   0.19063   0.19200   0.19327   0.19446   0.19556   0.19658   0.19751   0.19837   0.19916   0.19988   0.20054   0.20114   0.20169   0.20220   0.20266   0.20309   0.20348   0.20384   0.20418   0.20449   0.20478   0.20505   0.20531   0.20554   0.20576   0.20596   0.20613   0.20628   0.20641   0.20651   0.20658   0.20664   0.20666   0.20666   0.20664   0.20659   0.20652   0.20642   0.20629   0.20614   0.20597   0.20577   0.20555   0.20531   0.20506   0.20478   0.20449   0.20418   0.20385   0.20352   0.20317   0.20281   0.20244   0.20206   0.20167   0.20127   0.20087   0.20046   0.20005   0.19963   0.19921   0.19879   0.19837   0.19795   0.19752   0.19710   0.19668   0.19626   0.19584   0.19542   0.19501   0.19460   0.19421   0.19382   0.19345   0.19309   0.19276   0.19244   0.19216   0.19190   0.19168   0.19151   0.19137   0.19127   0.19123   0.19125   0.19131   0.19141   0.19155   0.19170   0.19186   0.19201   0.19213   0.19222   0.19231   0.19239   0.19250   0.19268   0.19296   0.19334   0.19381   0.19422   0.19441   0.19405   0.19293   0.19044   0.18639   0.17969   0.17007   0.15507   0.13434   0.10191   0.05992   0.00000
143.1250   0.00000  -0.00008  -0.00072  -0.00166  -0.00269  -0.00409  -0.00561  -0.00710  -0.00856  -0.00993  -0.01122  -0.01242  -0.01352  -0.01451  -0.01543  -0.01630  -0.01712  -0.01791  -0.01869  -0.01945  -0.02020  -0.02094  -0.02166  -0.02237  -0.02305  -0.02369  -0.02430  -0.02485  -0.02534  -0.02575  -0.02610  -0.02637  -0.02656  -0.02665  -0.02669  -0.02672  -0.02779  -0.03320  -0.04376  -0.05639  -0.06807  -0.07704  -0.08331  -0.08771  -0.09097  -0.09360  -0.09588  -0.09797  -0.09994  -0.10178  -0.10338  -0.10459  -0.10527  -0.10542  -0.10452  -0.10233  -0.09963  -0.09686  -0.09401  -0.09105  -0.08797  -0.08474  -0.08136  -0.07782  -0.07412  -0.07024  -0.06619  -0.06196  -0.05752  -0.05286  -0.04795  -0.04276  -0.03724  -0.03134  -0.02501  -0.01822  -0.01096  -0.00323   0.00492   0.01340   0.02210   0.03090   0.03965   0.04824   0.05659   0.06462   0.07229   0.07960   0.08656   0.09318   0.09949   0.10553   0.11128   0.11678   0.12200   0.12696   0.13165   0.13608   0.14027   0.14422   0.14795   0.15148   0.15482   0.15796   0.16092   0.16371   0.16633   0.16878   0.17109   0.17325   0.17527   0.17718   0.17897   0.18065   0.18223   0.18372   0.18511   0.18640   0.18761   0.18873   0.18977   0.19073   0.19161   0.19242   0.19317   0.19385   0.19448   0.19506   0.19559   0.19608   0.19653   0.19695   0.19734   0.19771   0.19805   0.19837   0.19868   0.19897   0.19924   0.19950   0.19973   0.19995   0.20015   0.20032   0.20047   0.20059   0.20069   0.20076   0.20081   0.20083   0.20083   0.20081   0.20076   0.20068   0.20058   0.20046   0.20031   0.20015   0.19996   0.19975   0.19952   0.19928   0.19901   0.19874   0.19845   0.19814   0.19783   0.19750   0.19717   0.19682   0.19647   0.19611   0.19574   0.19537   0.19500   0.19462   0.19424   0.19385   0.19347   0.19308   0.19269   0.19230   0.19192   0.19153   0.19115   0.19077   0.19040   0.19003   0.18967   0.18933   0.18900   0.18869   0.18841   0.18815   0.18792   0.18773   0.18757   0.18746   0.18739   0.18737   0.18741   0.18750   0.18762   0.18778   0.18795   0.18812   0.18827   0.18840   0.18849   0.18856   0.18863   0.18873   0.18889   0.18916   0.18954   0.19002   0.19044   0.19065   0.19032   0.18917   0.18660   0.18241   0.17551   0.16562   0.15034   0.12949   0.09736   0.05660   0.00000
144.3750   0.00000  -0.00008  -0.00072  -0.00168  -0.00270  -0.00408  -0.00558  -0.00706  -0.00850  -0.00986  -0.01112  -0.01229  -0.01337  -0.01435  -0.01525  -0.01611  -0.01694  -0.01773  -0.01851  -0.01927  -0.02003  -0.02077  -0.02150  -0.02221  -0.02289  -0.02355  -0.02416  -0.02473  -0.02524  -0.02569  -0.02606  -0.02636  -0.02658  -0.02672  -0.02676  -0.02678  -0.02693  -0.02982  -0.03805  -0.05012  -0.06268  -0.07313  -0.08067  -0.08588  -0.08963  -0.09252  -0.09495  -0.09712  -0.09915  -0.10107  -0.10280  -0.10422  -0.10515  -0.10554  -0.10513  -0.10344  -0.10084  -0.09809  -0.09527  -0.09236  -0.08933  -0.08616  -0.08285  -0.07939  -0.07576  -0.07198  -0.06803  -0.06391  -0.05961  -0.05512  -0.05040  -0.04545  -0.04021  -0.03465  -0.02872  -0.02238  -0.01560  -0.00838  -0.00071   0.00733   0.01567   0.02419   0.03277   0.04130   0.04965   0.05774   0.06550   0.07291   0.07994   0.08660   0.09293   0.09894   0.10466   0.11010   0.11528   0.12019   0.12485   0.12925   0.13341   0.13734   0.14106   0.14457   0.14789   0.15102   0.15397   0.15675   0.15936   0.16182   0.16413   0.16630   0.16833   0.17025   0.17205   0.17375   0.17535   0.17685   0.17826   0.17958   0.18081   0.18195   0.18301   0.18400   0.18490   0.18574   0.18651   0.18722   0.18787   0.18847   0.18903   0.18955   0.19003   0.19048   0.19090   0.19129   0.19167   0.19202   0.19236   0.19268   0.19299   0.19328   0.19356   0.19382   0.19406   0.19427   0.19447   0.19463   0.19478   0.19490   0.19499   0.19506   0.19511   0.19513   0.19513   0.19510   0.19505   0.19498   0.19488   0.19476   0.19462   0.19446   0.19428   0.19409   0.19387   0.19364   0.19340   0.19314   0.19287   0.19259   0.19230   0.19200   0.19169   0.19137   0.19105   0.19072   0.19038   0.19004   0.18970   0.18935   0.18900   0.18865   0.18830   0.18795   0.18760   0.18725   0.18690   0.18655   0.18621   0.18587   0.18555   0.18523   0.18493   0.18465   0.18439   0.18416   0.18396   0.18379   0.18366   0.18357   0.18352   0.18354   0.18360   0.18370   0.18385   0.18402   0.18421   0.18440   0.18457   0.18469   0.18478   0.18484   0.18489   0.18498   0.18512   0.18538   0.18576   0.18625   0.18670   0.18695   0.18664   0.18547   0.18285   0.17854   0.17146   0.16135   0.14583   0.12493   0.09315   0.05360   0.00000
145.6250   0.00000  -0.00008  -0.00073  -0.00170  -0.00271  -0.00408  -0.00555  -0.00701  -0.00843  -0.00977  -0.01101  -0.01216  -0.01321  -0.01417  -0.01506  -0.01592  -0.01674  -0.01754  -0.01832  -0.01908  -0.01984  -0.02058  -0.02132  -0.02203  -0.02272  -0.02339  -0.02401  -0.02460  -0.02513  -0.02560  -0.02600  -0.02632  -0.02658  -0.02676  -0.02684  -0.02684  -0.02684  -0.02785  -0.03322  -0.04390  -0.05669  -0.06846  -0.07745  -0.08371  -0.08808  -0.09133  -0.09395  -0.09622  -0.09832  -0.10031  -0.10215  -0.10373  -0.10489  -0.10550  -0.10553  -0.10439  -0.10204  -0.09931  -0.09652  -0.09365  -0.09067  -0.08756  -0.08431  -0.08092  -0.07737  -0.07367  -0.06982  -0.06580  -0.06163  -0.05727  -0.05273  -0.04798  -0.04298  -0.03771  -0.03213  -0.02619  -0.01985  -0.01309  -0.00591   0.00166   0.00959   0.01777   0.02610   0.03447   0.04276   0.05085   0.05868   0.06616   0.07328   0.08002   0.08638   0.09240   0.09809   0.10349   0.10862   0.11349   0.11810   0.12247   0.12660   0.13051   0.13421   0.13770   0.14100   0.14412   0.14706   0.14984   0.15245   0.15490   0.15721   0.15939   0.16143   0.16336   0.16518   0.16689   0.16851   0.17003   0.17146   0.17280   0.17405   0.17521   0.17630   0.17731   0.17824   0.17910   0.17990   0.18063   0.18131   0.18194   0.18253   0.18307   0.18358   0.18406   0.18451   0.18493   0.18534   0.18573   0.18610   0.18645   0.18679   0.18712   0.18743   0.18773   0.18801   0.18827   0.18851   0.18872   0.18891   0.18907   0.18921   0.18933   0.18942   0.18949   0.18953   0.18955   0.18955   0.18952   0.18948   0.18941   0.18931   0.18920   0.18907   0.18892   0.18876   0.18857   0.18838   0.18816   0.18794   0.18770   0.18746   0.18720   0.18693   0.18666   0.18637   0.18608   0.18579   0.18549   0.18518   0.18488   0.18456   0.18425   0.18393   0.18362   0.18330   0.18298   0.18266   0.18235   0.18204   0.18174   0.18144   0.18116   0.18089   0.18063   0.18040   0.18020   0.18002   0.17988   0.17977   0.17970   0.17968   0.17972   0.17981   0.17993   0.18010   0.18030   0.18050   0.18071   0.18088   0.18101   0.18109   0.18114   0.18118   0.18124   0.18137   0.18162   0.18200   0.18252   0.18300   0.18329   0.18302   0.18185   0.17919   0.17479   0.16755   0.15724   0.14154   0.12063   0.08925   0.05088   0.00000
146.8750   0.00000  -0.00009  -0.00074  -0.00172  -0.00273  -0.00407  -0.00552  -0.00696  -0.00836  -0.00968  -0.01090  -0.01202  -0.01304  -0.01398  -0.01486  -0.01571  -0.01653  -0.01733  -0.01811  -0.01888  -0.01963  -0.02038  -0.02112  -0.02184  -0.02254  -0.02321  -0.02385  -0.02444  -0.02499  -0.02549  -0.02592  -0.02627  -0.02655  -0.02676  -0.02689  -0.02692  -0.02690  -0.02703  -0.02984  -0.03812  -0.05036  -0.06304  -0.07353  -0.08107  -0.08626  -0.08998  -0.09286  -0.09528  -0.09746  -0.09950  -0.10143  -0.10316  -0.10454  -0.10540  -0.10572  -0.10511  -0.10319  -0.10053  -0.09776  -0.09492  -0.09199  -0.08894  -0.08575  -0.08242  -0.07894  -0.07532  -0.07156  -0.06764  -0.06357  -0.05935  -0.05495  -0.05037  -0.04559  -0.04057  -0.03528  -0.02968  -0.02374  -0.01742  -0.01070  -0.00359   0.00389   0.01168   0.01969   0.02783   0.03598   0.04402   0.05185   0.05940   0.06659   0.07340   0.07983   0.08587   0.09156   0.09694   0.10202   0.10684   0.11140   0.11573   0.11984   0.12372   0.12740   0.13087   0.13416   0.13727   0.14020   0.14297   0.14558   0.14803   0.15035   0.15252   0.15458   0.15652   0.15835   0.16008   0.16171   0.16325   0.16470   0.16606   0.16733   0.16852   0.16963   0.17066   0.17162   0.17251   0.17333   0.17410   0.17480   0.17546   0.17607   0.17665   0.17718   0.17769   0.17817   0.17863   0.17906   0.17948   0.17989   0.18028   0.18065   0.18101   0.18136   0.18169   0.18201   0.18231   0.18259   0.18284   0.18308   0.18328   0.18347   0.18363   0.18377   0.18388   0.18397   0.18404   0.18408   0.18410   0.18410   0.18408   0.18403   0.18397   0.18389   0.18378   0.18366   0.18353   0.18338   0.18321   0.18303   0.18284   0.18263   0.18242   0.18220   0.18196   0.18172   0.18147   0.18122   0.18095   0.18069   0.18042   0.18014   0.17987   0.17959   0.17931   0.17902   0.17874   0.17845   0.17817   0.17789   0.17762   0.17735   0.17710   0.17686   0.17663   0.17643   0.17625   0.17610   0.17598   0.17590   0.17586   0.17587   0.17593   0.17603   0.17618   0.17637   0.17659   0.17682   0.17703   0.17722   0.17735   0.17742   0.17747   0.17749   0.17753   0.17764   0.17788   0.17826   0.17881   0.17933   0.17969   0.17947   0.17831   0.17562   0.17115   0.16378   0.15330   0.13745   0.11658   0.08562   0.04842   0.00000
148.1250   0.00000  -0.00009  -0.00075  -0.00173  -0.00274  -0.00406  -0.00549  -0.00691  -0.00829  -0.00958  -0.01078  -0.01187  -0.01287  -0.01378  -0.01465  -0.01549  -0.01630  -0.01710  -0.01788  -0.01865  -0.01942  -0.02017  -0.02090  -0.02163  -0.02233  -0.02301  -0.02366  -0.02427  -0.02484  -0.02536  -0.02581  -0.02620  -0.02650  -0.02674  -0.02691  -0.02698  -0.02696  -0.02694  -0.02790  -0.03326  -0.04405  -0.05701  -0.06886  -0.07785  -0.08409  -0.08843  -0.09166  -0.09427  -0.09655  -0.09866  -0.10066  -0.10251  -0.10408  -0.10517  -0.10571  -0.10560  -0.10424  -0.10175  -0.09899  -0.09618  -0.09329  -0.09029  -0.08716  -0.08389  -0.08049  -0.07694  -0.07325  -0.06943  -0.06546  -0.06135  -0.05709  -0.05267  -0.04806  -0.04326  -0.03823  -0.03293  -0.02733  -0.02140  -0.01511  -0.00845  -0.00142   0.00595   0.01360   0.02144   0.02937   0.03728   0.04507   0.05263   0.05988   0.06676   0.07326   0.07935   0.08506   0.09042   0.09547   0.10025   0.10477   0.10905   0.11312   0.11698   0.12063   0.12409   0.12737   0.13046   0.13339   0.13615   0.13875   0.14120   0.14352   0.14570   0.14777   0.14972   0.15156   0.15330   0.15495   0.15651   0.15798   0.15936   0.16066   0.16187   0.16301   0.16407   0.16505   0.16597   0.16682   0.16761   0.16834   0.16903   0.16967   0.17027   0.17084   0.17138   0.17189   0.17237   0.17284   0.17329   0.17373   0.17415   0.17456   0.17495   0.17534   0.17570   0.17606   0.17640   0.17671   0.17701   0.17729   0.17754   0.17776   0.17797   0.17815   0.17831   0.17844   0.17855   0.17864   0.17871   0.17876   0.17878   0.17878   0.17876   0.17872   0.17867   0.17859   0.17850   0.17840   0.17828   0.17814   0.17799   0.17783   0.17766   0.17748   0.17729   0.17709   0.17688   0.17666   0.17644   0.17621   0.17598   0.17575   0.17550   0.17526   0.17501   0.17476   0.17451   0.17426   0.17401   0.17377   0.17352   0.17329   0.17306   0.17285   0.17265   0.17248   0.17233   0.17220   0.17211   0.17205   0.17203   0.17207   0.17216   0.17228   0.17246   0.17267   0.17291   0.17315   0.17338   0.17357   0.17371   0.17378   0.17381   0.17381   0.17383   0.17392   0.17416   0.17455   0.17512   0.17570   0.17614   0.17598   0.17485   0.17215   0.16762   0.16014   0.14951   0.13357   0.11275   0.08224   0.04619   0.00000
149.3750   0.00000  -0.00009  -0.00076  -0.00175  -0.00275  -0.00404  -0.00545  -0.00685  -0.00821  -0.00948  -0.01064  -0.01171  -0.01268  -0.01357  -0.01442  -0.01525  -0.01607  -0.01686  -0.01765  -0.01842  -0.01918  -0.01993  -0.02067  -0.02140  -0.02211  -0.02280  -0.02345  -0.02408  -0.02466  -0.02520  -0.02568  -0.02610  -0.02644  -0.02670  -0.02689  -0.02701  -0.02702  -0.02700  -0.02711  -0.02988  -0.03820  -0.05062  -0.06342  -0.07394  -0.08146  -0.08662  -0.09031  -0.09317  -0.09559  -0.09778  -0.09984  -0.10179  -0.10351  -0.10485  -0.10563  -0.10586  -0.10506  -0.10293  -0.10022  -0.09743  -0.09458  -0.09162  -0.08855  -0.08534  -0.08200  -0.07852  -0.07491  -0.07117  -0.06730  -0.06329  -0.05915  -0.05487  -0.05043  -0.04582  -0.04101  -0.03597  -0.03068  -0.02509  -0.01919  -0.01294  -0.00635   0.00059   0.00784   0.01534   0.02299   0.03071   0.03838   0.04590   0.05317   0.06011   0.06667   0.07282   0.07857   0.08394   0.08898   0.09371   0.09819   0.10243   0.10646   0.11028   0.11391   0.11735   0.12061   0.12370   0.12661   0.12937   0.13197   0.13442   0.13674   0.13893   0.14100   0.14296   0.14482   0.14658   0.14824   0.14982   0.15131   0.15271   0.15403   0.15527   0.15643   0.15751   0.15853   0.15947   0.16035   0.16117   0.16193   0.16265   0.16332   0.16395   0.16455   0.16511   0.16565   0.16617   0.16667   0.16715   0.16762   0.16808   0.16852   0.16895   0.16936   0.16976   0.17015   0.17053   0.17088   0.17122   0.17154   0.17183   0.17210   0.17235   0.17257   0.17277   0.17295   0.17310   0.17324   0.17335   0.17344   0.17351   0.17356   0.17358   0.17359   0.17358   0.17355   0.17351   0.17345   0.17337   0.17328   0.17317   0.17306   0.17293   0.17279   0.17264   0.17248   0.17231   0.17213   0.17195   0.17176   0.17157   0.17137   0.17116   0.17095   0.17074   0.17053   0.17031   0.17009   0.16987   0.16966   0.16945   0.16924   0.16905   0.16886   0.16870   0.16855   0.16842   0.16832   0.16825   0.16822   0.16824   0.16830   0.16840   0.16855   0.16875   0.16899   0.16925   0.16951   0.16975   0.16995   0.17010   0.17017   0.17017   0.17014   0.17014   0.17023   0.17045   0.17086   0.17147   0.17211   0.17263   0.17255   0.17146   0.16877   0.16421   0.15664   0.14589   0.12988   0.10914   0.07909   0.04415   0.00000
150.6250   0.00000  -0.00009  -0.00077  -0.00177  -0.00276  -0.00403  -0.00541  -0.00679  -0.00812  -0.00937  -0.01050  -0.01154  -0.01248  -0.01334  -0.01418  -0.01501  -0.01581  -0.01661  -0.01739  -0.01816  -0.01892  -0.01968  -0.02042  -0.02115  -0.02187  -0.02256  -0.02323  -0.02387  -0.02447  -0.02502  -0.02553  -0.02598  -0.02636  -0.02665  -0.02686  -0.02701  -0.02707  -0.02705  -0.02703  -0.02795  -0.03330  -0.04424  -0.05734  -0.06926  -0.07825  -0.08446  -0.08877  -0.09197  -0.09457  -0.09685  -0.09899  -0.10101  -0.10286  -0.10441  -0.10547  -0.10594  -0.10564  -0.10404  -0.10145  -0.09868  -0.09585  -0.09294  -0.08992  -0.08677  -0.08349  -0.08008  -0.07654  -0.07288  -0.06910  -0.06519  -0.06116  -0.05700  -0.05270  -0.04826  -0.04364  -0.03884  -0.03381  -0.02854  -0.02298  -0.01712  -0.01093  -0.00441   0.00243   0.00955   0.01689   0.02435   0.03185   0.03927   0.04650   0.05346   0.06007   0.06628   0.07208   0.07748   0.08252   0.08723   0.09167   0.09586   0.09985   0.10364   0.10724   0.11066   0.11391   0.11698   0.11989   0.12264   0.12523   0.12768   0.13000   0.13220   0.13428   0.13625   0.13812   0.13989   0.14157   0.14317   0.14467   0.14610   0.14744   0.14871   0.14989   0.15100   0.15204   0.15301   0.15392   0.15477   0.15556   0.15631   0.15701   0.15767   0.15830   0.15890   0.15947   0.16002   0.16055   0.16106   0.16156   0.16205   0.16253   0.16299   0.16344   0.16387   0.16430   0.16471   0.16510   0.16548   0.16583   0.16616   0.16648   0.16676   0.16703   0.16727   0.16749   0.16769   0.16787   0.16802   0.16816   0.16827   0.16836   0.16843   0.16849   0.16852   0.16854   0.16854   0.16852   0.16849   0.16844   0.16838   0.16830   0.16822   0.16812   0.16801   0.16789   0.16776   0.16763   0.16748   0.16733   0.16717   0.16701   0.16684   0.16667   0.16649   0.16631   0.16613   0.16594   0.16576   0.16557   0.16539   0.16522   0.16505   0.16490   0.16476   0.16464   0.16454   0.16446   0.16442   0.16442   0.16446   0.16454   0.16467   0.16484   0.16506   0.16532   0.16560   0.16589   0.16615   0.16635   0.16650   0.16657   0.16655   0.16650   0.16648   0.16655   0.16677   0.16719   0.16784   0.16854   0.16917   0.16919   0.16816   0.16549   0.16090   0.15325   0.14242   0.12638   0.10572   0.07615   0.04230   0.00000
151.8750   0.00000  -0.00010  -0.00078  -0.00179  -0.00277  -0.00401  -0.00537  -0.00672  -0.00803  -0.00925  -0.01036  -0.01136  -0.01227  -0.01311  -0.01393  -0.01475  -0.01555  -0.01634  -0.01712  -0.01789  -0.01865  -0.01941  -0.02015  -0.02088  -0.02160  -0.02230  -0.02298  -0.02363  -0.02425  -0.02482  -0.02535  -0.02583  -0.02624  -0.02657  -0.02681  -0.02699  -0.02709  -0.02709  -0.02707  -0.02718  -0.02991  -0.03831  -0.05090  -0.06380  -0.07435  -0.08184  -0.08696  -0.09062  -0.09347  -0.09588  -0.09809  -0.10018  -0.10214  -0.10386  -0.10515  -0.10587  -0.10599  -0.10496  -0.10266  -0.09992  -0.09712  -0.09424  -0.09126  -0.08817  -0.08495  -0.08161  -0.07814  -0.07456  -0.07085  -0.06704  -0.06311  -0.05906  -0.05490  -0.05061  -0.04617  -0.04156  -0.03677  -0.03177  -0.02652  -0.02100  -0.01519  -0.00907  -0.00263   0.00409   0.01108   0.01824   0.02551   0.03277   0.03992   0.04685   0.05348   0.05974   0.06560   0.07104   0.07609   0.08079   0.08520   0.08935   0.09329   0.09704   0.10062   0.10401   0.10724   0.11031   0.11321   0.11595   0.11854   0.12099   0.12331   0.12551   0.12760   0.12958   0.13146   0.13325   0.13495   0.13656   0.13809   0.13953   0.14090   0.14219   0.14340   0.14454   0.14560   0.14660   0.14754   0.14842   0.14924   0.15002   0.15075   0.15144   0.15210   0.15273   0.15333   0.15391   0.15448   0.15502   0.15556   0.15608   0.15658   0.15708   0.15756   0.15803   0.15849   0.15893   0.15936   0.15977   0.16017   0.16054   0.16089   0.16122   0.16153   0.16181   0.16207   0.16231   0.16253   0.16273   0.16291   0.16306   0.16320   0.16331   0.16341   0.16349   0.16355   0.16359   0.16362   0.16363   0.16363   0.16361   0.16357   0.16353   0.16347   0.16341   0.16333   0.16324   0.16314   0.16304   0.16292   0.16280   0.16268   0.16254   0.16240   0.16226   0.16212   0.16197   0.16181   0.16166   0.16151   0.16136   0.16121   0.16108   0.16095   0.16084   0.16075   0.16067   0.16062   0.16061   0.16063   0.16070   0.16080   0.16095   0.16115   0.16140   0.16168   0.16198   0.16228   0.16256   0.16277   0.16292   0.16298   0.16295   0.16287   0.16282   0.16288   0.16310   0.16353   0.16423   0.16501   0.16575   0.16589   0.16493   0.16229   0.15770   0.15000   0.13911   0.12305   0.10248   0.07340   0.04061   0.00000
153.1250   0.00000  -0.00010  -0.00079  -0.00180  -0.00277  -0.00399  -0.00532  -0.00665  -0.00793  -0.00912  -0.01020  -0.01117  -0.01205  -0.01286  -0.01367  -0.01447  -0.01527  -0.01605  -0.01683  -0.01760  -0.01836  -0.01911  -0.01986  -0.02059  -0.02132  -0.02203  -0.02272  -0.02338  -0.02401  -0.02460  -0.02515  -0.02565  -0.02610  -0.02647  -0.02675  -0.02694  -0.02708  -0.02712  -0.02710  -0.02710  -0.02798  -0.03337  -0.04446  -0.05770  -0.06966  -0.07864  -0.08481  -0.08908  -0.09227  -0.09486  -0.09715  -0.09930  -0.10135  -0.10321  -0.10473  -0.10574  -0.10614  -0.10564  -0.10381  -0.10116  -0.09838  -0.09553  -0.09260  -0.08956  -0.08640  -0.08311  -0.07971  -0.07620  -0.07258  -0.06885  -0.06501  -0.06108  -0.05703  -0.05287  -0.04859  -0.04417  -0.03959  -0.03483  -0.02986  -0.02465  -0.01918  -0.01343  -0.00738  -0.00104   0.00557   0.01240   0.01939   0.02644   0.03345   0.04032   0.04693   0.05322   0.05911   0.06460   0.06968   0.07439   0.07878   0.08290   0.08680   0.09051   0.09405   0.09742   0.10063   0.10368   0.10657   0.10931   0.11190   0.11435   0.11667   0.11887   0.12096   0.12295   0.12485   0.12665   0.12836   0.12999   0.13154   0.13301   0.13440   0.13571   0.13695   0.13811   0.13921   0.14024   0.14121   0.14211   0.14297   0.14377   0.14454   0.14526   0.14595   0.14661   0.14725   0.14786   0.14845   0.14903   0.14960   0.15015   0.15069   0.15122   0.15174   0.15224   0.15273   0.15321   0.15367   0.15412   0.15455   0.15496   0.15535   0.15572   0.15606   0.15639   0.15669   0.15697   0.15723   0.15747   0.15769   0.15789   0.15807   0.15823   0.15837   0.15849   0.15859   0.15868   0.15875   0.15880   0.15884   0.15886   0.15887   0.15887   0.15885   0.15882   0.15879   0.15874   0.15868   0.15861   0.15854   0.15845   0.15836   0.15827   0.15816   0.15805   0.15794   0.15783   0.15771   0.15758   0.15746   0.15735   0.15723   0.15712   0.15703   0.15694   0.15688   0.15683   0.15681   0.15682   0.15687   0.15695   0.15708   0.15726   0.15748   0.15775   0.15805   0.15838   0.15870   0.15899   0.15921   0.15936   0.15941   0.15936   0.15926   0.15919   0.15923   0.15945   0.15990   0.16065   0.16151   0.16239   0.16266   0.16176   0.15917   0.15459   0.14688   0.13596   0.11988   0.09940   0.07084   0.03905   0.00000
154.3750   0.00000  -0.00010  -0.00080  -0.00181  -0.00278  -0.00396  -0.00527  -0.00657  -0.00782  -0.00898  -0.01003  -0.01097  -0.01181  -0.01261  -0.01340  -0.01419  -0.01497  -0.01575  -0.01653  -0.01730  -0.01805  -0.01880  -0.01955  -0.02029  -0.02101  -0.02173  -0.02243  -0.02310  -0.02375  -0.02436  -0.02493  -0.02545  -0.02593  -0.02633  -0.02666  -0.02689  -0.02704  -0.02713  -0.02714  -0.02713  -0.02721  -0.02995  -0.03847  -0.05121  -0.06420  -0.07474  -0.08220  -0.08729  -0.09092  -0.09375  -0.09617  -0.09839  -0.10051  -0.10249  -0.10420  -0.10545  -0.10610  -0.10609  -0.10484  -0.10239  -0.09963  -0.09681  -0.09392  -0.09093  -0.08782  -0.08460  -0.08126  -0.07782  -0.07427  -0.07062  -0.06688  -0.06304  -0.05911  -0.05508  -0.05094  -0.04668  -0.04228  -0.03774  -0.03301  -0.02809  -0.02293  -0.01752  -0.01184  -0.00587   0.00037   0.00685   0.01353   0.02033   0.02715   0.03390   0.04045   0.04673   0.05265   0.05817   0.06329   0.06802   0.07240   0.07650   0.08036   0.08403   0.08753   0.09087   0.09406   0.09710   0.09998   0.10271   0.10530   0.10775   0.11007   0.11228   0.11438   0.11637   0.11828   0.12009   0.12183   0.12347   0.12504   0.12653   0.12794   0.12928   0.13054   0.13173   0.13286   0.13391   0.13491   0.13585   0.13674   0.13757   0.13837   0.13913   0.13985   0.14054   0.14121   0.14185   0.14248   0.14309   0.14369   0.14427   0.14485   0.14541   0.14596   0.14650   0.14702   0.14753   0.14803   0.14851   0.14897   0.14942   0.14985   0.15025   0.15064   0.15100   0.15135   0.15167   0.15197   0.15225   0.15251   0.15275   0.15297   0.15317   0.15335   0.15351   0.15366   0.15379   0.15390   0.15400   0.15408   0.15414   0.15419   0.15423   0.15425   0.15427   0.15427   0.15426   0.15424   0.15421   0.15417   0.15412   0.15407   0.15401   0.15394   0.15387   0.15379   0.15371   0.15362   0.15353   0.15344   0.15335   0.15327   0.15319   0.15312   0.15307   0.15302   0.15300   0.15301   0.15305   0.15312   0.15323   0.15338   0.15358   0.15383   0.15412   0.15445   0.15479   0.15513   0.15544   0.15567   0.15582   0.15586   0.15580   0.15566   0.15557   0.15560   0.15581   0.15628   0.15709   0.15803   0.15907   0.15948   0.15865   0.15614   0.15161   0.14389   0.13295   0.11687   0.09650   0.06845   0.03761   0.00000
155.6250   0.00000  -0.00011  -0.00081  -0.00183  -0.00278  -0.00393  -0.00521  -0.00649  -0.00771  -0.00884  -0.00986  -0.01076  -0.01157  -0.01234  -0.01311  -0.01389  -0.01466  -0.01544  -0.01621  -0.01697  -0.01773  -0.01848  -0.01922  -0.01996  -0.02069  -0.02141  -0.02211  -0.02280  -0.02346  -0.02409  -0.02468  -0.02523  -0.02573  -0.02617  -0.02654  -0.02681  -0.02699  -0.02712  -0.02716  -0.02714  -0.02714  -0.02800  -0.03345  -0.04471  -0.05807  -0.07006  -0.07902  -0.08515  -0.08939  -0.09255  -0.09513  -0.09744  -0.09962  -0.10170  -0.10357  -0.10506  -0.10599  -0.10632  -0.10563  -0.10359  -0.10089  -0.09808  -0.09522  -0.09228  -0.08923  -0.08606  -0.08279  -0.07941  -0.07593  -0.07236  -0.06871  -0.06496  -0.06113  -0.05722  -0.05321  -0.04910  -0.04488  -0.04053  -0.03602  -0.03135  -0.02648  -0.02138  -0.01603  -0.01043  -0.00455   0.00158   0.00794   0.01445   0.02104   0.02762   0.03407   0.04030   0.04622   0.05177   0.05692   0.06167   0.06606   0.07015   0.07398   0.07761   0.08107   0.08438   0.08755   0.09057   0.09344   0.09616   0.09874   0.10119   0.10352   0.10573   0.10783   0.10984   0.11176   0.11359   0.11533   0.11700   0.11859   0.12010   0.12153   0.12289   0.12418   0.12539   0.12655   0.12763   0.12866   0.12963   0.13055   0.13142   0.13224   0.13303   0.13379   0.13451   0.13521   0.13589   0.13655   0.13720   0.13783   0.13845   0.13905   0.13965   0.14023   0.14080   0.14136   0.14190   0.14243   0.14294   0.14344   0.14392   0.14439   0.14483   0.14526   0.14566   0.14604   0.14640   0.14674   0.14706   0.14736   0.14764   0.14790   0.14814   0.14837   0.14857   0.14876   0.14893   0.14908   0.14922   0.14934   0.14945   0.14954   0.14962   0.14968   0.14973   0.14977   0.14980   0.14982   0.14983   0.14983   0.14982   0.14980   0.14978   0.14974   0.14970   0.14966   0.14961   0.14955   0.14950   0.14944   0.14938   0.14933   0.14928   0.14924   0.14921   0.14919   0.14920   0.14923   0.14929   0.14939   0.14952   0.14970   0.14992   0.15020   0.15051   0.15086   0.15123   0.15159   0.15191   0.15214   0.15230   0.15233   0.15225   0.15210   0.15197   0.15197   0.15218   0.15268   0.15355   0.15459   0.15578   0.15633   0.15560   0.15320   0.14875   0.14105   0.13007   0.11399   0.09376   0.06621   0.03627   0.00000
156.8750   0.00000  -0.00011  -0.00082  -0.00183  -0.00277  -0.00390  -0.00515  -0.00640  -0.00759  -0.00869  -0.00967  -0.01054  -0.01132  -0.01206  -0.01281  -0.01358  -0.01434  -0.01511  -0.01587  -0.01663  -0.01738  -0.01813  -0.01887  -0.01961  -0.02034  -0.02106  -0.02177  -0.02247  -0.02315  -0.02380  -0.02441  -0.02498  -0.02551  -0.02598  -0.02638  -0.02670  -0.02692  -0.02708  -0.02717  -0.02716  -0.02715  -0.02722  -0.02998  -0.03865  -0.05155  -0.06459  -0.07513  -0.08255  -0.08760  -0.09121  -0.09403  -0.09645  -0.09869  -0.10084  -0.10285  -0.10455  -0.10575  -0.10633  -0.10617  -0.10470  -0.10214  -0.09936  -0.09652  -0.09362  -0.09061  -0.08751  -0.08429  -0.08098  -0.07757  -0.07408  -0.07050  -0.06685  -0.06312  -0.05931  -0.05543  -0.05145  -0.04739  -0.04321  -0.03891  -0.03446  -0.02985  -0.02503  -0.02000  -0.01472  -0.00920  -0.00341   0.00260   0.00881   0.01514   0.02152   0.02783   0.03397   0.03986   0.04541   0.05058   0.05535   0.05976   0.06384   0.06765   0.07125   0.07468   0.07795   0.08109   0.08408   0.08694   0.08966   0.09224   0.09469   0.09701   0.09923   0.10134   0.10335   0.10528   0.10712   0.10888   0.11057   0.11217   0.11370   0.11516   0.11654   0.11786   0.11910   0.12028   0.12140   0.12246   0.12346   0.12440   0.12530   0.12616   0.12699   0.12777   0.12853   0.12927   0.12998   0.13067   0.13135   0.13201   0.13266   0.13330   0.13393   0.13454   0.13515   0.13574   0.13631   0.13688   0.13742   0.13796   0.13847   0.13897   0.13945   0.13991   0.14035   0.14077   0.14117   0.14155   0.14191   0.14225   0.14257   0.14287   0.14315   0.14341   0.14366   0.14389   0.14410   0.14429   0.14447   0.14463   0.14478   0.14491   0.14503   0.14514   0.14523   0.14531   0.14537   0.14543   0.14548   0.14551   0.14554   0.14556   0.14557   0.14557   0.14556   0.14555   0.14553   0.14551   0.14549   0.14546   0.14543   0.14540   0.14538   0.14537   0.14537   0.14538   0.14542   0.14547   0.14556   0.14568   0.14584   0.14604   0.14629   0.14658   0.14692   0.14729   0.14768   0.14806   0.14839   0.14864   0.14879   0.14881   0.14871   0.14855   0.14839   0.14836   0.14857   0.14909   0.15004   0.15119   0.15248   0.15319   0.15265   0.15039   0.14602   0.13833   0.12732   0.11125   0.09117   0.06411   0.03502   0.00000
158.1250   0.00000  -0.00011  -0.00082  -0.00184  -0.00277  -0.00387  -0.00509  -0.00631  -0.00747  -0.00853  -0.00948  -0.01032  -0.01106  -0.01178  -0.01251  -0.01325  -0.01401  -0.01477  -0.01552  -0.01627  -0.01702  -0.01776  -0.01850  -0.01923  -0.01997  -0.02069  -0.02141  -0.02212  -0.02281  -0.02348  -0.02411  -0.02471  -0.02526  -0.02576  -0.02619  -0.02656  -0.02683  -0.02703  -0.02714  -0.02716  -0.02715  -0.02715  -0.02800  -0.03357  -0.04501  -0.05845  -0.07047  -0.07939  -0.08547  -0.08968  -0.09282  -0.09540  -0.09773  -0.09994  -0.10205  -0.10394  -0.10540  -0.10625  -0.10649  -0.10560  -0.10337  -0.10063  -0.09781  -0.09494  -0.09199  -0.08893  -0.08578  -0.08253  -0.07919  -0.07577  -0.07227  -0.06870  -0.06506  -0.06136  -0.05759  -0.05375  -0.04982  -0.04581  -0.04169  -0.03745  -0.03306  -0.02851  -0.02376  -0.01880  -0.01360  -0.00816  -0.00248   0.00342   0.00947   0.01560   0.02174   0.02776   0.03358   0.03910   0.04427   0.04907   0.05349   0.05757   0.06137   0.06494   0.06834   0.07158   0.07468   0.07766   0.08050   0.08321   0.08578   0.08823   0.09056   0.09277   0.09489   0.09691   0.09885   0.10070   0.10248   0.10418   0.10580   0.10736   0.10883   0.11024   0.11158   0.11285   0.11406   0.11520   0.11629   0.11732   0.11830   0.11924   0.12013   0.12098   0.12180   0.12260   0.12336   0.12411   0.12483   0.12555   0.12624   0.12693   0.12760   0.12826   0.12891   0.12954   0.13017   0.13077   0.13137   0.13195   0.13251   0.13306   0.13360   0.13411   0.13461   0.13509   0.13554   0.13598   0.13640   0.13680   0.13717   0.13753   0.13787   0.13819   0.13850   0.13878   0.13905   0.13930   0.13953   0.13975   0.13996   0.14014   0.14031   0.14047   0.14062   0.14075   0.14086   0.14097   0.14106   0.14115   0.14122   0.14128   0.14133   0.14138   0.14142   0.14144   0.14146   0.14148   0.14149   0.14149   0.14150   0.14150   0.14150   0.14151   0.14153   0.14155   0.14159   0.14165   0.14174   0.14185   0.14199   0.14217   0.14240   0.14267   0.14299   0.14335   0.14374   0.14415   0.14455   0.14490   0.14515   0.14530   0.14531   0.14519   0.14500   0.14482   0.14476   0.14497   0.14552   0.14654   0.14781   0.14917   0.15010   0.14986   0.14771   0.14341   0.13572   0.12467   0.10863   0.08873   0.06214   0.03385   0.00000
159.3750   0.00000  -0.00012  -0.00083  -0.00184  -0.00276  -0.00383  -0.00503  -0.00621  -0.00734  -0.00837  -0.00928  -0.01008  -0.01079  -0.01148  -0.01219  -0.01292  -0.01366  -0.01441  -0.01516  -0.01590  -0.01664  -0.01737  -0.01811  -0.01884  -0.01957  -0.02030  -0.02103  -0.02174  -0.02245  -0.02313  -0.02379  -0.02441  -0.02499  -0.02552  -0.02598  -0.02639  -0.02671  -0.02694  -0.02709  -0.02714  -0.02715  -0.02717  -0.02720  -0.03004  -0.03889  -0.05191  -0.06500  -0.07553  -0.08290  -0.08791  -0.09148  -0.09429  -0.09673  -0.09900  -0.10119  -0.10322  -0.10492  -0.10609  -0.10660  -0.10624  -0.10453  -0.10189  -0.09910  -0.09626  -0.09335  -0.09035  -0.08725  -0.08406  -0.08078  -0.07743  -0.07401  -0.07052  -0.06698  -0.06337  -0.05971  -0.05598  -0.05219  -0.04833  -0.04438  -0.04033  -0.03616  -0.03184  -0.02736  -0.02268  -0.01779  -0.01266  -0.00731  -0.00174   0.00402   0.00989   0.01582   0.02168   0.02740   0.03287   0.03803   0.04283   0.04726   0.05135   0.05514   0.05869   0.06205   0.06526   0.06833   0.07128   0.07411   0.07680   0.07937   0.08182   0.08415   0.08637   0.08849   0.09052   0.09247   0.09433   0.09612   0.09784   0.09948   0.10105   0.10255   0.10398   0.10535   0.10664   0.10788   0.10905   0.11017   0.11123   0.11224   0.11321   0.11413   0.11502   0.11588   0.11670   0.11750   0.11828   0.11904   0.11979   0.12052   0.12124   0.12194   0.12263   0.12331   0.12398   0.12464   0.12528   0.12591   0.12652   0.12712   0.12770   0.12827   0.12881   0.12935   0.12986   0.13035   0.13083   0.13128   0.13172   0.13214   0.13253   0.13291   0.13327   0.13361   0.13393   0.13424   0.13453   0.13481   0.13506   0.13530   0.13553   0.13574   0.13594   0.13612   0.13629   0.13645   0.13659   0.13672   0.13684   0.13695   0.13705   0.13714   0.13721   0.13728   0.13735   0.13740   0.13745   0.13749   0.13753   0.13756   0.13759   0.13763   0.13766   0.13771   0.13776   0.13782   0.13791   0.13802   0.13815   0.13832   0.13853   0.13877   0.13907   0.13941   0.13979   0.14021   0.14064   0.14106   0.14142   0.14168   0.14183   0.14183   0.14169   0.14147   0.14125   0.14117   0.14139   0.14197   0.14307   0.14446   0.14592   0.14712   0.14717   0.14512   0.14088   0.13321   0.12214   0.10614   0.08642   0.06030   0.03277   0.00000
160.6250   0.00000  -0.00012  -0.00083  -0.00184  -0.00274  -0.00379  -0.00496  -0.00611  -0.00720  -0.00820  -0.00908  -0.00984  -0.01052  -0.01118  -0.01186  -0.01257  -0.01330  -0.01404  -0.01478  -0.01551  -0.01624  -0.01697  -0.01770  -0.01843  -0.01916  -0.01989  -0.02062  -0.02134  -0.02206  -0.02276  -0.02343  -0.02408  -0.02469  -0.02524  -0.02575  -0.02619  -0.02655  -0.02683  -0.02700  -0.02710  -0.02714  -0.02717  -0.02713  -0.02800  -0.03373  -0.04533  -0.05886  -0.07088  -0.07976  -0.08580  -0.08997  -0.09309  -0.09568  -0.09803  -0.10028  -0.10243  -0.10432  -0.10575  -0.10653  -0.10665  -0.10553  -0.10315  -0.10039  -0.09757  -0.09470  -0.09175  -0.08870  -0.08557  -0.08236  -0.07907  -0.07572  -0.07232  -0.06886  -0.06535  -0.06178  -0.05817  -0.05451  -0.05079  -0.04699  -0.04312  -0.03914  -0.03504  -0.03080  -0.02638  -0.02178  -0.01696  -0.01192  -0.00666  -0.00121   0.00439   0.01008   0.01576   0.02134   0.02673   0.03185   0.03664   0.04107   0.04517   0.04895   0.05249   0.05583   0.05900   0.06205   0.06497   0.06777   0.07045   0.07302   0.07546   0.07779   0.08001   0.08214   0.08417   0.08613   0.08801   0.08981   0.09154   0.09320   0.09479   0.09631   0.09777   0.09916   0.10048   0.10174   0.10294   0.10409   0.10519   0.10623   0.10723   0.10818   0.10911   0.10999   0.11085   0.11169   0.11250   0.11330   0.11407   0.11484   0.11559   0.11633   0.11705   0.11777   0.11847   0.11916   0.11983   0.12049   0.12114   0.12177   0.12238   0.12298   0.12356   0.12413   0.12467   0.12520   0.12572   0.12621   0.12668   0.12713   0.12757   0.12798   0.12838   0.12876   0.12912   0.12947   0.12979   0.13011   0.13040   0.13068   0.13095   0.13120   0.13143   0.13165   0.13186   0.13205   0.13223   0.13240   0.13256   0.13270   0.13284   0.13296   0.13307   0.13318   0.13327   0.13336   0.13344   0.13351   0.13358   0.13364   0.13371   0.13377   0.13383   0.13390   0.13398   0.13408   0.13419   0.13432   0.13448   0.13467   0.13490   0.13517   0.13549   0.13585   0.13626   0.13670   0.13715   0.13759   0.13797   0.13823   0.13838   0.13837   0.13820   0.13796   0.13770   0.13760   0.13782   0.13843   0.13961   0.14114   0.14277   0.14425   0.14453   0.14259   0.13844   0.13080   0.11973   0.10379   0.08424   0.05857   0.03176   0.00000
161.8750   0.00000  -0.00012  -0.00083  -0.00183  -0.00273  -0.00375  -0.00488  -0.00600  -0.00706  -0.00802  -0.00886  -0.00959  -0.01023  -0.01086  -0.01152  -0.01222  -0.01293  -0.01365  -0.01438  -0.01510  -0.01583  -0.01655  -0.01727  -0.01799  -0.01872  -0.01945  -0.02018  -0.02092  -0.02164  -0.02235  -0.02305  -0.02372  -0.02435  -0.02494  -0.02548  -0.02595  -0.02636  -0.02667  -0.02689  -0.02705  -0.02713  -0.02717  -0.02716  -0.02716  -0.03012  -0.03918  -0.05230  -0.06542  -0.07592  -0.08325  -0.08821  -0.09176  -0.09456  -0.09701  -0.09933  -0.10156  -0.10362  -0.10530  -0.10640  -0.10685  -0.10629  -0.10437  -0.10168  -0.09888  -0.09604  -0.09313  -0.09014  -0.08707  -0.08392  -0.08070  -0.07742  -0.07409  -0.07071  -0.06729  -0.06383  -0.06032  -0.05678  -0.05319  -0.04954  -0.04582  -0.04203  -0.03813  -0.03411  -0.02994  -0.02560  -0.02107  -0.01633  -0.01138  -0.00623  -0.00090   0.00453   0.01001   0.01543   0.02071   0.02576   0.03051   0.03494   0.03903   0.04282   0.04634   0.04966   0.05280   0.05582   0.05871   0.06149   0.06416   0.06671   0.06915   0.07148   0.07370   0.07583   0.07788   0.07984   0.08173   0.08355   0.08529   0.08697   0.08858   0.09012   0.09160   0.09301   0.09436   0.09565   0.09688   0.09806   0.09918   0.10026   0.10129   0.10228   0.10323   0.10415   0.10505   0.10592   0.10676   0.10759   0.10841   0.10920   0.10999   0.11076   0.11152   0.11226   0.11300   0.11372   0.11443   0.11512   0.11579   0.11646   0.11710   0.11773   0.11835   0.11895   0.11953   0.12009   0.12064   0.12117   0.12168   0.12217   0.12264   0.12309   0.12352   0.12394   0.12434   0.12472   0.12509   0.12544   0.12577   0.12609   0.12639   0.12668   0.12695   0.12721   0.12746   0.12769   0.12790   0.12811   0.12830   0.12848   0.12865   0.12881   0.12896   0.12909   0.12922   0.12934   0.12945   0.12956   0.12966   0.12975   0.12984   0.12993   0.13002   0.13012   0.13023   0.13035   0.13048   0.13064   0.13082   0.13104   0.13129   0.13159   0.13192   0.13231   0.13274   0.13320   0.13368   0.13413   0.13453   0.13480   0.13494   0.13492   0.13473   0.13445   0.13416   0.13403   0.13425   0.13491   0.13618   0.13784   0.13967   0.14146   0.14197   0.14014   0.13607   0.12848   0.11743   0.10157   0.08220   0.05696   0.03081   0.00000
163.1250   0.00000  -0.00013  -0.00083  -0.00183  -0.00271  -0.00371  -0.00481  -0.00590  -0.00691  -0.00784  -0.00864  -0.00933  -0.00994  -0.01054  -0.01118  -0.01185  -0.01255  -0.01326  -0.01397  -0.01468  -0.01540  -0.01611  -0.01682  -0.01754  -0.01826  -0.01899  -0.01973  -0.02046  -0.02120  -0.02192  -0.02264  -0.02333  -0.02399  -0.02461  -0.02518  -0.02569  -0.02613  -0.02649  -0.02676  -0.02697  -0.02710  -0.02716  -0.02715  -0.02708  -0.02801  -0.03393  -0.04571  -0.05929  -0.07130  -0.08014  -0.08612  -0.09025  -0.09336  -0.09595  -0.09834  -0.10064  -0.10282  -0.10473  -0.10611  -0.10682  -0.10680  -0.10547  -0.10297  -0.10019  -0.09737  -0.09451  -0.09157  -0.08855  -0.08546  -0.08230  -0.07909  -0.07584  -0.07254  -0.06920  -0.06584  -0.06244  -0.05900  -0.05553  -0.05202  -0.04846  -0.04483  -0.04112  -0.03731  -0.03337  -0.02927  -0.02501  -0.02055  -0.01589  -0.01103  -0.00600  -0.00082   0.00442   0.00966   0.01481   0.01976   0.02447   0.02887   0.03295   0.03673   0.04025   0.04354   0.04666   0.04965   0.05251   0.05527   0.05792   0.06046   0.06289   0.06522   0.06745   0.06958   0.07163   0.07360   0.07550   0.07733   0.07909   0.08078   0.08241   0.08397   0.08547   0.08691   0.08828   0.08960   0.09086   0.09206   0.09322   0.09433   0.09539   0.09641   0.09740   0.09836   0.09928   0.10019   0.10107   0.10193   0.10278   0.10361   0.10443   0.10523   0.10603   0.10681   0.10757   0.10832   0.10906   0.10979   0.11050   0.11119   0.11187   0.11253   0.11318   0.11381   0.11443   0.11502   0.11560   0.11617   0.11671   0.11724   0.11774   0.11823   0.11870   0.11916   0.11959   0.12001   0.12041   0.12080   0.12117   0.12153   0.12187   0.12219   0.12250   0.12280   0.12308   0.12335   0.12360   0.12384   0.12407   0.12429   0.12449   0.12468   0.12486   0.12504   0.12520   0.12535   0.12549   0.12563   0.12575   0.12588   0.12600   0.12612   0.12624   0.12636   0.12650   0.12664   0.12680   0.12698   0.12719   0.12743   0.12770   0.12802   0.12838   0.12879   0.12924   0.12972   0.13022   0.13069   0.13110   0.13138   0.13152   0.13149   0.13127   0.13096   0.13063   0.13047   0.13070   0.13139   0.13276   0.13458   0.13663   0.13873   0.13947   0.13773   0.13379   0.12628   0.11528   0.09948   0.08027   0.05544   0.02993   0.00000
164.3750   0.00000  -0.00013  -0.00082  -0.00182  -0.00268  -0.00366  -0.00473  -0.00578  -0.00676  -0.00765  -0.00841  -0.00906  -0.00964  -0.01021  -0.01082  -0.01148  -0.01216  -0.01285  -0.01355  -0.01425  -0.01495  -0.01565  -0.01636  -0.01707  -0.01779  -0.01851  -0.01925  -0.01999  -0.02073  -0.02147  -0.02220  -0.02291  -0.02360  -0.02425  -0.02485  -0.02540  -0.02588  -0.02628  -0.02660  -0.02687  -0.02704  -0.02711  -0.02713  -0.02711  -0.02711  -0.03024  -0.03952  -0.05273  -0.06587  -0.07633  -0.08360  -0.08851  -0.09204  -0.09484  -0.09731  -0.09967  -0.10195  -0.10404  -0.10570  -0.10672  -0.10708  -0.10634  -0.10423  -0.10150  -0.09870  -0.09587  -0.09298  -0.09001  -0.08698  -0.08389  -0.08075  -0.07756  -0.07434  -0.07109  -0.06782  -0.06451  -0.06119  -0.05784  -0.05446  -0.05104  -0.04757  -0.04403  -0.04041  -0.03668  -0.03282  -0.02880  -0.02461  -0.02023  -0.01566  -0.01090  -0.00599  -0.00099   0.00405   0.00904   0.01388   0.01851   0.02287   0.02694   0.03070   0.03421   0.03748   0.04058   0.04354   0.04637   0.04910   0.05173   0.05426   0.05669   0.05901   0.06124   0.06338   0.06543   0.06741   0.06932   0.07116   0.07293   0.07464   0.07629   0.07787   0.07939   0.08085   0.08225   0.08359   0.08488   0.08611   0.08730   0.08844   0.08953   0.09059   0.09161   0.09260   0.09356   0.09450   0.09542   0.09632   0.09720   0.09806   0.09891   0.09975   0.10058   0.10139   0.10219   0.10297   0.10375   0.10450   0.10524   0.10597   0.10668   0.10737   0.10805   0.10872   0.10936   0.10999   0.11061   0.11120   0.11178   0.11234   0.11289   0.11341   0.11392   0.11441   0.11488   0.11533   0.11577   0.11620   0.11661   0.11700   0.11737   0.11774   0.11808   0.11842   0.11873   0.11904   0.11933   0.11960   0.11987   0.12012   0.12035   0.12058   0.12080   0.12100   0.12119   0.12138   0.12155   0.12172   0.12188   0.12203   0.12218   0.12232   0.12247   0.12262   0.12278   0.12295   0.12314   0.12334   0.12358   0.12384   0.12414   0.12447   0.12486   0.12528   0.12576   0.12626   0.12678   0.12727   0.12770   0.12799   0.12812   0.12807   0.12783   0.12749   0.12711   0.12693   0.12716   0.12789   0.12937   0.13136   0.13365   0.13603   0.13696   0.13537   0.13161   0.12422   0.11326   0.09752   0.07844   0.05399   0.02910   0.00000
165.6250   0.00000  -0.00013  -0.00082  -0.00180  -0.00266  -0.00361  -0.00465  -0.00567  -0.00661  -0.00745  -0.00818  -0.00879  -0.00933  -0.00987  -0.01046  -0.01109  -0.01176  -0.01243  -0.01312  -0.01381  -0.01449  -0.01518  -0.01588  -0.01658  -0.01729  -0.01801  -0.01875  -0.01949  -0.02023  -0.02098  -0.02173  -0.02246  -0.02317  -0.02385  -0.02449  -0.02508  -0.02559  -0.02604  -0.02642  -0.02673  -0.02694  -0.02704  -0.02709  -0.02710  -0.02703  -0.02806  -0.03420  -0.04612  -0.05975  -0.07174  -0.08051  -0.08645  -0.09054  -0.09364  -0.09625  -0.09867  -0.10102  -0.10325  -0.10516  -0.10652  -0.10716  -0.10695  -0.10540  -0.10281  -0.10003  -0.09723  -0.09438  -0.09147  -0.08849  -0.08546  -0.08239  -0.07927  -0.07613  -0.07296  -0.06977  -0.06656  -0.06334  -0.06011  -0.05685  -0.05356  -0.05024  -0.04687  -0.04342  -0.03989  -0.03624  -0.03246  -0.02852  -0.02440  -0.02010  -0.01562  -0.01098  -0.00622  -0.00140   0.00341   0.00812   0.01266   0.01696   0.02099   0.02474   0.02822   0.03148   0.03456   0.03749   0.04029   0.04300   0.04561   0.04812   0.05053   0.05285   0.05508   0.05722   0.05928   0.06127   0.06318   0.06504   0.06682   0.06855   0.07021   0.07182   0.07336   0.07484   0.07626   0.07763   0.07894   0.08021   0.08143   0.08259   0.08372   0.08481   0.08586   0.08689   0.08788   0.08886   0.08981   0.09074   0.09166   0.09256   0.09344   0.09431   0.09517   0.09602   0.09685   0.09767   0.09847   0.09926   0.10003   0.10079   0.10153   0.10226   0.10297   0.10366   0.10434   0.10500   0.10565   0.10628   0.10689   0.10749   0.10807   0.10863   0.10917   0.10969   0.11020   0.11069   0.11117   0.11162   0.11207   0.11250   0.11291   0.11331   0.11369   0.11406   0.11441   0.11475   0.11508   0.11539   0.11569   0.11597   0.11624   0.11650   0.11675   0.11699   0.11721   0.11743   0.11763   0.11783   0.11802   0.11820   0.11838   0.11855   0.11873   0.11891   0.11909   0.11929   0.11950   0.11973   0.11998   0.12027   0.12059   0.12095   0.12135   0.12180   0.12229   0.12282   0.12336   0.12387   0.12431   0.12462   0.12475   0.12467   0.12440   0.12402   0.12361   0.12340   0.12362   0.12440   0.12599   0.12817   0.13072   0.13332   0.13447   0.13314   0.12957   0.12229   0.11135   0.09567   0.07672   0.05258   0.02831   0.00000
166.8750   0.00000  -0.00013  -0.00081  -0.00178  -0.00263  -0.00356  -0.00457  -0.00555  -0.00645  -0.00725  -0.00794  -0.00851  -0.00901  -0.00953  -0.01009  -0.01070  -0.01135  -0.01201  -0.01268  -0.01335  -0.01402  -0.01470  -0.01538  -0.01607  -0.01678  -0.01749  -0.01822  -0.01896  -0.01971  -0.02047  -0.02123  -0.02198  -0.02271  -0.02342  -0.02409  -0.02472  -0.02528  -0.02578  -0.02621  -0.02656  -0.02680  -0.02694  -0.02703  -0.02708  -0.02706  -0.02711  -0.03043  -0.03990  -0.05320  -0.06634  -0.07675  -0.08395  -0.08882  -0.09232  -0.09513  -0.09763  -0.10004  -0.10237  -0.10449  -0.10613  -0.10708  -0.10733  -0.10638  -0.10410  -0.10136  -0.09858  -0.09577  -0.09291  -0.08999  -0.08702  -0.08401  -0.08096  -0.07789  -0.07480  -0.07170  -0.06858  -0.06546  -0.06234  -0.05920  -0.05604  -0.05286  -0.04964  -0.04636  -0.04301  -0.03957  -0.03601  -0.03230  -0.02843  -0.02440  -0.02018  -0.01580  -0.01129  -0.00669  -0.00207   0.00248   0.00691   0.01113   0.01511   0.01883   0.02230   0.02554   0.02859   0.03150   0.03428   0.03695   0.03954   0.04203   0.04444   0.04675   0.04898   0.05112   0.05318   0.05518   0.05710   0.05896   0.06076   0.06250   0.06418   0.06581   0.06737   0.06887   0.07032   0.07171   0.07305   0.07435   0.07559   0.07679   0.07795   0.07907   0.08016   0.08122   0.08225   0.08326   0.08424   0.08521   0.08616   0.08709   0.08801   0.08892   0.08981   0.09069   0.09155   0.09240   0.09324   0.09406   0.09486   0.09565   0.09642   0.09718   0.09792   0.09865   0.09936   0.10005   0.10073   0.10139   0.10204   0.10267   0.10328   0.10388   0.10445   0.10501   0.10555   0.10608   0.10659   0.10709   0.10756   0.10803   0.10848   0.10891   0.10933   0.10973   0.11012   0.11050   0.11086   0.11120   0.11153   0.11185   0.11216   0.11245   0.11273   0.11300   0.11326   0.11351   0.11374   0.11397   0.11419   0.11440   0.11460   0.11481   0.11501   0.11521   0.11542   0.11564   0.11588   0.11613   0.11641   0.11671   0.11706   0.11744   0.11786   0.11833   0.11885   0.11939   0.11996   0.12049   0.12094   0.12127   0.12139   0.12128   0.12099   0.12057   0.12014   0.11989   0.12008   0.12091   0.12263   0.12501   0.12783   0.13057   0.13207   0.13112   0.12762   0.12042   0.10952   0.09391   0.07511   0.05126   0.02755   0.00000
168.1250   0.00000  -0.00013  -0.00080  -0.00176  -0.00260  -0.00350  -0.00448  -0.00542  -0.00628  -0.00705  -0.00769  -0.00822  -0.00869  -0.00918  -0.00971  -0.01030  -0.01093  -0.01157  -0.01222  -0.01288  -0.01354  -0.01420  -0.01487  -0.01555  -0.01625  -0.01696  -0.01768  -0.01842  -0.01917  -0.01993  -0.02070  -0.02147  -0.02222  -0.02296  -0.02366  -0.02432  -0.02493  -0.02547  -0.02595  -0.02634  -0.02663  -0.02682  -0.02696  -0.02704  -0.02705  -0.02700  -0.02817  -0.03452  -0.04659  -0.06025  -0.07219  -0.08090  -0.08678  -0.09085  -0.09393  -0.09656  -0.09903  -0.10144  -0.10371  -0.10562  -0.10692  -0.10750  -0.10711  -0.10534  -0.10270  -0.09993  -0.09716  -0.09434  -0.09147  -0.08856  -0.08561  -0.08263  -0.07964  -0.07662  -0.07360  -0.07058  -0.06756  -0.06453  -0.06151  -0.05848  -0.05543  -0.05235  -0.04924  -0.04606  -0.04281  -0.03945  -0.03597  -0.03234  -0.02854  -0.02459  -0.02046  -0.01620  -0.01183  -0.00741  -0.00302   0.00127   0.00541   0.00932   0.01300   0.01644   0.01966   0.02269   0.02557   0.02832   0.03097   0.03353   0.03601   0.03840   0.04070   0.04292   0.04507   0.04713   0.04913   0.05107   0.05294   0.05475   0.05651   0.05820   0.05984   0.06142   0.06295   0.06442   0.06584   0.06721   0.06853   0.06980   0.07103   0.07222   0.07338   0.07450   0.07559   0.07665   0.07770   0.07872   0.07972   0.08070   0.08167   0.08263   0.08356   0.08449   0.08540   0.08630   0.08718   0.08805   0.08890   0.08974   0.09056   0.09136   0.09215   0.09292   0.09368   0.09442   0.09514   0.09585   0.09655   0.09723   0.09789   0.09853   0.09916   0.09977   0.10037   0.10094   0.10150   0.10205   0.10258   0.10309   0.10359   0.10407   0.10454   0.10500   0.10543   0.10586   0.10627   0.10666   0.10704   0.10741   0.10776   0.10810   0.10843   0.10874   0.10904   0.10933   0.10961   0.10987   0.11013   0.11038   0.11062   0.11085   0.11108   0.11131   0.11154   0.11178   0.11202   0.11228   0.11256   0.11286   0.11318   0.11355   0.11395   0.11439   0.11488   0.11542   0.11599   0.11657   0.11712   0.11759   0.11793   0.11805   0.11792   0.11759   0.11713   0.11667   0.11639   0.11655   0.11744   0.11929   0.12189   0.12498   0.12792   0.12983   0.12921   0.12570   0.11857   0.10779   0.09234   0.07369   0.05005   0.02685   0.00000
169.3750   0.00000  -0.00013  -0.00079  -0.00174  -0.00257  -0.00345  -0.00440  -0.00530  -0.00612  -0.00684  -0.00744  -0.00793  -0.00836  -0.00882  -0.00933  -0.00990  -0.01050  -0.01113  -0.01176  -0.01240  -0.01305  -0.01369  -0.01435  -0.01502  -0.01570  -0.01640  -0.01712  -0.01786  -0.01861  -0.01937  -0.02015  -0.02092  -0.02170  -0.02246  -0.02319  -0.02389  -0.02454  -0.02513  -0.02565  -0.02608  -0.02643  -0.02668  -0.02687  -0.02698  -0.02703  -0.02701  -0.02713  -0.03064  -0.04033  -0.05372  -0.06684  -0.07718  -0.08432  -0.08915  -0.09262  -0.09543  -0.09798  -0.10045  -0.10283  -0.10497  -0.10658  -0.10746  -0.10759  -0.10643  -0.10402  -0.10129  -0.09853  -0.09576  -0.09295  -0.09009  -0.08720  -0.08429  -0.08136  -0.07843  -0.07549  -0.07256  -0.06963  -0.06670  -0.06379  -0.06087  -0.05795  -0.05502  -0.05206  -0.04904  -0.04597  -0.04280  -0.03953  -0.03612  -0.03257  -0.02885  -0.02498  -0.02096  -0.01682  -0.01261  -0.00840  -0.00424  -0.00022   0.00362   0.00725   0.01065   0.01384   0.01685   0.01970   0.02242   0.02505   0.02758   0.03004   0.03241   0.03471   0.03693   0.03907   0.04114   0.04314   0.04508   0.04696   0.04879   0.05056   0.05227   0.05392   0.05553   0.05707   0.05857   0.06001   0.06141   0.06275   0.06406   0.06532   0.06654   0.06772   0.06888   0.07000   0.07110   0.07218   0.07323   0.07427   0.07529   0.07629   0.07728   0.07825   0.07921   0.08016   0.08109   0.08200   0.08290   0.08378   0.08465   0.08550   0.08634   0.08716   0.08796   0.08875   0.08952   0.09027   0.09102   0.09174   0.09245   0.09315   0.09382   0.09449   0.09513   0.09576   0.09637   0.09696   0.09754   0.09810   0.09865   0.09918   0.09970   0.10021   0.10069   0.10117   0.10162   0.10207   0.10250   0.10291   0.10331   0.10370   0.10407   0.10443   0.10477   0.10510   0.10542   0.10573   0.10603   0.10632   0.10659   0.10686   0.10712   0.10738   0.10764   0.10789   0.10815   0.10842   0.10870   0.10900   0.10932   0.10967   0.11006   0.11048   0.11094   0.11145   0.11201   0.11260   0.11320   0.11377   0.11426   0.11460   0.11473   0.11457   0.11422   0.11371   0.11320   0.11288   0.11303   0.11398   0.11597   0.11880   0.12217   0.12537   0.12769   0.12732   0.12379   0.11684   0.10634   0.09112   0.07257   0.04903   0.02620   0.00000
170.6250   0.00000  -0.00013  -0.00078  -0.00172  -0.00253  -0.00339  -0.00431  -0.00518  -0.00595  -0.00663  -0.00718  -0.00763  -0.00803  -0.00846  -0.00894  -0.00949  -0.01007  -0.01068  -0.01130  -0.01192  -0.01254  -0.01318  -0.01382  -0.01447  -0.01515  -0.01583  -0.01654  -0.01727  -0.01802  -0.01879  -0.01957  -0.02036  -0.02115  -0.02193  -0.02269  -0.02342  -0.02411  -0.02475  -0.02531  -0.02580  -0.02620  -0.02652  -0.02676  -0.02691  -0.02698  -0.02699  -0.02693  -0.02826  -0.03490  -0.04711  -0.06079  -0.07267  -0.08131  -0.08713  -0.09117  -0.09424  -0.09689  -0.09941  -0.10189  -0.10420  -0.10611  -0.10734  -0.10784  -0.10727  -0.10531  -0.10265  -0.09991  -0.09717  -0.09441  -0.09161  -0.08878  -0.08593  -0.08308  -0.08021  -0.07736  -0.07451  -0.07167  -0.06885  -0.06604  -0.06324  -0.06044  -0.05764  -0.05482  -0.05197  -0.04906  -0.04608  -0.04300  -0.03980  -0.03647  -0.03299  -0.02936  -0.02557  -0.02166  -0.01767  -0.01364  -0.00964  -0.00574  -0.00199   0.00158   0.00494   0.00810   0.01107   0.01389   0.01659   0.01919   0.02170   0.02413   0.02649   0.02877   0.03098   0.03312   0.03519   0.03720   0.03915   0.04104   0.04287   0.04465   0.04638   0.04805   0.04968   0.05124   0.05276   0.05423   0.05565   0.05702   0.05835   0.05965   0.06090   0.06211   0.06330   0.06446   0.06559   0.06670   0.06779   0.06886   0.06992   0.07095   0.07198   0.07298   0.07397   0.07495   0.07591   0.07686   0.07779   0.07871   0.07961   0.08049   0.08135   0.08220   0.08304   0.08386   0.08466   0.08545   0.08622   0.08697   0.08772   0.08844   0.08915   0.08985   0.09052   0.09118   0.09183   0.09246   0.09307   0.09366   0.09425   0.09481   0.09536   0.09590   0.09642   0.09693   0.09742   0.09790   0.09836   0.09881   0.09924   0.09966   0.10006   0.10045   0.10083   0.10119   0.10155   0.10188   0.10221   0.10253   0.10283   0.10313   0.10342   0.10370   0.10398   0.10426   0.10455   0.10484   0.10515   0.10547   0.10581   0.10618   0.10659   0.10703   0.10751   0.10804   0.10861   0.10922   0.10985   0.11044   0.11094   0.11129   0.11142   0.11124   0.11086   0.11030   0.10975   0.10938   0.10952   0.11053   0.11267   0.11575   0.11942   0.12292   0.12554   0.12538   0.12207   0.11554   0.10545   0.09043   0.07184   0.04822   0.02563   0.00000
171.8750   0.00000  -0.00013  -0.00077  -0.00169  -0.00250  -0.00333  -0.00422  -0.00505  -0.00578  -0.00641  -0.00692  -0.00732  -0.00769  -0.00809  -0.00855  -0.00907  -0.00964  -0.01022  -0.01082  -0.01142  -0.01203  -0.01265  -0.01327  -0.01392  -0.01457  -0.01525  -0.01595  -0.01667  -0.01742  -0.01818  -0.01896  -0.01976  -0.02056  -0.02136  -0.02215  -0.02292  -0.02365  -0.02432  -0.02494  -0.02548  -0.02594  -0.02632  -0.02661  -0.02680  -0.02690  -0.02693  -0.02691  -0.02713  -0.03092  -0.04085  -0.05428  -0.06736  -0.07763  -0.08471  -0.08949  -0.09294  -0.09576  -0.09835  -0.10088  -0.10333  -0.10550  -0.10707  -0.10787  -0.10785  -0.10650  -0.10400  -0.10129  -0.09858  -0.09586  -0.09312  -0.09035  -0.08756  -0.08477  -0.08198  -0.07921  -0.07644  -0.07369  -0.07097  -0.06826  -0.06557  -0.06289  -0.06022  -0.05754  -0.05483  -0.05209  -0.04928  -0.04639  -0.04339  -0.04028  -0.03702  -0.03361  -0.03006  -0.02638  -0.02259  -0.01876  -0.01492  -0.01115  -0.00750  -0.00401  -0.00070   0.00242   0.00536   0.00815   0.01082   0.01339   0.01587   0.01828   0.02062   0.02289   0.02510   0.02723   0.02930   0.03131   0.03327   0.03516   0.03701   0.03880   0.04054   0.04223   0.04387   0.04546   0.04700   0.04849   0.04993   0.05134   0.05270   0.05402   0.05530   0.05655   0.05777   0.05896   0.06012   0.06127   0.06239   0.06350   0.06459   0.06566   0.06671   0.06775   0.06878   0.06979   0.07078   0.07176   0.07273   0.07367   0.07460   0.07552   0.07641   0.07729   0.07816   0.07901   0.07984   0.08066   0.08146   0.08224   0.08302   0.08377   0.08452   0.08524   0.08595   0.08664   0.08732   0.08798   0.08863   0.08926   0.08987   0.09047   0.09105   0.09162   0.09218   0.09272   0.09324   0.09375   0.09425   0.09473   0.09520   0.09565   0.09608   0.09651   0.09691   0.09731   0.09769   0.09806   0.09842   0.09876   0.09909   0.09942   0.09973   0.10005   0.10035   0.10066   0.10097   0.10129   0.10161   0.10196   0.10232   0.10271   0.10314   0.10360   0.10410   0.10465   0.10524   0.10587   0.10651   0.10712   0.10764   0.10800   0.10812   0.10793   0.10751   0.10691   0.10630   0.10589   0.10602   0.10709   0.10939   0.11273   0.11673   0.12055   0.12337   0.12351   0.12085   0.11500   0.10526   0.09037   0.07158   0.04764   0.02514   0.00000
173.1250   0.00000  -0.00013  -0.00076  -0.00166  -0.00246  -0.00328  -0.00414  -0.00493  -0.00561  -0.00619  -0.00665  -0.00701  -0.00734  -0.00771  -0.00815  -0.00865  -0.00920  -0.00976  -0.01034  -0.01092  -0.01151  -0.01211  -0.01272  -0.01335  -0.01399  -0.01466  -0.01535  -0.01606  -0.01680  -0.01756  -0.01834  -0.01914  -0.01995  -0.02077  -0.02158  -0.02238  -0.02314  -0.02386  -0.02453  -0.02512  -0.02564  -0.02607  -0.02642  -0.02666  -0.02679  -0.02686  -0.02688  -0.02687  -0.02844  -0.03538  -0.04769  -0.06135  -0.07317  -0.08174  -0.08751  -0.09150  -0.09457  -0.09726  -0.09984  -0.10238  -0.10474  -0.10664  -0.10779  -0.10820  -0.10745  -0.10534  -0.10267  -0.09998  -0.09730  -0.09461  -0.09190  -0.08918  -0.08646  -0.08374  -0.08104  -0.07835  -0.07570  -0.07306  -0.07046  -0.06788  -0.06531  -0.06277  -0.06022  -0.05765  -0.05506  -0.05242  -0.04971  -0.04690  -0.04399  -0.04094  -0.03775  -0.03442  -0.03096  -0.02739  -0.02375  -0.02008  -0.01645  -0.01291  -0.00951  -0.00626  -0.00319  -0.00029   0.00247   0.00511   0.00765   0.01011   0.01250   0.01482   0.01707   0.01927   0.02140   0.02347   0.02548   0.02744   0.02934   0.03119   0.03300   0.03475   0.03646   0.03811   0.03972   0.04128   0.04280   0.04427   0.04569   0.04708   0.04843   0.04974   0.05102   0.05227   0.05350   0.05470   0.05588   0.05703   0.05817   0.05930   0.06040   0.06149   0.06257   0.06362   0.06467   0.06569   0.06671   0.06770   0.06868   0.06964   0.07058   0.07151   0.07242   0.07332   0.07420   0.07506   0.07591   0.07674   0.07755   0.07836   0.07914   0.07992   0.08067   0.08142   0.08214   0.08285   0.08354   0.08422   0.08488   0.08553   0.08616   0.08678   0.08738   0.08797   0.08854   0.08910   0.08964   0.09017   0.09068   0.09118   0.09166   0.09213   0.09259   0.09303   0.09345   0.09386   0.09426   0.09465   0.09502   0.09538   0.09573   0.09608   0.09641   0.09675   0.09708   0.09741   0.09775   0.09810   0.09847   0.09885   0.09926   0.09971   0.10019   0.10071   0.10127   0.10188   0.10253   0.10319   0.10383   0.10436   0.10473   0.10484   0.10464   0.10418   0.10353   0.10286   0.10240   0.10251   0.10365   0.10612   0.10975   0.11413   0.11831   0.12136   0.12207   0.12040   0.11530   0.10588   0.09091   0.07174   0.04734   0.02474   0.00000
174.3750   0.00000  -0.00013  -0.00075  -0.00164  -0.00243  -0.00322  -0.00405  -0.00480  -0.00544  -0.00597  -0.00637  -0.00669  -0.00699  -0.00733  -0.00775  -0.00823  -0.00875  -0.00930  -0.00985  -0.01042  -0.01099  -0.01157  -0.01216  -0.01277  -0.01340  -0.01405  -0.01473  -0.01543  -0.01616  -0.01691  -0.01769  -0.01850  -0.01932  -0.02015  -0.02098  -0.02180  -0.02260  -0.02336  -0.02407  -0.02472  -0.02530  -0.02579  -0.02618  -0.02647  -0.02666  -0.02676  -0.02684  -0.02686  -0.02718  -0.03128  -0.04144  -0.05489  -0.06791  -0.07811  -0.08512  -0.08985  -0.09329  -0.09612  -0.09876  -0.10137  -0.10388  -0.10606  -0.10761  -0.10834  -0.10814  -0.10660  -0.10405  -0.10138  -0.09874  -0.09610  -0.09344  -0.09078  -0.08812  -0.08548  -0.08285  -0.08025  -0.07768  -0.07514  -0.07263  -0.07015  -0.06771  -0.06528  -0.06286  -0.06043  -0.05799  -0.05550  -0.05296  -0.05034  -0.04761  -0.04477  -0.04179  -0.03868  -0.03543  -0.03207  -0.02862  -0.02513  -0.02165  -0.01823  -0.01491  -0.01174  -0.00872  -0.00586  -0.00314  -0.00053   0.00198   0.00441   0.00677   0.00907   0.01131   0.01349   0.01562   0.01768   0.01970   0.02166   0.02357   0.02543   0.02724   0.02901   0.03073   0.03240   0.03403   0.03561   0.03715   0.03864   0.04010   0.04151   0.04289   0.04423   0.04554   0.04682   0.04808   0.04931   0.05053   0.05172   0.05289   0.05405   0.05519   0.05631   0.05742   0.05851   0.05959   0.06065   0.06169   0.06272   0.06372   0.06472   0.06569   0.06665   0.06759   0.06852   0.06942   0.07032   0.07119   0.07206   0.07290   0.07374   0.07455   0.07536   0.07614   0.07692   0.07767   0.07841   0.07914   0.07985   0.08054   0.08122   0.08189   0.08254   0.08317   0.08379   0.08439   0.08498   0.08556   0.08612   0.08666   0.08719   0.08771   0.08821   0.08869   0.08916   0.08962   0.09006   0.09049   0.09090   0.09130   0.09169   0.09207   0.09244   0.09280   0.09316   0.09352   0.09388   0.09424   0.09461   0.09500   0.09540   0.09583   0.09630   0.09679   0.09733   0.09791   0.09854   0.09921   0.09989   0.10054   0.10109   0.10147   0.10158   0.10135   0.10086   0.10016   0.09943   0.09891   0.09901   0.10021   0.10287   0.10682   0.11162   0.11624   0.11972   0.12135   0.12078   0.11616   0.10675   0.09161   0.07208   0.04722   0.02444   0.00000
175.6250   0.00000  -0.00013  -0.00074  -0.00161  -0.00239  -0.00317  -0.00397  -0.00468  -0.00527  -0.00574  -0.00609  -0.00637  -0.00663  -0.00695  -0.00734  -0.00780  -0.00830  -0.00883  -0.00936  -0.00991  -0.01046  -0.01102  -0.01160  -0.01219  -0.01280  -0.01344  -0.01410  -0.01479  -0.01551  -0.01626  -0.01703  -0.01783  -0.01866  -0.01949  -0.02034  -0.02118  -0.02201  -0.02281  -0.02357  -0.02428  -0.02491  -0.02545  -0.02590  -0.02625  -0.02650  -0.02667  -0.02678  -0.02682  -0.02680  -0.02867  -0.03595  -0.04833  -0.06196  -0.07371  -0.08221  -0.08791  -0.09186  -0.09493  -0.09765  -0.10031  -0.10292  -0.10533  -0.10721  -0.10829  -0.10860  -0.10766  -0.10542  -0.10279  -0.10017  -0.09757  -0.09497  -0.09237  -0.08978  -0.08720  -0.08465  -0.08213  -0.07964  -0.07719  -0.07478  -0.07241  -0.07007  -0.06776  -0.06546  -0.06317  -0.06087  -0.05853  -0.05615  -0.05370  -0.05116  -0.04851  -0.04574  -0.04284  -0.03980  -0.03664  -0.03338  -0.03007  -0.02674  -0.02344  -0.02023  -0.01714  -0.01418  -0.01136  -0.00868  -0.00611  -0.00363  -0.00123   0.00111   0.00338   0.00561   0.00777   0.00989   0.01195   0.01397   0.01593   0.01784   0.01971   0.02154   0.02332   0.02505   0.02674   0.02839   0.02999   0.03155   0.03306   0.03454   0.03598   0.03739   0.03876   0.04010   0.04142   0.04271   0.04397   0.04522   0.04644   0.04765   0.04884   0.05001   0.05117   0.05231   0.05344   0.05455   0.05564   0.05671   0.05777   0.05881   0.05983   0.06084   0.06183   0.06280   0.06376   0.06469   0.06562   0.06652   0.06741   0.06829   0.06915   0.07000   0.07083   0.07165   0.07245   0.07324   0.07401   0.07477   0.07551   0.07624   0.07695   0.07764   0.07832   0.07899   0.07964   0.08028   0.08090   0.08151   0.08210   0.08267   0.08323   0.08378   0.08431   0.08483   0.08533   0.08581   0.08628   0.08674   0.08718   0.08761   0.08803   0.08844   0.08883   0.08922   0.08960   0.08998   0.09036   0.09075   0.09114   0.09155   0.09198   0.09243   0.09291   0.09342   0.09398   0.09458   0.09522   0.09591   0.09661   0.09728   0.09784   0.09823   0.09834   0.09809   0.09756   0.09681   0.09601   0.09543   0.09550   0.09678   0.09965   0.10394   0.10922   0.11439   0.11853   0.12135   0.12153   0.11682   0.10735   0.09216   0.07242   0.04719   0.02421   0.00000
176.8750   0.00000  -0.00013  -0.00073  -0.00159  -0.00236  -0.00312  -0.00389  -0.00456  -0.00509  -0.00550  -0.00579  -0.00603  -0.00627  -0.00656  -0.00693  -0.00737  -0.00785  -0.00835  -0.00887  -0.00939  -0.00993  -0.01047  -0.01102  -0.01160  -0.01219  -0.01282  -0.01346  -0.01414  -0.01485  -0.01558  -0.01635  -0.01715  -0.01797  -0.01882  -0.01968  -0.02054  -0.02139  -0.02223  -0.02303  -0.02378  -0.02447  -0.02508  -0.02559  -0.02600  -0.02631  -0.02655  -0.02668  -0.02672  -0.02675  -0.02729  -0.03175  -0.04210  -0.05554  -0.06851  -0.07863  -0.08557  -0.09024  -0.09366  -0.09651  -0.09921  -0.10189  -0.10447  -0.10667  -0.10816  -0.10883  -0.10847  -0.10675  -0.10420  -0.10160  -0.09904  -0.09649  -0.09395  -0.09142  -0.08892  -0.08644  -0.08400  -0.08159  -0.07923  -0.07692  -0.07464  -0.07241  -0.07021  -0.06804  -0.06587  -0.06371  -0.06152  -0.05929  -0.05701  -0.05465  -0.05218  -0.04960  -0.04690  -0.04406  -0.04110  -0.03803  -0.03489  -0.03172  -0.02856  -0.02546  -0.02245  -0.01956  -0.01680  -0.01415  -0.01162  -0.00918  -0.00681  -0.00450  -0.00224  -0.00004   0.00212   0.00422   0.00628   0.00829   0.01025   0.01217   0.01405   0.01588   0.01767   0.01942   0.02113   0.02279   0.02441   0.02599   0.02753   0.02903   0.03050   0.03194   0.03334   0.03471   0.03605   0.03737   0.03867   0.03995   0.04121   0.04245   0.04367   0.04488   0.04607   0.04725   0.04840   0.04955   0.05067   0.05178   0.05287   0.05394   0.05499   0.05603   0.05705   0.05805   0.05903   0.06000   0.06095   0.06189   0.06281   0.06372   0.06461   0.06548   0.06635   0.06719   0.06803   0.06884   0.06965   0.07044   0.07121   0.07197   0.07271   0.07343   0.07415   0.07484   0.07553   0.07619   0.07685   0.07748   0.07811   0.07871   0.07931   0.07988   0.08044   0.08099   0.08152   0.08203   0.08253   0.08302   0.08349   0.08395   0.08439   0.08482   0.08525   0.08566   0.08607   0.08647   0.08688   0.08728   0.08770   0.08812   0.08857   0.08904   0.08954   0.09007   0.09064   0.09126   0.09192   0.09262   0.09334   0.09403   0.09461   0.09500   0.09511   0.09484   0.09427   0.09346   0.09260   0.09195   0.09199   0.09336   0.09645   0.10113   0.10691   0.11275   0.11781   0.12143   0.12185   0.11716   0.10772   0.09255   0.07270   0.04721   0.02405   0.00000
178.1250   0.00000  -0.00014  -0.00072  -0.00157  -0.00233  -0.00307  -0.00381  -0.00444  -0.00492  -0.00526  -0.00549  -0.00569  -0.00590  -0.00617  -0.00652  -0.00693  -0.00739  -0.00788  -0.00837  -0.00888  -0.00939  -0.00991  -0.01045  -0.01100  -0.01158  -0.01219  -0.01282  -0.01348  -0.01417  -0.01490  -0.01566  -0.01645  -0.01727  -0.01812  -0.01898  -0.01986  -0.02074  -0.02161  -0.02245  -0.02325  -0.02399  -0.02465  -0.02523  -0.02571  -0.02609  -0.02638  -0.02654  -0.02662  -0.02671  -0.02681  -0.02898  -0.03660  -0.04903  -0.06260  -0.07429  -0.08270  -0.08833  -0.09225  -0.09532  -0.09809  -0.10082  -0.10351  -0.10596  -0.10783  -0.10885  -0.10903  -0.10792  -0.10560  -0.10303  -0.10050  -0.09800  -0.09552  -0.09306  -0.09062  -0.08821  -0.08584  -0.08352  -0.08125  -0.07903  -0.07685  -0.07473  -0.07264  -0.07058  -0.06854  -0.06651  -0.06446  -0.06239  -0.06026  -0.05807  -0.05578  -0.05339  -0.05087  -0.04823  -0.04546  -0.04258  -0.03962  -0.03660  -0.03358  -0.03059  -0.02768  -0.02486  -0.02215  -0.01956  -0.01706  -0.01466  -0.01232  -0.01004  -0.00781  -0.00562  -0.00349  -0.00139   0.00066   0.00267   0.00463   0.00655   0.00844   0.01028   0.01208   0.01384   0.01556   0.01724   0.01888   0.02048   0.02204   0.02357   0.02506   0.02653   0.02796   0.02936   0.03073   0.03208   0.03341   0.03472   0.03602   0.03729   0.03855   0.03979   0.04101   0.04222   0.04341   0.04459   0.04574   0.04688   0.04800   0.04911   0.05019   0.05126   0.05231   0.05334   0.05435   0.05535   0.05633   0.05729   0.05824   0.05918   0.06010   0.06100   0.06190   0.06277   0.06364   0.06448   0.06532   0.06614   0.06694   0.06773   0.06850   0.06926   0.07000   0.07073   0.07144   0.07214   0.07282   0.07349   0.07415   0.07478   0.07541   0.07601   0.07660   0.07718   0.07774   0.07828   0.07881   0.07933   0.07982   0.08031   0.08078   0.08124   0.08169   0.08213   0.08256   0.08298   0.08341   0.08384   0.08428   0.08472   0.08519   0.08568   0.08619   0.08674   0.08733   0.08796   0.08863   0.08935   0.09009   0.09080   0.09139   0.09180   0.09191   0.09161   0.09100   0.09013   0.08920   0.08847   0.08848   0.08993   0.09326   0.09836   0.10469   0.11127   0.11720   0.12144   0.12205   0.11739   0.10798   0.09281   0.07291   0.04723   0.02393   0.00000
179.3750   0.00000  -0.00014  -0.00072  -0.00155  -0.00230  -0.00302  -0.00374  -0.00432  -0.00473  -0.00500  -0.00518  -0.00534  -0.00552  -0.00577  -0.00610  -0.00650  -0.00694  -0.00740  -0.00787  -0.00836  -0.00885  -0.00935  -0.00987  -0.01040  -0.01096  -0.01155  -0.01216  -0.01281  -0.01349  -0.01420  -0.01495  -0.01574  -0.01655  -0.01740  -0.01827  -0.01916  -0.02005  -0.02094  -0.02182  -0.02266  -0.02346  -0.02418  -0.02483  -0.02538  -0.02583  -0.02617  -0.02637  -0.02651  -0.02666  -0.02673  -0.02743  -0.03229  -0.04284  -0.05624  -0.06915  -0.07919  -0.08604  -0.09066  -0.09405  -0.09694  -0.09970  -0.10247  -0.10512  -0.10733  -0.10876  -0.10936  -0.10884  -0.10697  -0.10446  -0.10195  -0.09950  -0.09708  -0.09467  -0.09230  -0.08997  -0.08768  -0.08544  -0.08325  -0.08112  -0.07905  -0.07702  -0.07504  -0.07310  -0.07118  -0.06928  -0.06737  -0.06544  -0.06347  -0.06143  -0.05932  -0.05710  -0.05477  -0.05232  -0.04974  -0.04704  -0.04425  -0.04139  -0.03851  -0.03564  -0.03282  -0.03008  -0.02744  -0.02489  -0.02244  -0.02007  -0.01777  -0.01552  -0.01331  -0.01115  -0.00903  -0.00695  -0.00490  -0.00290  -0.00094   0.00099   0.00288   0.00472   0.00654   0.00831   0.01004   0.01174   0.01340   0.01502   0.01660   0.01815   0.01967   0.02116   0.02262   0.02405   0.02545   0.02684   0.02820   0.02954   0.03087   0.03217   0.03346   0.03474   0.03600   0.03724   0.03846   0.03967   0.04086   0.04203   0.04318   0.04431   0.04543   0.04652   0.04760   0.04866   0.04971   0.05073   0.05175   0.05274   0.05372   0.05468   0.05563   0.05656   0.05748   0.05839   0.05928   0.06016   0.06102   0.06187   0.06271   0.06352   0.06433   0.06512   0.06589   0.06665   0.06739   0.06812   0.06883   0.06953   0.07022   0.07088   0.07154   0.07217   0.07279   0.07340   0.07399   0.07456   0.07512   0.07566   0.07618   0.07670   0.07719   0.07768   0.07815   0.07861   0.07907   0.07952   0.07997   0.08042   0.08088   0.08134   0.08183   0.08233   0.08287   0.08343   0.08403   0.08467   0.08537   0.08610   0.08686   0.08758   0.08819   0.08861   0.08872   0.08840   0.08775   0.08682   0.08580   0.08499   0.08496   0.08651   0.09010   0.09563   0.10256   0.10989   0.11659   0.12138   0.12216   0.11749   0.10810   0.09298   0.07305   0.04726   0.02385   0.00000
180.6250   0.00000  -0.00015  -0.00072  -0.00154  -0.00227  -0.00298  -0.00367  -0.00421  -0.00455  -0.00474  -0.00486  -0.00498  -0.00514  -0.00537  -0.00568  -0.00606  -0.00648  -0.00692  -0.00738  -0.00784  -0.00831  -0.00879  -0.00928  -0.00980  -0.01034  -0.01091  -0.01151  -0.01214  -0.01280  -0.01350  -0.01424  -0.01501  -0.01582  -0.01666  -0.01753  -0.01843  -0.01933  -0.02025  -0.02115  -0.02204  -0.02288  -0.02367  -0.02437  -0.02499  -0.02551  -0.02590  -0.02618  -0.02640  -0.02656  -0.02663  -0.02680  -0.02940  -0.03736  -0.04977  -0.06331  -0.07491  -0.08323  -0.08879  -0.09267  -0.09575  -0.09857  -0.10138  -0.10416  -0.10666  -0.10853  -0.10948  -0.10951  -0.10825  -0.10590  -0.10341  -0.10100  -0.09862  -0.09628  -0.09398  -0.09171  -0.08950  -0.08734  -0.08524  -0.08320  -0.08122  -0.07930  -0.07742  -0.07559  -0.07380  -0.07202  -0.07024  -0.06845  -0.06662  -0.06475  -0.06279  -0.06075  -0.05860  -0.05632  -0.05393  -0.05141  -0.04879  -0.04609  -0.04334  -0.04059  -0.03788  -0.03522  -0.03265  -0.03016  -0.02776  -0.02542  -0.02315  -0.02093  -0.01876  -0.01662  -0.01451  -0.01245  -0.01041  -0.00841  -0.00645  -0.00453  -0.00263  -0.00078   0.00104   0.00282   0.00457   0.00628   0.00796   0.00960   0.01121   0.01278   0.01432   0.01584   0.01732   0.01878   0.02022   0.02163   0.02303   0.02440   0.02576   0.02710   0.02842   0.02973   0.03102   0.03229   0.03355   0.03479   0.03601   0.03721   0.03839   0.03956   0.04070   0.04183   0.04294   0.04403   0.04510   0.04616   0.04720   0.04822   0.04923   0.05022   0.05120   0.05216   0.05311   0.05404   0.05497   0.05587   0.05676   0.05764   0.05851   0.05935   0.06019   0.06101   0.06181   0.06260   0.06337   0.06413   0.06487   0.06560   0.06632   0.06701   0.06769   0.06836   0.06901   0.06964   0.07026   0.07086   0.07145   0.07202   0.07257   0.07311   0.07363   0.07414   0.07464   0.07513   0.07561   0.07608   0.07655   0.07702   0.07750   0.07798   0.07849   0.07901   0.07956   0.08014   0.08076   0.08141   0.08212   0.08286   0.08364   0.08438   0.08501   0.08544   0.08554   0.08521   0.08451   0.08352   0.08242   0.08151   0.08144   0.08308   0.08694   0.09295   0.10053   0.10858   0.11594   0.12119   0.12209   0.11740   0.10803   0.09298   0.07306   0.04724   0.02378   0.00000
181.8750   0.00000  -0.00015  -0.00073  -0.00153  -0.00226  -0.00295  -0.00361  -0.00409  -0.00435  -0.00447  -0.00453  -0.00462  -0.00475  -0.00497  -0.00526  -0.00562  -0.00602  -0.00644  -0.00688  -0.00731  -0.00776  -0.00822  -0.00870  -0.00920  -0.00972  -0.01027  -0.01084  -0.01146  -0.01210  -0.01279  -0.01351  -0.01427  -0.01507  -0.01591  -0.01678  -0.01767  -0.01859  -0.01952  -0.02045  -0.02137  -0.02226  -0.02310  -0.02387  -0.02455  -0.02514  -0.02560  -0.02596  -0.02624  -0.02641  -0.02650  -0.02667  -0.02773  -0.03296  -0.04363  -0.05699  -0.06984  -0.07978  -0.08655  -0.09110  -0.09449  -0.09740  -0.10024  -0.10310  -0.10582  -0.10805  -0.10942  -0.10994  -0.10928  -0.10732  -0.10487  -0.10248  -0.10016  -0.09788  -0.09564  -0.09344  -0.09130  -0.08923  -0.08721  -0.08526  -0.08338  -0.08155  -0.07979  -0.07807  -0.07638  -0.07473  -0.07308  -0.07142  -0.06974  -0.06801  -0.06622  -0.06434  -0.06236  -0.06026  -0.05804  -0.05569  -0.05324  -0.05069  -0.04809  -0.04547  -0.04285  -0.04029  -0.03778  -0.03535  -0.03300  -0.03071  -0.02848  -0.02629  -0.02414  -0.02202  -0.01994  -0.01789  -0.01586  -0.01387  -0.01191  -0.00999  -0.00809  -0.00623  -0.00440  -0.00261  -0.00085   0.00088   0.00257   0.00423   0.00586   0.00745   0.00902   0.01056   0.01207   0.01356   0.01503   0.01647   0.01789   0.01930   0.02069   0.02206   0.02342   0.02476   0.02608   0.02739   0.02868   0.02995   0.03120   0.03243   0.03365   0.03484   0.03602   0.03718   0.03832   0.03944   0.04054   0.04162   0.04269   0.04374   0.04478   0.04580   0.04680   0.04780   0.04877   0.04974   0.05069   0.05162   0.05254   0.05345   0.05434   0.05522   0.05608   0.05693   0.05776   0.05858   0.05939   0.06017   0.06095   0.06171   0.06245   0.06317   0.06388   0.06458   0.06526   0.06592   0.06656   0.06719   0.06781   0.06840   0.06898   0.06955   0.07010   0.07063   0.07116   0.07167   0.07217   0.07267   0.07316   0.07365   0.07415   0.07465   0.07517   0.07571   0.07628   0.07687   0.07750   0.07817   0.07889   0.07965   0.08044   0.08120   0.08186   0.08228   0.08238   0.08203   0.08129   0.08023   0.07904   0.07803   0.07790   0.07964   0.08379   0.09030   0.09858   0.10734   0.11521   0.12072   0.12172   0.11707   0.10778   0.09285   0.07299   0.04718   0.02372   0.00000
183.1250   0.00000  -0.00016  -0.00075  -0.00153  -0.00224  -0.00292  -0.00354  -0.00397  -0.00415  -0.00418  -0.00418  -0.00424  -0.00436  -0.00456  -0.00484  -0.00518  -0.00556  -0.00596  -0.00637  -0.00679  -0.00722  -0.00766  -0.00811  -0.00859  -0.00909  -0.00962  -0.01018  -0.01077  -0.01140  -0.01207  -0.01278  -0.01352  -0.01431  -0.01514  -0.01600  -0.01690  -0.01782  -0.01876  -0.01971  -0.02066  -0.02159  -0.02248  -0.02331  -0.02406  -0.02471  -0.02526  -0.02570  -0.02603  -0.02622  -0.02637  -0.02660  -0.02695  -0.02994  -0.03819  -0.05058  -0.06407  -0.07559  -0.08380  -0.08928  -0.09312  -0.09621  -0.09909  -0.10199  -0.10486  -0.10741  -0.10925  -0.11014  -0.11006  -0.10866  -0.10633  -0.10396  -0.10169  -0.09946  -0.09729  -0.09516  -0.09310  -0.09110  -0.08917  -0.08731  -0.08552  -0.08379  -0.08213  -0.08051  -0.07895  -0.07741  -0.07589  -0.07436  -0.07282  -0.07124  -0.06960  -0.06788  -0.06606  -0.06413  -0.06207  -0.05990  -0.05761  -0.05521  -0.05275  -0.05025  -0.04775  -0.04527  -0.04285  -0.04048  -0.03818  -0.03593  -0.03374  -0.03158  -0.02946  -0.02737  -0.02531  -0.02327  -0.02126  -0.01928  -0.01732  -0.01540  -0.01350  -0.01163  -0.00980  -0.00799  -0.00622  -0.00448  -0.00277  -0.00109   0.00055   0.00217   0.00376   0.00533   0.00687   0.00838   0.00988   0.01135   0.01281   0.01424   0.01567   0.01707   0.01846   0.01983   0.02119   0.02252   0.02385   0.02515   0.02643   0.02770   0.02894   0.03017   0.03138   0.03256   0.03373   0.03488   0.03601   0.03713   0.03822   0.03930   0.04037   0.04142   0.04245   0.04347   0.04447   0.04546   0.04644   0.04741   0.04836   0.04929   0.05021   0.05112   0.05201   0.05289   0.05375   0.05460   0.05543   0.05625   0.05705   0.05784   0.05861   0.05937   0.06010   0.06083   0.06153   0.06222   0.06290   0.06355   0.06419   0.06482   0.06542   0.06602   0.06659   0.06715   0.06770   0.06823   0.06876   0.06928   0.06979   0.07030   0.07082   0.07134   0.07188   0.07243   0.07301   0.07362   0.07426   0.07494   0.07567   0.07645   0.07725   0.07804   0.07872   0.07915   0.07923   0.07886   0.07808   0.07695   0.07567   0.07454   0.07434   0.07618   0.08064   0.08768   0.09667   0.10610   0.11441   0.12001   0.12104   0.11652   0.10736   0.09259   0.07282   0.04707   0.02365   0.00000
184.3750   0.00000  -0.00017  -0.00077  -0.00155  -0.00224  -0.00289  -0.00348  -0.00384  -0.00393  -0.00389  -0.00383  -0.00386  -0.00396  -0.00415  -0.00441  -0.00473  -0.00510  -0.00548  -0.00588  -0.00627  -0.00668  -0.00709  -0.00753  -0.00798  -0.00846  -0.00897  -0.00951  -0.01009  -0.01070  -0.01135  -0.01204  -0.01277  -0.01354  -0.01436  -0.01522  -0.01611  -0.01703  -0.01798  -0.01895  -0.01991  -0.02087  -0.02181  -0.02269  -0.02351  -0.02424  -0.02486  -0.02538  -0.02577  -0.02603  -0.02625  -0.02649  -0.02673  -0.02810  -0.03373  -0.04448  -0.05782  -0.07060  -0.08043  -0.08709  -0.09158  -0.09495  -0.09791  -0.10083  -0.10380  -0.10660  -0.10884  -0.11016  -0.11059  -0.10981  -0.10778  -0.10544  -0.10320  -0.10104  -0.09892  -0.09687  -0.09488  -0.09295  -0.09111  -0.08933  -0.08764  -0.08601  -0.08445  -0.08294  -0.08149  -0.08007  -0.07867  -0.07727  -0.07586  -0.07442  -0.07293  -0.07136  -0.06970  -0.06793  -0.06604  -0.06403  -0.06190  -0.05966  -0.05734  -0.05496  -0.05257  -0.05018  -0.04784  -0.04553  -0.04329  -0.04109  -0.03893  -0.03681  -0.03472  -0.03266  -0.03062  -0.02860  -0.02660  -0.02463  -0.02268  -0.02075  -0.01885  -0.01698  -0.01514  -0.01333  -0.01155  -0.00979  -0.00807  -0.00637  -0.00470  -0.00306  -0.00145   0.00014   0.00171   0.00325   0.00477   0.00627   0.00776   0.00923   0.01068   0.01212   0.01354   0.01494   0.01633   0.01770   0.01905   0.02039   0.02170   0.02300   0.02428   0.02553   0.02677   0.02799   0.02919   0.03036   0.03152   0.03267   0.03379   0.03490   0.03599   0.03707   0.03813   0.03918   0.04021   0.04123   0.04224   0.04323   0.04421   0.04517   0.04612   0.04706   0.04798   0.04888   0.04977   0.05065   0.05151   0.05236   0.05319   0.05400   0.05480   0.05559   0.05635   0.05711   0.05784   0.05856   0.05926   0.05994   0.06061   0.06126   0.06189   0.06251   0.06311   0.06369   0.06427   0.06482   0.06537   0.06591   0.06645   0.06698   0.06751   0.06805   0.06861   0.06918   0.06977   0.07039   0.07105   0.07174   0.07248   0.07326   0.07408   0.07489   0.07561   0.07604   0.07610   0.07571   0.07489   0.07369   0.07231   0.07105   0.07077   0.07270   0.07747   0.08504   0.09470   0.10474   0.11350   0.11914   0.12011   0.11575   0.10677   0.09221   0.07257   0.04691   0.02357   0.00000
185.6250   0.00000  -0.00019  -0.00079  -0.00157  -0.00225  -0.00288  -0.00342  -0.00371  -0.00371  -0.00358  -0.00348  -0.00347  -0.00355  -0.00373  -0.00399  -0.00429  -0.00464  -0.00500  -0.00538  -0.00575  -0.00613  -0.00653  -0.00694  -0.00738  -0.00784  -0.00833  -0.00885  -0.00940  -0.00999  -0.01062  -0.01129  -0.01201  -0.01277  -0.01357  -0.01442  -0.01530  -0.01623  -0.01718  -0.01815  -0.01914  -0.02012  -0.02109  -0.02203  -0.02290  -0.02370  -0.02441  -0.02500  -0.02546  -0.02580  -0.02610  -0.02633  -0.02656  -0.02716  -0.03060  -0.03907  -0.05146  -0.06490  -0.07632  -0.08441  -0.08980  -0.09360  -0.09670  -0.09966  -0.10266  -0.10564  -0.10824  -0.11005  -0.11089  -0.11070  -0.10919  -0.10693  -0.10472  -0.10260  -0.10055  -0.09856  -0.09664  -0.09480  -0.09303  -0.09135  -0.08974  -0.08821  -0.08675  -0.08535  -0.08401  -0.08270  -0.08142  -0.08015  -0.07888  -0.07757  -0.07622  -0.07480  -0.07329  -0.07168  -0.06995  -0.06810  -0.06612  -0.06403  -0.06184  -0.05959  -0.05731  -0.05502  -0.05275  -0.05052  -0.04833  -0.04618  -0.04407  -0.04198  -0.03993  -0.03789  -0.03587  -0.03387  -0.03188  -0.02992  -0.02798  -0.02606  -0.02416  -0.02228  -0.02044  -0.01861  -0.01682  -0.01505  -0.01331  -0.01160  -0.00991  -0.00825  -0.00662  -0.00500  -0.00341  -0.00184  -0.00029   0.00124   0.00276   0.00426   0.00574   0.00721   0.00866   0.01010   0.01152   0.01292   0.01430   0.01567   0.01702   0.01834   0.01965   0.02094   0.02220   0.02345   0.02468   0.02589   0.02708   0.02825   0.02940   0.03054   0.03166   0.03276   0.03385   0.03493   0.03599   0.03703   0.03807   0.03909   0.04009   0.04108   0.04206   0.04303   0.04398   0.04491   0.04583   0.04674   0.04763   0.04850   0.04936   0.05020   0.05103   0.05184   0.05264   0.05341   0.05418   0.05492   0.05565   0.05636   0.05705   0.05773   0.05839   0.05903   0.05966   0.06026   0.06086   0.06144   0.06201   0.06257   0.06313   0.06368   0.06423   0.06479   0.06536   0.06594   0.06655   0.06719   0.06785   0.06855   0.06930   0.07009   0.07093   0.07176   0.07252   0.07295   0.07298   0.07258   0.07171   0.07044   0.06895   0.06754   0.06716   0.06918   0.07426   0.08234   0.09262   0.10319   0.11231   0.11805   0.11901   0.11480   0.10603   0.09169   0.07221   0.04668   0.02347   0.00000
186.8750   0.00000  -0.00020  -0.00083  -0.00160  -0.00226  -0.00287  -0.00336  -0.00357  -0.00347  -0.00326  -0.00311  -0.00308  -0.00314  -0.00331  -0.00356  -0.00385  -0.00418  -0.00453  -0.00488  -0.00523  -0.00559  -0.00597  -0.00636  -0.00677  -0.00721  -0.00768  -0.00818  -0.00871  -0.00928  -0.00989  -0.01054  -0.01124  -0.01198  -0.01277  -0.01361  -0.01448  -0.01540  -0.01635  -0.01733  -0.01833  -0.01933  -0.02033  -0.02131  -0.02224  -0.02311  -0.02389  -0.02456  -0.02511  -0.02555  -0.02589  -0.02613  -0.02638  -0.02680  -0.02865  -0.03462  -0.04540  -0.05872  -0.07142  -0.08112  -0.08766  -0.09209  -0.09545  -0.09846  -0.10148  -0.10456  -0.10745  -0.10976  -0.11103  -0.11135  -0.11044  -0.10841  -0.10622  -0.10415  -0.10216  -0.10024  -0.09840  -0.09663  -0.09494  -0.09335  -0.09183  -0.09040  -0.08904  -0.08774  -0.08651  -0.08531  -0.08415  -0.08300  -0.08186  -0.08068  -0.07947  -0.07820  -0.07684  -0.07538  -0.07380  -0.07210  -0.07027  -0.06832  -0.06627  -0.06415  -0.06198  -0.05978  -0.05760  -0.05544  -0.05331  -0.05121  -0.04914  -0.04709  -0.04507  -0.04306  -0.04106  -0.03908  -0.03711  -0.03516  -0.03322  -0.03131  -0.02941  -0.02753  -0.02568  -0.02385  -0.02204  -0.02026  -0.01851  -0.01678  -0.01508  -0.01339  -0.01174  -0.01010  -0.00848  -0.00689  -0.00531  -0.00375  -0.00220  -0.00067   0.00084   0.00234   0.00382   0.00529   0.00674   0.00818   0.00959   0.01099   0.01237   0.01373   0.01506   0.01638   0.01768   0.01895   0.02021   0.02145   0.02267   0.02387   0.02505   0.02621   0.02736   0.02849   0.02961   0.03071   0.03180   0.03287   0.03393   0.03498   0.03601   0.03703   0.03804   0.03903   0.04001   0.04097   0.04192   0.04285   0.04377   0.04467   0.04556   0.04643   0.04729   0.04813   0.04895   0.04975   0.05054   0.05131   0.05207   0.05281   0.05353   0.05423   0.05491   0.05558   0.05623   0.05686   0.05748   0.05808   0.05868   0.05926   0.05983   0.06040   0.06097   0.06155   0.06213   0.06273   0.06336   0.06400   0.06467   0.06538   0.06614   0.06694   0.06780   0.06864   0.06944   0.06988   0.06989   0.06946   0.06855   0.06720   0.06560   0.06402   0.06352   0.06562   0.07099   0.07955   0.09036   0.10132   0.11057   0.11650   0.11766   0.11357   0.10506   0.09102   0.07173   0.04637   0.02333   0.00000
188.1250   0.00000  -0.00021  -0.00087  -0.00165  -0.00229  -0.00286  -0.00330  -0.00342  -0.00322  -0.00294  -0.00274  -0.00268  -0.00273  -0.00289  -0.00313  -0.00340  -0.00372  -0.00405  -0.00438  -0.00472  -0.00506  -0.00541  -0.00578  -0.00617  -0.00659  -0.00704  -0.00752  -0.00803  -0.00858  -0.00917  -0.00980  -0.01047  -0.01120  -0.01197  -0.01279  -0.01365  -0.01456  -0.01551  -0.01649  -0.01749  -0.01851  -0.01954  -0.02055  -0.02153  -0.02246  -0.02331  -0.02406  -0.02470  -0.02523  -0.02563  -0.02591  -0.02620  -0.02661  -0.02754  -0.03137  -0.04001  -0.05241  -0.06581  -0.07710  -0.08506  -0.09035  -0.09411  -0.09725  -0.10028  -0.10340  -0.10648  -0.10914  -0.11094  -0.11176  -0.11143  -0.10986  -0.10773  -0.10569  -0.10376  -0.10191  -0.10014  -0.09844  -0.09684  -0.09533  -0.09390  -0.09256  -0.09130  -0.09012  -0.08899  -0.08791  -0.08686  -0.08583  -0.08481  -0.08377  -0.08269  -0.08155  -0.08033  -0.07902  -0.07759  -0.07604  -0.07435  -0.07255  -0.07063  -0.06863  -0.06657  -0.06448  -0.06238  -0.06029  -0.05822  -0.05617  -0.05415  -0.05214  -0.05015  -0.04817  -0.04620  -0.04424  -0.04228  -0.04034  -0.03842  -0.03650  -0.03461  -0.03273  -0.03087  -0.02903  -0.02722  -0.02543  -0.02366  -0.02191  -0.02019  -0.01849  -0.01681  -0.01515  -0.01351  -0.01189  -0.01028  -0.00869  -0.00712  -0.00556  -0.00401  -0.00248  -0.00097   0.00053   0.00201   0.00348   0.00492   0.00635   0.00776   0.00915   0.01052   0.01186   0.01319   0.01450   0.01578   0.01705   0.01830   0.01952   0.02073   0.02193   0.02310   0.02426   0.02541   0.02653   0.02765   0.02875   0.02984   0.03091   0.03197   0.03302   0.03405   0.03507   0.03608   0.03707   0.03804   0.03900   0.03995   0.04088   0.04180   0.04269   0.04358   0.04444   0.04529   0.04612   0.04694   0.04774   0.04852   0.04928   0.05003   0.05076   0.05146   0.05216   0.05283   0.05349   0.05413   0.05475   0.05537   0.05597   0.05657   0.05715   0.05774   0.05833   0.05893   0.05955   0.06018   0.06084   0.06152   0.06223   0.06300   0.06381   0.06468   0.06554   0.06638   0.06683   0.06681   0.06637   0.06541   0.06398   0.06225   0.06048   0.05983   0.06199   0.06763   0.07661   0.08780   0.09879   0.10763   0.11378   0.11557   0.11184   0.10377   0.09016   0.07114   0.04597   0.02316   0.00000
189.3750   0.00000  -0.00023  -0.00091  -0.00171  -0.00234  -0.00287  -0.00324  -0.00327  -0.00297  -0.00262  -0.00237  -0.00227  -0.00231  -0.00247  -0.00269  -0.00296  -0.00326  -0.00357  -0.00389  -0.00420  -0.00452  -0.00485  -0.00520  -0.00557  -0.00597  -0.00640  -0.00685  -0.00734  -0.00787  -0.00844  -0.00905  -0.00970  -0.01041  -0.01116  -0.01196  -0.01281  -0.01371  -0.01465  -0.01563  -0.01664  -0.01767  -0.01871  -0.01975  -0.02077  -0.02175  -0.02267  -0.02350  -0.02423  -0.02484  -0.02531  -0.02568  -0.02603  -0.02642  -0.02699  -0.02924  -0.03556  -0.04639  -0.05970  -0.07229  -0.08185  -0.08827  -0.09263  -0.09599  -0.09906  -0.10219  -0.10539  -0.10837  -0.11069  -0.11195  -0.11220  -0.11120  -0.10924  -0.10723  -0.10535  -0.10356  -0.10186  -0.10025  -0.09872  -0.09730  -0.09596  -0.09472  -0.09355  -0.09247  -0.09145  -0.09048  -0.08954  -0.08863  -0.08773  -0.08682  -0.08587  -0.08487  -0.08379  -0.08262  -0.08133  -0.07992  -0.07838  -0.07671  -0.07493  -0.07305  -0.07110  -0.06910  -0.06709  -0.06507  -0.06306  -0.06107  -0.05910  -0.05713  -0.05517  -0.05322  -0.05128  -0.04934  -0.04740  -0.04547  -0.04355  -0.04165  -0.03975  -0.03787  -0.03601  -0.03417  -0.03235  -0.03054  -0.02876  -0.02700  -0.02526  -0.02354  -0.02184  -0.02016  -0.01849  -0.01684  -0.01521  -0.01359  -0.01199  -0.01040  -0.00883  -0.00727  -0.00572  -0.00419  -0.00268  -0.00118   0.00029   0.00175   0.00319   0.00461   0.00601   0.00739   0.00874   0.01008   0.01139   0.01269   0.01396   0.01522   0.01646   0.01768   0.01888   0.02007   0.02124   0.02240   0.02354   0.02466   0.02578   0.02688   0.02797   0.02904   0.03010   0.03115   0.03218   0.03320   0.03420   0.03519   0.03616   0.03712   0.03806   0.03899   0.03990   0.04079   0.04167   0.04252   0.04337   0.04419   0.04500   0.04579   0.04656   0.04731   0.04805   0.04876   0.04946   0.05014   0.05080   0.05145   0.05209   0.05271   0.05332   0.05393   0.05453   0.05514   0.05575   0.05638   0.05703   0.05769   0.05839   0.05910   0.05987   0.06070   0.06157   0.06245   0.06332   0.06379   0.06377   0.06330   0.06229   0.06077   0.05890   0.05691   0.05609   0.05828   0.06416   0.07348   0.08475   0.09501   0.10237   0.10734   0.11036   0.10877   0.10178   0.08900   0.07041   0.04548   0.02295   0.00000
190.6250   0.00000  -0.00024  -0.00096  -0.00178  -0.00241  -0.00290  -0.00319  -0.00311  -0.00272  -0.00231  -0.00201  -0.00187  -0.00188  -0.00204  -0.00226  -0.00252  -0.00281  -0.00310  -0.00340  -0.00369  -0.00399  -0.00430  -0.00463  -0.00498  -0.00535  -0.00576  -0.00619  -0.00666  -0.00717  -0.00772  -0.00830  -0.00893  -0.00961  -0.01035  -0.01113  -0.01196  -0.01285  -0.01378  -0.01475  -0.01576  -0.01680  -0.01785  -0.01891  -0.01996  -0.02099  -0.02197  -0.02287  -0.02368  -0.02438  -0.02494  -0.02541  -0.02582  -0.02619  -0.02669  -0.02797  -0.03223  -0.04103  -0.05344  -0.06678  -0.07792  -0.08573  -0.09092  -0.09466  -0.09783  -0.10096  -0.10421  -0.10740  -0.11013  -0.11193  -0.11271  -0.11230  -0.11072  -0.10877  -0.10693  -0.10521  -0.10357  -0.10204  -0.10059  -0.09925  -0.09800  -0.09685  -0.09579  -0.09480  -0.09389  -0.09303  -0.09221  -0.09142  -0.09063  -0.08984  -0.08902  -0.08815  -0.08721  -0.08617  -0.08502  -0.08375  -0.08235  -0.08081  -0.07916  -0.07740  -0.07555  -0.07366  -0.07173  -0.06979  -0.06785  -0.06591  -0.06398  -0.06206  -0.06014  -0.05822  -0.05630  -0.05438  -0.05246  -0.05055  -0.04864  -0.04674  -0.04484  -0.04297  -0.04110  -0.03925  -0.03742  -0.03561  -0.03381  -0.03204  -0.03028  -0.02854  -0.02682  -0.02512  -0.02343  -0.02175  -0.02009  -0.01845  -0.01682  -0.01520  -0.01360  -0.01201  -0.01043  -0.00887  -0.00733  -0.00580  -0.00429  -0.00280  -0.00133   0.00011   0.00154   0.00295   0.00434   0.00570   0.00704   0.00837   0.00967   0.01095   0.01222   0.01347   0.01470   0.01591   0.01711   0.01829   0.01946   0.02062   0.02176   0.02288   0.02400   0.02510   0.02619   0.02726   0.02832   0.02936   0.03040   0.03141   0.03241   0.03340   0.03436   0.03532   0.03625   0.03717   0.03807   0.03896   0.03983   0.04068   0.04151   0.04232   0.04312   0.04390   0.04465   0.04539   0.04611   0.04682   0.04750   0.04817   0.04883   0.04947   0.05011   0.05073   0.05135   0.05197   0.05260   0.05324   0.05390   0.05457   0.05527   0.05600   0.05677   0.05760   0.05848   0.05938   0.06028   0.06077   0.06074   0.06025   0.05920   0.05758   0.05556   0.05333   0.05230   0.05445   0.06056   0.07007   0.08089   0.08924   0.09371   0.09666   0.10106   0.10269   0.09815   0.08726   0.06952   0.04491   0.02270   0.00000
191.8750   0.00000  -0.00025  -0.00101  -0.00186  -0.00249  -0.00294  -0.00315  -0.00297  -0.00249  -0.00200  -0.00164  -0.00146  -0.00146  -0.00161  -0.00183  -0.00207  -0.00235  -0.00263  -0.00291  -0.00318  -0.00346  -0.00375  -0.00405  -0.00438  -0.00474  -0.00512  -0.00554  -0.00599  -0.00647  -0.00700  -0.00756  -0.00817  -0.00882  -0.00953  -0.01029  -0.01111  -0.01198  -0.01290  -0.01387  -0.01487  -0.01591  -0.01697  -0.01804  -0.01912  -0.02018  -0.02121  -0.02218  -0.02307  -0.02385  -0.02452  -0.02509  -0.02556  -0.02595  -0.02641  -0.02727  -0.02998  -0.03657  -0.04745  -0.06075  -0.07322  -0.08261  -0.08890  -0.09320  -0.09657  -0.09972  -0.10297  -0.10630  -0.10938  -0.11173  -0.11299  -0.11317  -0.11213  -0.11030  -0.10850  -0.10683  -0.10527  -0.10381  -0.10245  -0.10119  -0.10003  -0.09897  -0.09800  -0.09712  -0.09631  -0.09556  -0.09485  -0.09417  -0.09351  -0.09284  -0.09214  -0.09140  -0.09059  -0.08968  -0.08867  -0.08753  -0.08626  -0.08486  -0.08332  -0.08168  -0.07995  -0.07815  -0.07631  -0.07444  -0.07257  -0.07069  -0.06881  -0.06693  -0.06504  -0.06315  -0.06126  -0.05937  -0.05747  -0.05557  -0.05367  -0.05177  -0.04989  -0.04801  -0.04614  -0.04429  -0.04245  -0.04063  -0.03882  -0.03703  -0.03526  -0.03350  -0.03176  -0.03003  -0.02832  -0.02662  -0.02493  -0.02326  -0.02161  -0.01996  -0.01833  -0.01671  -0.01510  -0.01351  -0.01194  -0.01038  -0.00884  -0.00732  -0.00582  -0.00434  -0.00288  -0.00145  -0.00003   0.00136   0.00273   0.00408   0.00542   0.00673   0.00802   0.00930   0.01056   0.01180   0.01302   0.01423   0.01543   0.01661   0.01777   0.01893   0.02007   0.02119   0.02231   0.02341   0.02449   0.02557   0.02662   0.02767   0.02869   0.02970   0.03070   0.03168   0.03264   0.03358   0.03451   0.03542   0.03632   0.03719   0.03805   0.03889   0.03971   0.04051   0.04129   0.04206   0.04280   0.04352   0.04423   0.04492   0.04560   0.04626   0.04692   0.04756   0.04819   0.04883   0.04947   0.05012   0.05079   0.05147   0.05218   0.05291   0.05368   0.05451   0.05541   0.05632   0.05724   0.05775   0.05775   0.05722   0.05613   0.05441   0.05222   0.04979   0.04848   0.05048   0.05683   0.06629   0.07575   0.08121   0.08301   0.08465   0.08874   0.09297   0.09252   0.08453   0.06837   0.04427   0.02241   0.00000
193.1250   0.00000  -0.00026  -0.00106  -0.00195  -0.00259  -0.00300  -0.00314  -0.00286  -0.00228  -0.00171  -0.00128  -0.00106  -0.00103  -0.00118  -0.00140  -0.00163  -0.00190  -0.00216  -0.00242  -0.00268  -0.00294  -0.00320  -0.00349  -0.00380  -0.00413  -0.00449  -0.00489  -0.00532  -0.00578  -0.00628  -0.00682  -0.00741  -0.00804  -0.00872  -0.00946  -0.01025  -0.01111  -0.01201  -0.01296  -0.01396  -0.01500  -0.01606  -0.01714  -0.01824  -0.01933  -0.02040  -0.02142  -0.02238  -0.02326  -0.02403  -0.02469  -0.02524  -0.02568  -0.02616  -0.02689  -0.02856  -0.03315  -0.04209  -0.05455  -0.06781  -0.07878  -0.08644  -0.09153  -0.09524  -0.09847  -0.10171  -0.10509  -0.10842  -0.11123  -0.11304  -0.11378  -0.11333  -0.11181  -0.11006  -0.10845  -0.10695  -0.10557  -0.10429  -0.10311  -0.10204  -0.10108  -0.10020  -0.09942  -0.09871  -0.09807  -0.09747  -0.09691  -0.09636  -0.09581  -0.09523  -0.09461  -0.09393  -0.09315  -0.09227  -0.09126  -0.09012  -0.08884  -0.08743  -0.08591  -0.08428  -0.08258  -0.08082  -0.07904  -0.07723  -0.07541  -0.07358  -0.07174  -0.06989  -0.06803  -0.06617  -0.06430  -0.06242  -0.06053  -0.05865  -0.05676  -0.05487  -0.05300  -0.05113  -0.04927  -0.04743  -0.04559  -0.04377  -0.04197  -0.04018  -0.03841  -0.03665  -0.03490  -0.03316  -0.03144  -0.02973  -0.02803  -0.02635  -0.02467  -0.02301  -0.02136  -0.01973  -0.01811  -0.01650  -0.01491  -0.01335  -0.01180  -0.01027  -0.00876  -0.00727  -0.00580  -0.00436  -0.00294  -0.00154  -0.00016   0.00120   0.00254   0.00386   0.00517   0.00645   0.00772   0.00897   0.01021   0.01143   0.01263   0.01383   0.01501   0.01617   0.01733   0.01847   0.01959   0.02070   0.02180   0.02289   0.02395   0.02501   0.02604   0.02707   0.02807   0.02906   0.03003   0.03098   0.03192   0.03284   0.03374   0.03462   0.03548   0.03633   0.03715   0.03796   0.03875   0.03951   0.04026   0.04099   0.04170   0.04240   0.04308   0.04375   0.04441   0.04506   0.04571   0.04636   0.04703   0.04771   0.04840   0.04911   0.04984   0.05062   0.05145   0.05236   0.05329   0.05420   0.05475   0.05477   0.05422   0.05309   0.05127   0.04889   0.04631   0.04463   0.04634   0.05297   0.06192   0.06896   0.07213   0.07434   0.07740   0.07981   0.08298   0.08519   0.08052   0.06676   0.04355   0.02210   0.00000
194.3750   0.00000  -0.00028  -0.00111  -0.00204  -0.00270  -0.00309  -0.00317  -0.00280  -0.00211  -0.00144  -0.00092  -0.00066  -0.00060  -0.00075  -0.00096  -0.00119  -0.00144  -0.00169  -0.00194  -0.00218  -0.00242  -0.00266  -0.00293  -0.00321  -0.00353  -0.00387  -0.00425  -0.00465  -0.00509  -0.00557  -0.00609  -0.00665  -0.00726  -0.00791  -0.00863  -0.00940  -0.01023  -0.01111  -0.01205  -0.01304  -0.01407  -0.01513  -0.01622  -0.01733  -0.01844  -0.01954  -0.02061  -0.02163  -0.02259  -0.02345  -0.02421  -0.02485  -0.02538  -0.02590  -0.02656  -0.02770  -0.03078  -0.03762  -0.04858  -0.06187  -0.07420  -0.08340  -0.08956  -0.09380  -0.09720  -0.10044  -0.10382  -0.10730  -0.11050  -0.11289  -0.11415  -0.11430  -0.11327  -0.11162  -0.11006  -0.10862  -0.10731  -0.10611  -0.10502  -0.10404  -0.10317  -0.10239  -0.10170  -0.10110  -0.10056  -0.10007  -0.09962  -0.09919  -0.09876  -0.09830  -0.09780  -0.09724  -0.09659  -0.09583  -0.09495  -0.09394  -0.09278  -0.09149  -0.09007  -0.08855  -0.08695  -0.08528  -0.08357  -0.08183  -0.08006  -0.07828  -0.07649  -0.07468  -0.07286  -0.07102  -0.06917  -0.06731  -0.06544  -0.06357  -0.06169  -0.05981  -0.05794  -0.05607  -0.05420  -0.05235  -0.05051  -0.04868  -0.04686  -0.04506  -0.04327  -0.04149  -0.03972  -0.03796  -0.03621  -0.03448  -0.03276  -0.03104  -0.02934  -0.02765  -0.02597  -0.02431  -0.02266  -0.02103  -0.01941  -0.01781  -0.01623  -0.01467  -0.01313  -0.01162  -0.01012  -0.00865  -0.00720  -0.00577  -0.00436  -0.00297  -0.00161  -0.00026   0.00107   0.00238   0.00368   0.00496   0.00622   0.00747   0.00870   0.00992   0.01112   0.01231   0.01349   0.01466   0.01581   0.01695   0.01807   0.01918   0.02028   0.02136   0.02242   0.02347   0.02450   0.02551   0.02651   0.02748   0.02845   0.02939   0.03031   0.03122   0.03211   0.03298   0.03383   0.03466   0.03547   0.03626   0.03703   0.03778   0.03851   0.03923   0.03993   0.04062   0.04129   0.04196   0.04262   0.04328   0.04396   0.04465   0.04534   0.04606   0.04679   0.04757   0.04840   0.04932   0.05026   0.05118   0.05176   0.05181   0.05124   0.05007   0.04815   0.04556   0.04282   0.04071   0.04207   0.04894   0.05672   0.06107   0.06409   0.06928   0.07442   0.07549   0.07552   0.07736   0.07548   0.06450   0.04269   0.02176   0.00000
195.6250   0.00000  -0.00029  -0.00115  -0.00213  -0.00282  -0.00321  -0.00323  -0.00279  -0.00200  -0.00120  -0.00058  -0.00026  -0.00018  -0.00032  -0.00053  -0.00075  -0.00099  -0.00123  -0.00146  -0.00168  -0.00190  -0.00213  -0.00237  -0.00264  -0.00293  -0.00325  -0.00361  -0.00399  -0.00441  -0.00487  -0.00536  -0.00590  -0.00648  -0.00711  -0.00780  -0.00854  -0.00935  -0.01021  -0.01114  -0.01211  -0.01313  -0.01419  -0.01528  -0.01639  -0.01752  -0.01864  -0.01975  -0.02082  -0.02185  -0.02279  -0.02365  -0.02440  -0.02504  -0.02563  -0.02625  -0.02717  -0.02922  -0.03415  -0.04322  -0.05573  -0.06889  -0.07968  -0.08717  -0.09217  -0.09587  -0.09917  -0.10252  -0.10606  -0.10955  -0.11250  -0.11433  -0.11502  -0.11455  -0.11316  -0.11165  -0.11028  -0.10904  -0.10792  -0.10691  -0.10602  -0.10524  -0.10456  -0.10397  -0.10346  -0.10303  -0.10265  -0.10231  -0.10200  -0.10168  -0.10134  -0.10096  -0.10051  -0.09999  -0.09935  -0.09860  -0.09770  -0.09666  -0.09549  -0.09418  -0.09277  -0.09125  -0.08967  -0.08804  -0.08637  -0.08466  -0.08293  -0.08118  -0.07941  -0.07762  -0.07582  -0.07399  -0.07215  -0.07030  -0.06844  -0.06657  -0.06469  -0.06282  -0.06095  -0.05909  -0.05723  -0.05538  -0.05354  -0.05171  -0.04989  -0.04808  -0.04628  -0.04449  -0.04271  -0.04094  -0.03918  -0.03744  -0.03570  -0.03397  -0.03225  -0.03054  -0.02885  -0.02717  -0.02551  -0.02386  -0.02223  -0.02062  -0.01903  -0.01747  -0.01592  -0.01440  -0.01290  -0.01142  -0.00996  -0.00852  -0.00711  -0.00571  -0.00434  -0.00298  -0.00164  -0.00032   0.00098   0.00227   0.00354   0.00480   0.00605   0.00728   0.00849   0.00970   0.01089   0.01207   0.01323   0.01438   0.01552   0.01664   0.01774   0.01883   0.01990   0.02096   0.02200   0.02302   0.02402   0.02501   0.02597   0.02692   0.02785   0.02877   0.02966   0.03053   0.03139   0.03222   0.03303   0.03382   0.03459   0.03535   0.03608   0.03680   0.03751   0.03820   0.03888   0.03955   0.04023   0.04091   0.04161   0.04231   0.04303   0.04376   0.04454   0.04537   0.04629   0.04725   0.04817   0.04878   0.04887   0.04828   0.04707   0.04505   0.04223   0.03922   0.03663   0.03773   0.04457   0.05045   0.05317   0.05813   0.06597   0.07142   0.07235   0.07040   0.07008   0.06978   0.06155   0.04162   0.02140   0.00000
196.8750   0.00000  -0.00030  -0.00118  -0.00221  -0.00294  -0.00334  -0.00333  -0.00283  -0.00195  -0.00099  -0.00027   0.00013   0.00025   0.00011  -0.00010  -0.00031  -0.00054  -0.00077  -0.00099  -0.00119  -0.00139  -0.00159  -0.00182  -0.00207  -0.00234  -0.00264  -0.00298  -0.00334  -0.00374  -0.00417  -0.00465  -0.00516  -0.00571  -0.00632  -0.00698  -0.00769  -0.00847  -0.00931  -0.01021  -0.01117  -0.01218  -0.01324  -0.01432  -0.01544  -0.01657  -0.01771  -0.01884  -0.01996  -0.02104  -0.02206  -0.02301  -0.02387  -0.02463  -0.02530  -0.02594  -0.02675  -0.02821  -0.03166  -0.03873  -0.04979  -0.06304  -0.07520  -0.08422  -0.09025  -0.09445  -0.09788  -0.10122  -0.10475  -0.10838  -0.11173  -0.11420  -0.11548  -0.11560  -0.11465  -0.11323  -0.11192  -0.11075  -0.10970  -0.10879  -0.10798  -0.10729  -0.10671  -0.10622  -0.10582  -0.10549  -0.10521  -0.10498  -0.10478  -0.10458  -0.10436  -0.10409  -0.10376  -0.10335  -0.10284  -0.10220  -0.10142  -0.10050  -0.09944  -0.09824  -0.09692  -0.09551  -0.09401  -0.09245  -0.09085  -0.08920  -0.08753  -0.08582  -0.08409  -0.08233  -0.08056  -0.07876  -0.07694  -0.07510  -0.07325  -0.07139  -0.06953  -0.06766  -0.06579  -0.06392  -0.06205  -0.06020  -0.05835  -0.05650  -0.05467  -0.05285  -0.05103  -0.04922  -0.04742  -0.04563  -0.04384  -0.04207  -0.04030  -0.03855  -0.03680  -0.03507  -0.03334  -0.03164  -0.02994  -0.02827  -0.02661  -0.02497  -0.02336  -0.02176  -0.02018  -0.01863  -0.01710  -0.01559  -0.01411  -0.01265  -0.01120  -0.00978  -0.00838  -0.00700  -0.00563  -0.00428  -0.00295  -0.00164  -0.00034   0.00094   0.00221   0.00347   0.00471   0.00594   0.00716   0.00836   0.00955   0.01073   0.01189   0.01303   0.01416   0.01528   0.01637   0.01745   0.01852   0.01956   0.02059   0.02160   0.02259   0.02356   0.02452   0.02546   0.02637   0.02727   0.02814   0.02900   0.02983   0.03064   0.03144   0.03221   0.03297   0.03370   0.03443   0.03513   0.03583   0.03651   0.03720   0.03789   0.03860   0.03931   0.04002   0.04075   0.04153   0.04236   0.04328   0.04426   0.04518   0.04582   0.04595   0.04534   0.04410   0.04196   0.03892   0.03557   0.03242   0.03330   0.03952   0.04329   0.04620   0.05375   0.06269   0.06777   0.06882   0.06586   0.06368   0.06388   0.05802   0.04026   0.02099   0.00000
198.1250   0.00000  -0.00030  -0.00121  -0.00229  -0.00307  -0.00348  -0.00346  -0.00292  -0.00194  -0.00083   0.00003   0.00051   0.00067   0.00054   0.00033   0.00012  -0.00010  -0.00031  -0.00051  -0.00070  -0.00088  -0.00107  -0.00127  -0.00150  -0.00175  -0.00204  -0.00235  -0.00270  -0.00307  -0.00349  -0.00394  -0.00442  -0.00496  -0.00553  -0.00616  -0.00685  -0.00760  -0.00841  -0.00929  -0.01023  -0.01123  -0.01227  -0.01335  -0.01446  -0.01560  -0.01674  -0.01790  -0.01905  -0.02017  -0.02126  -0.02229  -0.02325  -0.02412  -0.02490  -0.02560  -0.02638  -0.02754  -0.02997  -0.03520  -0.04442  -0.05698  -0.07001  -0.08060  -0.08792  -0.09284  -0.09655  -0.09992  -0.10341  -0.10711  -0.11076  -0.11384  -0.11574  -0.11643  -0.11600  -0.11480  -0.11355  -0.11244  -0.11148  -0.11064  -0.10993  -0.10933  -0.10884  -0.10845  -0.10815  -0.10792  -0.10776  -0.10763  -0.10753  -0.10745  -0.10734  -0.10720  -0.10698  -0.10668  -0.10628  -0.10576  -0.10510  -0.10429  -0.10334  -0.10224  -0.10103  -0.09970  -0.09829  -0.09681  -0.09527  -0.09369  -0.09206  -0.09040  -0.08871  -0.08699  -0.08524  -0.08347  -0.08167  -0.07985  -0.07802  -0.07617  -0.07431  -0.07244  -0.07057  -0.06870  -0.06683  -0.06497  -0.06311  -0.06125  -0.05940  -0.05756  -0.05573  -0.05390  -0.05208  -0.05026  -0.04846  -0.04666  -0.04487  -0.04308  -0.04131  -0.03955  -0.03780  -0.03606  -0.03434  -0.03263  -0.03095  -0.02928  -0.02763  -0.02601  -0.02441  -0.02283  -0.02127  -0.01973  -0.01822  -0.01673  -0.01526  -0.01381  -0.01238  -0.01097  -0.00958  -0.00821  -0.00685  -0.00551  -0.00419  -0.00288  -0.00158  -0.00030   0.00097   0.00222   0.00346   0.00469   0.00591   0.00711   0.00829   0.00946   0.01062   0.01175   0.01288   0.01398   0.01507   0.01614   0.01719   0.01823   0.01924   0.02024   0.02122   0.02218   0.02312   0.02403   0.02493   0.02581   0.02666   0.02750   0.02831   0.02910   0.02988   0.03063   0.03137   0.03209   0.03280   0.03349   0.03419   0.03489   0.03561   0.03632   0.03704   0.03776   0.03854   0.03936   0.04029   0.04128   0.04220   0.04288   0.04305   0.04242   0.04115   0.03890   0.03561   0.03190   0.02812   0.02877   0.03367   0.03587   0.04048   0.05000   0.05891   0.06371   0.06491   0.06170   0.05827   0.05808   0.05405   0.03858   0.02052   0.00000
199.3750   0.00000  -0.00031  -0.00124  -0.00236  -0.00319  -0.00363  -0.00362  -0.00305  -0.00197  -0.00072   0.00030   0.00088   0.00109   0.00096   0.00076   0.00056   0.00034   0.00014  -0.00004  -0.00021  -0.00038  -0.00055  -0.00073  -0.00094  -0.00118  -0.00144  -0.00173  -0.00206  -0.00242  -0.00281  -0.00324  -0.00370  -0.00421  -0.00476  -0.00536  -0.00601  -0.00673  -0.00751  -0.00836  -0.00928  -0.01026  -0.01129  -0.01237  -0.01347  -0.01461  -0.01576  -0.01692  -0.01809  -0.01925  -0.02039  -0.02149  -0.02255  -0.02352  -0.02441  -0.02522  -0.02602  -0.02704  -0.02883  -0.03261  -0.03990  -0.05107  -0.06427  -0.07623  -0.08505  -0.09096  -0.09513  -0.09862  -0.10208  -0.10576  -0.10956  -0.11306  -0.11565  -0.11699  -0.11713  -0.11632  -0.11516  -0.11412  -0.11323  -0.11248  -0.11186  -0.11135  -0.11096  -0.11067  -0.11047  -0.11034  -0.11028  -0.11026  -0.11027  -0.11029  -0.11030  -0.11027  -0.11018  -0.10999  -0.10969  -0.10928  -0.10873  -0.10804  -0.10719  -0.10620  -0.10508  -0.10384  -0.10251  -0.10111  -0.09964  -0.09812  -0.09655  -0.09493  -0.09328  -0.09159  -0.08987  -0.08813  -0.08635  -0.08455  -0.08273  -0.08089  -0.07903  -0.07717  -0.07530  -0.07343  -0.07155  -0.06968  -0.06781  -0.06595  -0.06409  -0.06223  -0.06038  -0.05853  -0.05669  -0.05485  -0.05302  -0.05120  -0.04938  -0.04757  -0.04577  -0.04398  -0.04220  -0.04044  -0.03869  -0.03696  -0.03524  -0.03355  -0.03187  -0.03022  -0.02859  -0.02698  -0.02539  -0.02383  -0.02229  -0.02077  -0.01927  -0.01780  -0.01634  -0.01491  -0.01349  -0.01209  -0.01071  -0.00934  -0.00799  -0.00666  -0.00534  -0.00403  -0.00274  -0.00146  -0.00019   0.00106   0.00230   0.00352   0.00473   0.00593   0.00711   0.00827   0.00942   0.01055   0.01166   0.01275   0.01383   0.01488   0.01592   0.01694   0.01795   0.01893   0.01989   0.02083   0.02175   0.02265   0.02353   0.02438   0.02521   0.02603   0.02682   0.02759   0.02835   0.02908   0.02980   0.03051   0.03121   0.03192   0.03264   0.03336   0.03408   0.03480   0.03556   0.03639   0.03731   0.03831   0.03925   0.03996   0.04016   0.03951   0.03821   0.03586   0.03230   0.02819   0.02381   0.02407   0.02718   0.02880   0.03576   0.04616   0.05460   0.05929   0.06076   0.05800   0.05377   0.05255   0.04979   0.03658   0.01996   0.00000
200.6250   0.00000  -0.00032  -0.00126  -0.00242  -0.00332  -0.00380  -0.00380  -0.00321  -0.00204  -0.00064   0.00053   0.00124   0.00150   0.00139   0.00118   0.00098   0.00078   0.00060   0.00042   0.00027   0.00012  -0.00003  -0.00020  -0.00039  -0.00061  -0.00085  -0.00112  -0.00143  -0.00177  -0.00214  -0.00255  -0.00299  -0.00347  -0.00399  -0.00457  -0.00519  -0.00588  -0.00662  -0.00744  -0.00833  -0.00929  -0.01030  -0.01137  -0.01247  -0.01360  -0.01476  -0.01592  -0.01710  -0.01829  -0.01946  -0.02063  -0.02175  -0.02283  -0.02383  -0.02475  -0.02563  -0.02660  -0.02802  -0.03079  -0.03631  -0.04571  -0.05828  -0.07115  -0.08153  -0.08869  -0.09355  -0.09729  -0.10075  -0.10438  -0.10825  -0.11207  -0.11532  -0.11732  -0.11804  -0.11772  -0.11676  -0.11579  -0.11497  -0.11430  -0.11377  -0.11335  -0.11306  -0.11286  -0.11277  -0.11274  -0.11279  -0.11288  -0.11299  -0.11312  -0.11323  -0.11330  -0.11334  -0.11328  -0.11308  -0.11277  -0.11233  -0.11174  -0.11099  -0.11010  -0.10908  -0.10793  -0.10668  -0.10535  -0.10395  -0.10249  -0.10097  -0.09940  -0.09779  -0.09614  -0.09445  -0.09273  -0.09098  -0.08919  -0.08738  -0.08555  -0.08371  -0.08185  -0.07998  -0.07811  -0.07623  -0.07435  -0.07247  -0.07060  -0.06872  -0.06685  -0.06498  -0.06311  -0.06125  -0.05939  -0.05754  -0.05569  -0.05385  -0.05202  -0.05019  -0.04837  -0.04657  -0.04478  -0.04300  -0.04124  -0.03949  -0.03777  -0.03607  -0.03438  -0.03273  -0.03109  -0.02948  -0.02788  -0.02632  -0.02477  -0.02325  -0.02175  -0.02026  -0.01880  -0.01736  -0.01594  -0.01453  -0.01314  -0.01176  -0.01040  -0.00906  -0.00773  -0.00641  -0.00510  -0.00381  -0.00254  -0.00127  -0.00002   0.00121   0.00243   0.00363   0.00482   0.00599   0.00714   0.00828   0.00940   0.01050   0.01158   0.01264   0.01368   0.01471   0.01571   0.01670   0.01766   0.01860   0.01952   0.02042   0.02129   0.02215   0.02298   0.02379   0.02458   0.02535   0.02610   0.02683   0.02755   0.02826   0.02898   0.02970   0.03042   0.03114   0.03185   0.03261   0.03343   0.03435   0.03536   0.03632   0.03707   0.03729   0.03663   0.03530   0.03282   0.02901   0.02445   0.01958   0.01905   0.02035   0.02244   0.03152   0.04193   0.04992   0.05462   0.05634   0.05443   0.04987   0.04739   0.04535   0.03428   0.01929   0.00000
201.8750   0.00000  -0.00032  -0.00127  -0.00248  -0.00344  -0.00397  -0.00401  -0.00339  -0.00211  -0.00057   0.00074   0.00158   0.00190   0.00180   0.00160   0.00141   0.00122   0.00104   0.00088   0.00074   0.00061   0.00047   0.00032   0.00016  -0.00004  -0.00027  -0.00052  -0.00081  -0.00113  -0.00148  -0.00186  -0.00228  -0.00274  -0.00324  -0.00379  -0.00438  -0.00503  -0.00575  -0.00653  -0.00739  -0.00831  -0.00931  -0.01036  -0.01146  -0.01258  -0.01373  -0.01490  -0.01609  -0.01729  -0.01849  -0.01969  -0.02089  -0.02204  -0.02315  -0.02419  -0.02517  -0.02616  -0.02741  -0.02951  -0.03362  -0.04114  -0.05242  -0.06552  -0.07728  -0.08590  -0.09171  -0.09587  -0.09942  -0.10300  -0.10685  -0.11084  -0.11453  -0.11727  -0.11870  -0.11892  -0.11831  -0.11744  -0.11669  -0.11610  -0.11565  -0.11534  -0.11513  -0.11504  -0.11504  -0.11513  -0.11528  -0.11547  -0.11569  -0.11592  -0.11614  -0.11632  -0.11645  -0.11651  -0.11645  -0.11623  -0.11588  -0.11540  -0.11475  -0.11396  -0.11303  -0.11197  -0.11080  -0.10955  -0.10821  -0.10681  -0.10534  -0.10382  -0.10225  -0.10063  -0.09897  -0.09728  -0.09555  -0.09378  -0.09199  -0.09017  -0.08833  -0.08647  -0.08461  -0.08273  -0.08085  -0.07897  -0.07708  -0.07519  -0.07331  -0.07142  -0.06953  -0.06765  -0.06577  -0.06389  -0.06201  -0.06014  -0.05827  -0.05641  -0.05456  -0.05272  -0.05089  -0.04907  -0.04726  -0.04547  -0.04370  -0.04195  -0.04022  -0.03851  -0.03682  -0.03516  -0.03352  -0.03190  -0.03030  -0.02873  -0.02718  -0.02565  -0.02415  -0.02266  -0.02119  -0.01974  -0.01831  -0.01689  -0.01549  -0.01411  -0.01274  -0.01138  -0.01004  -0.00871  -0.00740  -0.00609  -0.00481  -0.00353  -0.00228  -0.00103   0.00020   0.00141   0.00260   0.00378   0.00494   0.00608   0.00720   0.00830   0.00939   0.01046   0.01150   0.01253   0.01354   0.01452   0.01549   0.01643   0.01734   0.01824   0.01911   0.01996   0.02079   0.02160   0.02239   0.02315   0.02389   0.02461   0.02534   0.02606   0.02679   0.02751   0.02822   0.02893   0.02968   0.03049   0.03141   0.03242   0.03341   0.03420   0.03444   0.03377   0.03240   0.02980   0.02573   0.02066   0.01544   0.01359   0.01355   0.01696   0.02735   0.03731   0.04500   0.04977   0.05167   0.05055   0.04613   0.04266   0.04087   0.03173   0.01850   0.00000
203.1250   0.00000  -0.00033  -0.00129  -0.00253  -0.00357  -0.00415  -0.00423  -0.00357  -0.00218  -0.00051   0.00094   0.00190   0.00229   0.00221   0.00201   0.00182   0.00165   0.00149   0.00134   0.00122   0.00110   0.00098   0.00084   0.00069   0.00051   0.00031   0.00007  -0.00020  -0.00050  -0.00083  -0.00119  -0.00159  -0.00203  -0.00250  -0.00302  -0.00358  -0.00420  -0.00488  -0.00563  -0.00645  -0.00734  -0.00831  -0.00935  -0.01043  -0.01155  -0.01270  -0.01387  -0.01505  -0.01626  -0.01748  -0.01871  -0.01995  -0.02118  -0.02238  -0.02353  -0.02462  -0.02569  -0.02687  -0.02858  -0.03167  -0.03748  -0.04706  -0.05962  -0.07232  -0.08248  -0.08949  -0.09430  -0.09808  -0.10164  -0.10543  -0.10948  -0.11350  -0.11694  -0.11909  -0.11990  -0.11975  -0.11907  -0.11839  -0.11788  -0.11752  -0.11730  -0.11719  -0.11720  -0.11731  -0.11750  -0.11775  -0.11805  -0.11837  -0.11871  -0.11903  -0.11932  -0.11954  -0.11970  -0.11976  -0.11967  -0.11941  -0.11901  -0.11847  -0.11777  -0.11693  -0.11596  -0.11487  -0.11369  -0.11242  -0.11108  -0.10966  -0.10818  -0.10665  -0.10507  -0.10344  -0.10177  -0.10006  -0.09832  -0.09654  -0.09473  -0.09290  -0.09105  -0.08918  -0.08731  -0.08542  -0.08353  -0.08164  -0.07974  -0.07784  -0.07594  -0.07404  -0.07214  -0.07023  -0.06833  -0.06644  -0.06454  -0.06265  -0.06077  -0.05889  -0.05702  -0.05516  -0.05331  -0.05148  -0.04966  -0.04786  -0.04608  -0.04433  -0.04259  -0.04087  -0.03918  -0.03751  -0.03587  -0.03425  -0.03265  -0.03107  -0.02952  -0.02798  -0.02647  -0.02498  -0.02350  -0.02204  -0.02060  -0.01918  -0.01777  -0.01638  -0.01500  -0.01363  -0.01228  -0.01094  -0.00961  -0.00830  -0.00701  -0.00572  -0.00446  -0.00321  -0.00197  -0.00075   0.00045   0.00163   0.00279   0.00394   0.00507   0.00617   0.00726   0.00833   0.00938   0.01041   0.01142   0.01240   0.01336   0.01430   0.01521   0.01611   0.01697   0.01782   0.01865   0.01945   0.02022   0.02098   0.02171   0.02244   0.02316   0.02390   0.02462   0.02533   0.02603   0.02677   0.02757   0.02848   0.02950   0.03052   0.03135   0.03162   0.03094   0.02953   0.02679   0.02246   0.01679   0.01130   0.00772   0.00699   0.01221   0.02297   0.03240   0.03991   0.04473   0.04674   0.04628   0.04233   0.03824   0.03646   0.02903   0.01760   0.00000
204.3750   0.00000  -0.00033  -0.00130  -0.00258  -0.00369  -0.00434  -0.00445  -0.00372  -0.00221  -0.00044   0.00113   0.00221   0.00268   0.00261   0.00242   0.00224   0.00207   0.00193   0.00180   0.00168   0.00158   0.00147   0.00136   0.00122   0.00106   0.00087   0.00065   0.00040   0.00012  -0.00019  -0.00053  -0.00091  -0.00133  -0.00178  -0.00227  -0.00280  -0.00339  -0.00403  -0.00474  -0.00552  -0.00638  -0.00732  -0.00833  -0.00940  -0.01051  -0.01165  -0.01282  -0.01400  -0.01520  -0.01643  -0.01768  -0.01895  -0.02024  -0.02151  -0.02276  -0.02396  -0.02513  -0.02634  -0.02785  -0.03026  -0.03469  -0.04246  -0.05382  -0.06680  -0.07833  -0.08677  -0.09249  -0.09666  -0.10029  -0.10401  -0.10803  -0.11222  -0.11613  -0.11906  -0.12063  -0.12100  -0.12064  -0.12007  -0.11964  -0.11936  -0.11923  -0.11922  -0.11934  -0.11955  -0.11984  -0.12020  -0.12060  -0.12103  -0.12147  -0.12190  -0.12229  -0.12262  -0.12287  -0.12302  -0.12306  -0.12291  -0.12259  -0.12215  -0.12154  -0.12079  -0.11990  -0.11889  -0.11778  -0.11657  -0.11529  -0.11393  -0.11249  -0.11100  -0.10945  -0.10786  -0.10621  -0.10453  -0.10280  -0.10103  -0.09924  -0.09741  -0.09557  -0.09371  -0.09183  -0.08994  -0.08805  -0.08615  -0.08424  -0.08233  -0.08041  -0.07849  -0.07657  -0.07465  -0.07273  -0.07081  -0.06889  -0.06698  -0.06507  -0.06317  -0.06127  -0.05939  -0.05751  -0.05565  -0.05381  -0.05198  -0.05018  -0.04839  -0.04663  -0.04488  -0.04317  -0.04147  -0.03980  -0.03815  -0.03653  -0.03492  -0.03334  -0.03178  -0.03024  -0.02873  -0.02722  -0.02574  -0.02428  -0.02283  -0.02140  -0.01998  -0.01857  -0.01718  -0.01581  -0.01444  -0.01310  -0.01176  -0.01044  -0.00913  -0.00784  -0.00657  -0.00531  -0.00407  -0.00285  -0.00164  -0.00046   0.00071   0.00186   0.00299   0.00410   0.00519   0.00626   0.00731   0.00834   0.00935   0.01033   0.01129   0.01222   0.01313   0.01402   0.01488   0.01572   0.01654   0.01733   0.01810   0.01883   0.01957   0.02030   0.02104   0.02176   0.02246   0.02315   0.02388   0.02467   0.02558   0.02659   0.02764   0.02852   0.02882   0.02814   0.02669   0.02381   0.01923   0.01287   0.00695   0.00157   0.00073   0.00777   0.01833   0.02730   0.03469   0.03950   0.04158   0.04170   0.03839   0.03402   0.03216   0.02623   0.01660   0.00000
205.6250   0.00000  -0.00033  -0.00131  -0.00262  -0.00380  -0.00453  -0.00465  -0.00384  -0.00220  -0.00032   0.00133   0.00252   0.00305   0.00300   0.00281   0.00264   0.00249   0.00236   0.00225   0.00215   0.00206   0.00197   0.00187   0.00175   0.00160   0.00143   0.00123   0.00100   0.00073   0.00044   0.00012  -0.00024  -0.00063  -0.00106  -0.00153  -0.00203  -0.00259  -0.00320  -0.00387  -0.00461  -0.00543  -0.00633  -0.00731  -0.00836  -0.00946  -0.01060  -0.01176  -0.01293  -0.01413  -0.01536  -0.01661  -0.01791  -0.01923  -0.02057  -0.02190  -0.02320  -0.02447  -0.02575  -0.02719  -0.02919  -0.03261  -0.03872  -0.04847  -0.06099  -0.07348  -0.08342  -0.09031  -0.09509  -0.09893  -0.10261  -0.10655  -0.11080  -0.11505  -0.11872  -0.12108  -0.12205  -0.12211  -0.12173  -0.12138  -0.12118  -0.12114  -0.12125  -0.12146  -0.12177  -0.12216  -0.12262  -0.12313  -0.12367  -0.12421  -0.12474  -0.12523  -0.12567  -0.12601  -0.12626  -0.12639  -0.12636  -0.12614  -0.12578  -0.12526  -0.12460  -0.12379  -0.12286  -0.12181  -0.12068  -0.11945  -0.11814  -0.11675  -0.11530  -0.11378  -0.11222  -0.11060  -0.10894  -0.10723  -0.10548  -0.10369  -0.10188  -0.10004  -0.09818  -0.09630  -0.09441  -0.09251  -0.09060  -0.08868  -0.08676  -0.08483  -0.08290  -0.08096  -0.07902  -0.07708  -0.07514  -0.07320  -0.07126  -0.06933  -0.06740  -0.06548  -0.06357  -0.06167  -0.05978  -0.05791  -0.05606  -0.05422  -0.05241  -0.05062  -0.04885  -0.04710  -0.04538  -0.04368  -0.04201  -0.04036  -0.03873  -0.03712  -0.03554  -0.03398  -0.03243  -0.03091  -0.02940  -0.02791  -0.02644  -0.02498  -0.02354  -0.02211  -0.02070  -0.01930  -0.01791  -0.01654  -0.01518  -0.01384  -0.01251  -0.01119  -0.00990  -0.00862  -0.00735  -0.00611  -0.00488  -0.00367  -0.00248  -0.00131  -0.00016   0.00098   0.00209   0.00318   0.00425   0.00530   0.00633   0.00733   0.00831   0.00926   0.01019   0.01110   0.01198   0.01283   0.01367   0.01447   0.01524   0.01599   0.01673   0.01746   0.01821   0.01893   0.01962   0.02029   0.02101   0.02179   0.02269   0.02370   0.02478   0.02571   0.02605   0.02537   0.02388   0.02084   0.01603   0.00892   0.00229  -0.00438  -0.00497   0.00334   0.01348   0.02205   0.02935   0.03405   0.03623   0.03690   0.03424   0.02987   0.02799   0.02338   0.01553   0.00000
206.8750   0.00000  -0.00034  -0.00131  -0.00266  -0.00392  -0.00472  -0.00483  -0.00391  -0.00214  -0.00016   0.00157   0.00283   0.00341   0.00339   0.00320   0.00304   0.00290   0.00279   0.00269   0.00261   0.00253   0.00245   0.00237   0.00226   0.00214   0.00198   0.00180   0.00158   0.00134   0.00106   0.00075   0.00042   0.00004  -0.00036  -0.00080  -0.00128  -0.00181  -0.00238  -0.00301  -0.00371  -0.00449  -0.00535  -0.00629  -0.00731  -0.00840  -0.00953  -0.01068  -0.01186  -0.01305  -0.01426  -0.01552  -0.01682  -0.01817  -0.01955  -0.02095  -0.02234  -0.02371  -0.02508  -0.02652  -0.02832  -0.03107  -0.03583  -0.04384  -0.05525  -0.06807  -0.07937  -0.08764  -0.09329  -0.09750  -0.10123  -0.10509  -0.10929  -0.11370  -0.11785  -0.12104  -0.12282  -0.12341  -0.12334  -0.12311  -0.12298  -0.12303  -0.12324  -0.12355  -0.12397  -0.12446  -0.12503  -0.12564  -0.12628  -0.12693  -0.12756  -0.12815  -0.12869  -0.12913  -0.12947  -0.12968  -0.12977  -0.12967  -0.12937  -0.12894  -0.12836  -0.12763  -0.12677  -0.12580  -0.12473  -0.12356  -0.12230  -0.12096  -0.11954  -0.11806  -0.11653  -0.11494  -0.11329  -0.11160  -0.10987  -0.10809  -0.10628  -0.10445  -0.10259  -0.10072  -0.09883  -0.09692  -0.09500  -0.09308  -0.09114  -0.08920  -0.08725  -0.08530  -0.08334  -0.08138  -0.07942  -0.07746  -0.07549  -0.07354  -0.07158  -0.06964  -0.06770  -0.06577  -0.06386  -0.06196  -0.06008  -0.05822  -0.05638  -0.05457  -0.05277  -0.05100  -0.04925  -0.04753  -0.04583  -0.04415  -0.04250  -0.04086  -0.03925  -0.03766  -0.03610  -0.03455  -0.03301  -0.03150  -0.03000  -0.02852  -0.02706  -0.02561  -0.02417  -0.02275  -0.02134  -0.01994  -0.01856  -0.01719  -0.01584  -0.01451  -0.01319  -0.01188  -0.01060  -0.00933  -0.00808  -0.00685  -0.00563  -0.00444  -0.00327  -0.00211  -0.00098   0.00013   0.00123   0.00230   0.00334   0.00437   0.00536   0.00634   0.00728   0.00820   0.00910   0.00998   0.01082   0.01163   0.01242   0.01317   0.01391   0.01465   0.01540   0.01612   0.01680   0.01746   0.01817   0.01893   0.01982   0.02083   0.02194   0.02291   0.02330   0.02264   0.02110   0.01790   0.01287   0.00512  -0.00246  -0.00978  -0.00995  -0.00120   0.00848   0.01671   0.02389   0.02839   0.03079   0.03198   0.02990   0.02574   0.02392   0.02051   0.01441   0.00000
208.1250   0.00000  -0.00034  -0.00131  -0.00269  -0.00402  -0.00489  -0.00498  -0.00393  -0.00201   0.00006   0.00184   0.00315   0.00377   0.00376   0.00358   0.00342   0.00330   0.00321   0.00313   0.00307   0.00300   0.00294   0.00286   0.00277   0.00266   0.00252   0.00235   0.00216   0.00193   0.00167   0.00138   0.00106   0.00071   0.00033  -0.00009  -0.00055  -0.00104  -0.00159  -0.00218  -0.00284  -0.00357  -0.00438  -0.00528  -0.00627  -0.00733  -0.00845  -0.00960  -0.01077  -0.01195  -0.01316  -0.01441  -0.01571  -0.01707  -0.01848  -0.01993  -0.02139  -0.02285  -0.02430  -0.02580  -0.02752  -0.02985  -0.03362  -0.04004  -0.04993  -0.06236  -0.07463  -0.08436  -0.09115  -0.09593  -0.09985  -0.10366  -0.10776  -0.11220  -0.11670  -0.12066  -0.12329  -0.12451  -0.12484  -0.12479  -0.12477  -0.12491  -0.12521  -0.12562  -0.12614  -0.12674  -0.12741  -0.12813  -0.12887  -0.12962  -0.13035  -0.13105  -0.13168  -0.13222  -0.13265  -0.13296  -0.13313  -0.13313  -0.13293  -0.13258  -0.13208  -0.13143  -0.13064  -0.12974  -0.12873  -0.12762  -0.12641  -0.12511  -0.12373  -0.12229  -0.12078  -0.11922  -0.11760  -0.11592  -0.11420  -0.11244  -0.11064  -0.10881  -0.10696  -0.10508  -0.10319  -0.10128  -0.09936  -0.09742  -0.09547  -0.09352  -0.09156  -0.08958  -0.08761  -0.08563  -0.08365  -0.08166  -0.07968  -0.07770  -0.07572  -0.07375  -0.07178  -0.06983  -0.06789  -0.06597  -0.06407  -0.06218  -0.06031  -0.05847  -0.05665  -0.05485  -0.05307  -0.05132  -0.04960  -0.04790  -0.04622  -0.04456  -0.04292  -0.04131  -0.03972  -0.03814  -0.03659  -0.03505  -0.03353  -0.03202  -0.03054  -0.02906  -0.02760  -0.02616  -0.02472  -0.02331  -0.02190  -0.02051  -0.01914  -0.01778  -0.01644  -0.01511  -0.01380  -0.01251  -0.01124  -0.00999  -0.00875  -0.00754  -0.00634  -0.00517  -0.00401  -0.00288  -0.00177  -0.00068   0.00039   0.00143   0.00245   0.00344   0.00441   0.00535   0.00626   0.00715   0.00801   0.00883   0.00963   0.01038   0.01113   0.01187   0.01262   0.01333   0.01401   0.01465   0.01535   0.01609   0.01697   0.01797   0.01913   0.02013   0.02056   0.01994   0.01837   0.01498   0.00976   0.00154  -0.00712  -0.01468  -0.01441  -0.00584   0.00339   0.01128   0.01832   0.02253   0.02534   0.02699   0.02537   0.02160   0.01993   0.01765   0.01327   0.00000
209.3750   0.00000  -0.00034  -0.00131  -0.00271  -0.00410  -0.00505  -0.00507  -0.00386  -0.00181   0.00034   0.00216   0.00350   0.00413   0.00412   0.00394   0.00380   0.00369   0.00362   0.00357   0.00352   0.00347   0.00342   0.00335   0.00328   0.00318   0.00306   0.00290   0.00272   0.00251   0.00227   0.00200   0.00170   0.00136   0.00100   0.00060   0.00017  -0.00030  -0.00081  -0.00137  -0.00199  -0.00267  -0.00343  -0.00429  -0.00523  -0.00626  -0.00736  -0.00851  -0.00967  -0.01085  -0.01204  -0.01328  -0.01457  -0.01593  -0.01735  -0.01884  -0.02035  -0.02189  -0.02343  -0.02500  -0.02671  -0.02882  -0.03192  -0.03703  -0.04528  -0.05669  -0.06932  -0.08039  -0.08852  -0.09414  -0.09840  -0.10225  -0.10625  -0.11063  -0.11526  -0.11970  -0.12320  -0.12530  -0.12619  -0.12642  -0.12653  -0.12677  -0.12715  -0.12767  -0.12829  -0.12899  -0.12977  -0.13059  -0.13144  -0.13229  -0.13312  -0.13391  -0.13464  -0.13528  -0.13580  -0.13620  -0.13645  -0.13656  -0.13646  -0.13618  -0.13576  -0.13518  -0.13447  -0.13363  -0.13268  -0.13163  -0.13047  -0.12921  -0.12787  -0.12646  -0.12499  -0.12345  -0.12185  -0.12019  -0.11848  -0.11673  -0.11494  -0.11312  -0.11127  -0.10939  -0.10750  -0.10558  -0.10365  -0.10171  -0.09975  -0.09778  -0.09581  -0.09382  -0.09183  -0.08983  -0.08782  -0.08582  -0.08381  -0.08181  -0.07981  -0.07781  -0.07582  -0.07385  -0.07188  -0.06993  -0.06800  -0.06609  -0.06420  -0.06233  -0.06048  -0.05865  -0.05685  -0.05508  -0.05333  -0.05160  -0.04989  -0.04821  -0.04655  -0.04491  -0.04330  -0.04170  -0.04012  -0.03856  -0.03701  -0.03549  -0.03397  -0.03248  -0.03099  -0.02952  -0.02807  -0.02663  -0.02520  -0.02379  -0.02239  -0.02101  -0.01965  -0.01830  -0.01697  -0.01566  -0.01436  -0.01309  -0.01183  -0.01060  -0.00938  -0.00819  -0.00701  -0.00586  -0.00472  -0.00361  -0.00252  -0.00146  -0.00043   0.00058   0.00157   0.00252   0.00345   0.00435   0.00523   0.00606   0.00687   0.00763   0.00838   0.00912   0.00987   0.01058   0.01124   0.01187   0.01255   0.01328   0.01414   0.01513   0.01633   0.01738   0.01786   0.01727   0.01567   0.01210   0.00666  -0.00188  -0.01162  -0.01930  -0.01867  -0.01054  -0.00176   0.00579   0.01267   0.01654   0.01996   0.02203   0.02069   0.01743   0.01599   0.01485   0.01211   0.00000
210.6250   0.00000  -0.00034  -0.00130  -0.00273  -0.00417  -0.00517  -0.00512  -0.00373  -0.00154   0.00068   0.00252   0.00387   0.00450   0.00447   0.00430   0.00416   0.00407   0.00403   0.00400   0.00397   0.00393   0.00389   0.00384   0.00378   0.00369   0.00358   0.00344   0.00328   0.00308   0.00286   0.00260   0.00232   0.00201   0.00166   0.00129   0.00088   0.00044  -0.00005  -0.00057  -0.00115  -0.00180  -0.00251  -0.00331  -0.00421  -0.00520  -0.00627  -0.00740  -0.00856  -0.00973  -0.01092  -0.01214  -0.01341  -0.01476  -0.01619  -0.01769  -0.01924  -0.02084  -0.02245  -0.02410  -0.02584  -0.02785  -0.03054  -0.03468  -0.04141  -0.05141  -0.06371  -0.07574  -0.08529  -0.09200  -0.09682  -0.10083  -0.10478  -0.10904  -0.11368  -0.11845  -0.12274  -0.12573  -0.12729  -0.12797  -0.12827  -0.12859  -0.12907  -0.12969  -0.13041  -0.13122  -0.13210  -0.13303  -0.13398  -0.13493  -0.13586  -0.13675  -0.13758  -0.13831  -0.13892  -0.13941  -0.13974  -0.13994  -0.13993  -0.13974  -0.13939  -0.13889  -0.13824  -0.13747  -0.13658  -0.13558  -0.13447  -0.13326  -0.13196  -0.13058  -0.12913  -0.12762  -0.12604  -0.12440  -0.12271  -0.12097  -0.11919  -0.11737  -0.11553  -0.11365  -0.11175  -0.10983  -0.10790  -0.10595  -0.10398  -0.10200  -0.10000  -0.09800  -0.09599  -0.09397  -0.09195  -0.08992  -0.08789  -0.08587  -0.08384  -0.08182  -0.07981  -0.07781  -0.07582  -0.07384  -0.07189  -0.06995  -0.06803  -0.06613  -0.06426  -0.06241  -0.06059  -0.05879  -0.05701  -0.05526  -0.05353  -0.05182  -0.05014  -0.04847  -0.04683  -0.04521  -0.04361  -0.04202  -0.04045  -0.03890  -0.03737  -0.03585  -0.03434  -0.03285  -0.03137  -0.02991  -0.02846  -0.02703  -0.02561  -0.02421  -0.02282  -0.02145  -0.02010  -0.01876  -0.01745  -0.01615  -0.01488  -0.01362  -0.01238  -0.01117  -0.00997  -0.00880  -0.00764  -0.00651  -0.00541  -0.00433  -0.00327  -0.00224  -0.00124  -0.00027   0.00068   0.00159   0.00248   0.00333   0.00414   0.00490   0.00565   0.00639   0.00715   0.00785   0.00850   0.00911   0.00978   0.01049   0.01134   0.01232   0.01355   0.01466   0.01519   0.01463   0.01301   0.00926   0.00357  -0.00520  -0.01600  -0.02380  -0.02284  -0.01528  -0.00696   0.00028   0.00694   0.01047   0.01469   0.01709   0.01588   0.01319   0.01209   0.01213   0.01096   0.00000
211.8750   0.00000  -0.00034  -0.00130  -0.00273  -0.00422  -0.00526  -0.00511  -0.00354  -0.00122   0.00106   0.00292   0.00428   0.00486   0.00481   0.00464   0.00450   0.00444   0.00442   0.00442   0.00441   0.00439   0.00436   0.00432   0.00427   0.00419   0.00410   0.00398   0.00383   0.00365   0.00344   0.00320   0.00293   0.00264   0.00231   0.00196   0.00157   0.00115   0.00070   0.00020  -0.00034  -0.00094  -0.00161  -0.00236  -0.00320  -0.00414  -0.00518  -0.00629  -0.00744  -0.00861  -0.00979  -0.01099  -0.01224  -0.01357  -0.01499  -0.01650  -0.01807  -0.01971  -0.02138  -0.02309  -0.02489  -0.02688  -0.02933  -0.03281  -0.03829  -0.04674  -0.05812  -0.07053  -0.08138  -0.08939  -0.09501  -0.09936  -0.10334  -0.10749  -0.11203  -0.11690  -0.12165  -0.12554  -0.12805  -0.12934  -0.12995  -0.13040  -0.13096  -0.13167  -0.13251  -0.13343  -0.13441  -0.13544  -0.13649  -0.13755  -0.13858  -0.13956  -0.14048  -0.14130  -0.14201  -0.14258  -0.14300  -0.14326  -0.14337  -0.14327  -0.14297  -0.14255  -0.14197  -0.14126  -0.14044  -0.13949  -0.13843  -0.13726  -0.13600  -0.13465  -0.13323  -0.13174  -0.13018  -0.12856  -0.12688  -0.12516  -0.12338  -0.12157  -0.11973  -0.11785  -0.11595  -0.11403  -0.11209  -0.11013  -0.10815  -0.10616  -0.10415  -0.10213  -0.10010  -0.09807  -0.09602  -0.09398  -0.09193  -0.08988  -0.08783  -0.08579  -0.08375  -0.08172  -0.07971  -0.07771  -0.07573  -0.07376  -0.07182  -0.06990  -0.06800  -0.06612  -0.06427  -0.06245  -0.06064  -0.05887  -0.05711  -0.05538  -0.05367  -0.05199  -0.05032  -0.04868  -0.04705  -0.04544  -0.04385  -0.04228  -0.04072  -0.03918  -0.03765  -0.03614  -0.03464  -0.03315  -0.03168  -0.03023  -0.02879  -0.02736  -0.02595  -0.02456  -0.02319  -0.02183  -0.02050  -0.01918  -0.01788  -0.01661  -0.01535  -0.01411  -0.01290  -0.01170  -0.01053  -0.00938  -0.00825  -0.00715  -0.00608  -0.00503  -0.00401  -0.00303  -0.00206  -0.00113  -0.00023   0.00062   0.00144   0.00221   0.00296   0.00370   0.00445   0.00515   0.00579   0.00638   0.00703   0.00772   0.00856   0.00952   0.01078   0.01195   0.01255   0.01203   0.01040   0.00645   0.00051  -0.00850  -0.02033  -0.02816  -0.02693  -0.02001  -0.01217  -0.00523   0.00114   0.00439   0.00935   0.01187   0.01090   0.00888   0.00819   0.00949   0.00983   0.00000
213.1250   0.00000  -0.00033  -0.00128  -0.00271  -0.00421  -0.00525  -0.00502  -0.00329  -0.00088   0.00145   0.00335   0.00470   0.00524   0.00515   0.00497   0.00484   0.00479   0.00481   0.00483   0.00485   0.00485   0.00483   0.00480   0.00476   0.00469   0.00461   0.00450   0.00436   0.00420   0.00401   0.00379   0.00353   0.00326   0.00295   0.00261   0.00225   0.00185   0.00142   0.00095   0.00044  -0.00012  -0.00074  -0.00143  -0.00222  -0.00310  -0.00409  -0.00517  -0.00631  -0.00748  -0.00865  -0.00984  -0.01107  -0.01238  -0.01378  -0.01527  -0.01686  -0.01851  -0.02022  -0.02199  -0.02384  -0.02584  -0.02818  -0.03125  -0.03579  -0.04281  -0.05288  -0.06502  -0.07681  -0.08619  -0.09286  -0.09775  -0.10189  -0.10598  -0.11039  -0.11522  -0.12026  -0.12495  -0.12840  -0.13043  -0.13152  -0.13218  -0.13283  -0.13363  -0.13457  -0.13560  -0.13669  -0.13782  -0.13898  -0.14013  -0.14126  -0.14235  -0.14336  -0.14427  -0.14507  -0.14572  -0.14623  -0.14657  -0.14676  -0.14674  -0.14652  -0.14616  -0.14565  -0.14501  -0.14424  -0.14334  -0.14233  -0.14120  -0.13998  -0.13866  -0.13727  -0.13581  -0.13427  -0.13267  -0.13100  -0.12929  -0.12752  -0.12572  -0.12387  -0.12200  -0.12010  -0.11817  -0.11622  -0.11425  -0.11227  -0.11026  -0.10824  -0.10621  -0.10416  -0.10211  -0.10005  -0.09798  -0.09591  -0.09383  -0.09176  -0.08970  -0.08764  -0.08559  -0.08355  -0.08152  -0.07951  -0.07753  -0.07556  -0.07361  -0.07169  -0.06979  -0.06791  -0.06606  -0.06423  -0.06243  -0.06065  -0.05890  -0.05717  -0.05546  -0.05377  -0.05210  -0.05045  -0.04882  -0.04721  -0.04561  -0.04403  -0.04246  -0.04091  -0.03938  -0.03786  -0.03635  -0.03486  -0.03338  -0.03192  -0.03047  -0.02904  -0.02763  -0.02624  -0.02486  -0.02350  -0.02217  -0.02085  -0.01955  -0.01828  -0.01702  -0.01578  -0.01457  -0.01338  -0.01221  -0.01106  -0.00994  -0.00885  -0.00779  -0.00675  -0.00575  -0.00477  -0.00383  -0.00291  -0.00205  -0.00122  -0.00045   0.00031   0.00104   0.00179   0.00248   0.00311   0.00368   0.00431   0.00498   0.00581   0.00675   0.00803   0.00927   0.00993   0.00947   0.00785   0.00370  -0.00248  -0.01182  -0.02461  -0.03231  -0.03087  -0.02469  -0.01734  -0.01074  -0.00471  -0.00164   0.00357   0.00589   0.00565   0.00450   0.00430   0.00695   0.00873   0.00000
214.3750   0.00000  -0.00033  -0.00126  -0.00267  -0.00416  -0.00518  -0.00486  -0.00300  -0.00050   0.00186   0.00379   0.00514   0.00562   0.00548   0.00528   0.00516   0.00514   0.00518   0.00524   0.00528   0.00530   0.00530   0.00528   0.00524   0.00519   0.00511   0.00501   0.00489   0.00474   0.00457   0.00436   0.00413   0.00386   0.00357   0.00326   0.00291   0.00253   0.00213   0.00169   0.00121   0.00069   0.00011  -0.00053  -0.00126  -0.00208  -0.00301  -0.00405  -0.00517  -0.00633  -0.00751  -0.00868  -0.00989  -0.01117  -0.01255  -0.01402  -0.01560  -0.01726  -0.01899  -0.02080  -0.02269  -0.02472  -0.02701  -0.02984  -0.03374  -0.03958  -0.04822  -0.05952  -0.07168  -0.08232  -0.09025  -0.09591  -0.10038  -0.10450  -0.10880  -0.11350  -0.11857  -0.12366  -0.12807  -0.13111  -0.13286  -0.13389  -0.13468  -0.13557  -0.13660  -0.13774  -0.13894  -0.14018  -0.14144  -0.14269  -0.14392  -0.14510  -0.14620  -0.14720  -0.14809  -0.14883  -0.14941  -0.14983  -0.15008  -0.15018  -0.15005  -0.14973  -0.14929  -0.14870  -0.14799  -0.14715  -0.14618  -0.14509  -0.14390  -0.14262  -0.14126  -0.13982  -0.13830  -0.13671  -0.13506  -0.13336  -0.13160  -0.12980  -0.12796  -0.12609  -0.12419  -0.12226  -0.12030  -0.11833  -0.11633  -0.11431  -0.11228  -0.11023  -0.10817  -0.10610  -0.10401  -0.10193  -0.09983  -0.09774  -0.09565  -0.09356  -0.09147  -0.08940  -0.08733  -0.08529  -0.08325  -0.08124  -0.07925  -0.07728  -0.07533  -0.07340  -0.07150  -0.06963  -0.06778  -0.06595  -0.06415  -0.06237  -0.06061  -0.05888  -0.05717  -0.05548  -0.05380  -0.05215  -0.05052  -0.04890  -0.04729  -0.04571  -0.04413  -0.04258  -0.04103  -0.03951  -0.03799  -0.03649  -0.03501  -0.03354  -0.03209  -0.03066  -0.02925  -0.02785  -0.02647  -0.02511  -0.02378  -0.02246  -0.02116  -0.01989  -0.01863  -0.01740  -0.01619  -0.01500  -0.01383  -0.01270  -0.01158  -0.01051  -0.00945  -0.00843  -0.00744  -0.00648  -0.00555  -0.00468  -0.00384  -0.00308  -0.00231  -0.00159  -0.00083  -0.00017   0.00045   0.00100   0.00162   0.00226   0.00310   0.00401   0.00529   0.00660   0.00735   0.00695   0.00537   0.00104  -0.00540  -0.01517  -0.02873  -0.03610  -0.03459  -0.02925  -0.02246  -0.01624  -0.01056  -0.00757  -0.00296  -0.00117   0.00015   0.00007   0.00040   0.00451   0.00764   0.00000
215.6250   0.00000  -0.00032  -0.00123  -0.00261  -0.00405  -0.00503  -0.00462  -0.00263  -0.00008   0.00229   0.00424   0.00558   0.00598   0.00581   0.00558   0.00547   0.00546   0.00554   0.00563   0.00570   0.00574   0.00576   0.00575   0.00572   0.00567   0.00561   0.00552   0.00541   0.00528   0.00511   0.00492   0.00471   0.00446   0.00419   0.00389   0.00356   0.00320   0.00282   0.00241   0.00196   0.00147   0.00093   0.00034  -0.00033  -0.00109  -0.00196  -0.00294  -0.00403  -0.00518  -0.00635  -0.00752  -0.00871  -0.00996  -0.01131  -0.01276  -0.01432  -0.01597  -0.01771  -0.01953  -0.02145  -0.02350  -0.02578  -0.02847  -0.03197  -0.03693  -0.04424  -0.05433  -0.06626  -0.07780  -0.08705  -0.09373  -0.09872  -0.10301  -0.10726  -0.11181  -0.11680  -0.12207  -0.12712  -0.13116  -0.13385  -0.13546  -0.13650  -0.13748  -0.13860  -0.13985  -0.14116  -0.14251  -0.14387  -0.14522  -0.14655  -0.14782  -0.14901  -0.15010  -0.15107  -0.15190  -0.15256  -0.15306  -0.15339  -0.15355  -0.15351  -0.15326  -0.15287  -0.15234  -0.15169  -0.15090  -0.14998  -0.14893  -0.14778  -0.14653  -0.14519  -0.14377  -0.14227  -0.14070  -0.13907  -0.13737  -0.13563  -0.13383  -0.13200  -0.13012  -0.12822  -0.12629  -0.12433  -0.12234  -0.12033  -0.11830  -0.11626  -0.11419  -0.11212  -0.11003  -0.10793  -0.10582  -0.10371  -0.10159  -0.09947  -0.09736  -0.09525  -0.09316  -0.09107  -0.08900  -0.08694  -0.08490  -0.08288  -0.08089  -0.07892  -0.07697  -0.07504  -0.07314  -0.07127  -0.06942  -0.06759  -0.06579  -0.06401  -0.06226  -0.06052  -0.05881  -0.05711  -0.05544  -0.05378  -0.05214  -0.05051  -0.04890  -0.04731  -0.04573  -0.04417  -0.04262  -0.04108  -0.03956  -0.03806  -0.03657  -0.03510  -0.03365  -0.03221  -0.03080  -0.02940  -0.02802  -0.02666  -0.02533  -0.02401  -0.02272  -0.02144  -0.02019  -0.01896  -0.01775  -0.01657  -0.01541  -0.01428  -0.01319  -0.01212  -0.01108  -0.01007  -0.00910  -0.00816  -0.00728  -0.00643  -0.00566  -0.00490  -0.00418  -0.00343  -0.00278  -0.00217  -0.00165  -0.00103  -0.00044   0.00041   0.00129   0.00257   0.00398   0.00480   0.00446   0.00292  -0.00154  -0.00822  -0.01848  -0.03251  -0.03938  -0.03803  -0.03365  -0.02748  -0.02173  -0.01639  -0.01347  -0.00992  -0.00865  -0.00543  -0.00445  -0.00348   0.00215   0.00659   0.00000
216.8750   0.00000  -0.00031  -0.00119  -0.00251  -0.00388  -0.00479  -0.00428  -0.00218   0.00041   0.00274   0.00468   0.00599   0.00634   0.00612   0.00587   0.00576   0.00578   0.00589   0.00601   0.00612   0.00619   0.00622   0.00622   0.00620   0.00616   0.00610   0.00603   0.00593   0.00580   0.00565   0.00548   0.00528   0.00504   0.00479   0.00450   0.00420   0.00386   0.00350   0.00311   0.00269   0.00223   0.00173   0.00118   0.00056  -0.00014  -0.00094  -0.00185  -0.00288  -0.00401  -0.00518  -0.00635  -0.00753  -0.00876  -0.01007  -0.01149  -0.01302  -0.01465  -0.01637  -0.01820  -0.02012  -0.02219  -0.02447  -0.02709  -0.03033  -0.03468  -0.04090  -0.04968  -0.06084  -0.07275  -0.08320  -0.09109  -0.09683  -0.10145  -0.10574  -0.11019  -0.11501  -0.12027  -0.12571  -0.13069  -0.13439  -0.13672  -0.13824  -0.13939  -0.14058  -0.14192  -0.14334  -0.14480  -0.14626  -0.14772  -0.14914  -0.15051  -0.15179  -0.15297  -0.15402  -0.15493  -0.15568  -0.15625  -0.15665  -0.15687  -0.15693  -0.15677  -0.15641  -0.15594  -0.15534  -0.15460  -0.15372  -0.15272  -0.15160  -0.15038  -0.14907  -0.14767  -0.14619  -0.14464  -0.14302  -0.14133  -0.13959  -0.13780  -0.13597  -0.13410  -0.13219  -0.13026  -0.12829  -0.12630  -0.12428  -0.12224  -0.12018  -0.11810  -0.11601  -0.11390  -0.11178  -0.10966  -0.10752  -0.10538  -0.10325  -0.10111  -0.09898  -0.09686  -0.09475  -0.09265  -0.09057  -0.08851  -0.08647  -0.08445  -0.08246  -0.08048  -0.07853  -0.07661  -0.07471  -0.07284  -0.07099  -0.06917  -0.06736  -0.06558  -0.06383  -0.06209  -0.06037  -0.05867  -0.05699  -0.05533  -0.05369  -0.05206  -0.05044  -0.04884  -0.04725  -0.04568  -0.04413  -0.04259  -0.04107  -0.03956  -0.03807  -0.03659  -0.03514  -0.03370  -0.03228  -0.03089  -0.02951  -0.02815  -0.02682  -0.02550  -0.02421  -0.02294  -0.02169  -0.02046  -0.01926  -0.01809  -0.01694  -0.01583  -0.01474  -0.01369  -0.01266  -0.01168  -0.01073  -0.00984  -0.00899  -0.00822  -0.00745  -0.00673  -0.00599  -0.00536  -0.00476  -0.00427  -0.00366  -0.00309  -0.00225  -0.00141  -0.00012   0.00136   0.00227   0.00201   0.00050  -0.00402  -0.01091  -0.02169  -0.03582  -0.04209  -0.04113  -0.03780  -0.03237  -0.02717  -0.02217  -0.01935  -0.01653  -0.01555  -0.01092  -0.00908  -0.00731  -0.00015   0.00556   0.00000
218.1250   0.00000  -0.00030  -0.00114  -0.00238  -0.00364  -0.00443  -0.00381  -0.00162   0.00097   0.00323   0.00510   0.00637   0.00667   0.00643   0.00615   0.00604   0.00608   0.00622   0.00638   0.00652   0.00662   0.00667   0.00668   0.00667   0.00664   0.00659   0.00652   0.00643   0.00632   0.00619   0.00602   0.00584   0.00562   0.00538   0.00511   0.00482   0.00450   0.00416   0.00379   0.00340   0.00297   0.00250   0.00199   0.00143   0.00079   0.00006  -0.00079  -0.00175  -0.00284  -0.00399  -0.00517  -0.00635  -0.00755  -0.00883  -0.01021  -0.01170  -0.01330  -0.01501  -0.01681  -0.01874  -0.02080  -0.02307  -0.02565  -0.02873  -0.03267  -0.03807  -0.04565  -0.05572  -0.06741  -0.07870  -0.08786  -0.09459  -0.09973  -0.10420  -0.10861  -0.11329  -0.11839  -0.12389  -0.12938  -0.13413  -0.13754  -0.13974  -0.14125  -0.14256  -0.14396  -0.14548  -0.14705  -0.14863  -0.15018  -0.15170  -0.15316  -0.15453  -0.15580  -0.15694  -0.15792  -0.15875  -0.15940  -0.15987  -0.16016  -0.16030  -0.16020  -0.15989  -0.15948  -0.15893  -0.15824  -0.15741  -0.15644  -0.15536  -0.15417  -0.15288  -0.15151  -0.15005  -0.14851  -0.14690  -0.14523  -0.14350  -0.14171  -0.13988  -0.13801  -0.13611  -0.13417  -0.13219  -0.13019  -0.12817  -0.12612  -0.12404  -0.12195  -0.11984  -0.11772  -0.11558  -0.11344  -0.11128  -0.10912  -0.10696  -0.10481  -0.10266  -0.10051  -0.09838  -0.09626  -0.09416  -0.09207  -0.09000  -0.08796  -0.08594  -0.08394  -0.08197  -0.08003  -0.07810  -0.07621  -0.07434  -0.07249  -0.07066  -0.06886  -0.06708  -0.06532  -0.06358  -0.06186  -0.06016  -0.05848  -0.05681  -0.05516  -0.05352  -0.05190  -0.05030  -0.04871  -0.04713  -0.04557  -0.04403  -0.04250  -0.04099  -0.03949  -0.03802  -0.03656  -0.03512  -0.03371  -0.03231  -0.03094  -0.02958  -0.02825  -0.02694  -0.02565  -0.02438  -0.02314  -0.02192  -0.02073  -0.01956  -0.01843  -0.01733  -0.01626  -0.01522  -0.01423  -0.01326  -0.01236  -0.01151  -0.01073  -0.00997  -0.00925  -0.00852  -0.00791  -0.00732  -0.00685  -0.00625  -0.00571  -0.00488  -0.00407  -0.00277  -0.00127  -0.00022  -0.00038  -0.00191  -0.00640  -0.01348  -0.02469  -0.03861  -0.04428  -0.04384  -0.04164  -0.03711  -0.03253  -0.02790  -0.02517  -0.02262  -0.02160  -0.01621  -0.01380  -0.01108  -0.00239   0.00453   0.00000
219.3750   0.00000  -0.00029  -0.00108  -0.00221  -0.00331  -0.00393  -0.00319  -0.00096   0.00159   0.00374   0.00550   0.00670   0.00699   0.00672   0.00642   0.00631   0.00637   0.00653   0.00673   0.00691   0.00704   0.00712   0.00715   0.00714   0.00712   0.00708   0.00702   0.00694   0.00684   0.00671   0.00656   0.00639   0.00619   0.00596   0.00571   0.00543   0.00513   0.00481   0.00446   0.00409   0.00369   0.00326   0.00278   0.00226   0.00168   0.00101   0.00024  -0.00065  -0.00167  -0.00280  -0.00398  -0.00516  -0.00635  -0.00759  -0.00893  -0.01039  -0.01195  -0.01362  -0.01540  -0.01730  -0.01934  -0.02159  -0.02413  -0.02710  -0.03078  -0.03560  -0.04219  -0.05108  -0.06207  -0.07370  -0.08399  -0.09188  -0.09776  -0.10256  -0.10704  -0.11163  -0.11656  -0.12194  -0.12765  -0.13316  -0.13766  -0.14082  -0.14296  -0.14453  -0.14600  -0.14759  -0.14926  -0.15095  -0.15261  -0.15423  -0.15578  -0.15724  -0.15859  -0.15981  -0.16088  -0.16178  -0.16251  -0.16305  -0.16341  -0.16360  -0.16357  -0.16334  -0.16298  -0.16248  -0.16184  -0.16105  -0.16012  -0.15907  -0.15791  -0.15665  -0.15529  -0.15385  -0.15233  -0.15073  -0.14907  -0.14734  -0.14556  -0.14374  -0.14187  -0.13996  -0.13802  -0.13604  -0.13403  -0.13199  -0.12993  -0.12785  -0.12574  -0.12362  -0.12148  -0.11932  -0.11716  -0.11498  -0.11280  -0.11063  -0.10845  -0.10627  -0.10411  -0.10195  -0.09981  -0.09768  -0.09557  -0.09348  -0.09142  -0.08937  -0.08735  -0.08536  -0.08339  -0.08145  -0.07953  -0.07763  -0.07576  -0.07391  -0.07209  -0.07029  -0.06851  -0.06675  -0.06501  -0.06328  -0.06158  -0.05989  -0.05822  -0.05656  -0.05492  -0.05329  -0.05168  -0.05008  -0.04850  -0.04694  -0.04539  -0.04386  -0.04235  -0.04085  -0.03938  -0.03792  -0.03649  -0.03507  -0.03368  -0.03231  -0.03095  -0.02963  -0.02832  -0.02703  -0.02577  -0.02453  -0.02332  -0.02214  -0.02099  -0.01987  -0.01879  -0.01774  -0.01673  -0.01576  -0.01485  -0.01399  -0.01320  -0.01244  -0.01173  -0.01102  -0.01042  -0.00984  -0.00939  -0.00881  -0.00829  -0.00747  -0.00667  -0.00539  -0.00389  -0.00267  -0.00271  -0.00428  -0.00869  -0.01592  -0.02741  -0.04073  -0.04590  -0.04611  -0.04507  -0.04163  -0.03778  -0.03356  -0.03096  -0.02836  -0.02701  -0.02134  -0.01865  -0.01479  -0.00458   0.00352   0.00000
220.6250   0.00000  -0.00028  -0.00100  -0.00200  -0.00290  -0.00328  -0.00240  -0.00019   0.00226   0.00428   0.00587   0.00699   0.00728   0.00700   0.00667   0.00656   0.00664   0.00683   0.00706   0.00728   0.00745   0.00756   0.00761   0.00761   0.00760   0.00756   0.00751   0.00743   0.00734   0.00723   0.00709   0.00693   0.00674   0.00653   0.00630   0.00604   0.00575   0.00545   0.00512   0.00477   0.00439   0.00399   0.00355   0.00307   0.00254   0.00193   0.00124   0.00043  -0.00052  -0.00160  -0.00277  -0.00396  -0.00514  -0.00636  -0.00766  -0.00907  -0.01059  -0.01222  -0.01396  -0.01582  -0.01783  -0.02005  -0.02254  -0.02542  -0.02891  -0.03333  -0.03917  -0.04700  -0.05702  -0.06844  -0.07949  -0.08859  -0.09543  -0.10075  -0.10542  -0.11001  -0.11481  -0.12000  -0.12564  -0.13151  -0.13705  -0.14135  -0.14429  -0.14639  -0.14805  -0.14969  -0.15143  -0.15322  -0.15500  -0.15672  -0.15836  -0.15991  -0.16134  -0.16264  -0.16379  -0.16477  -0.16556  -0.16617  -0.16659  -0.16684  -0.16691  -0.16676  -0.16642  -0.16596  -0.16537  -0.16462  -0.16373  -0.16271  -0.16158  -0.16035  -0.15901  -0.15759  -0.15608  -0.15450  -0.15284  -0.15112  -0.14935  -0.14753  -0.14566  -0.14375  -0.14180  -0.13982  -0.13780  -0.13576  -0.13369  -0.13159  -0.12947  -0.12733  -0.12517  -0.12300  -0.12082  -0.11862  -0.11643  -0.11423  -0.11203  -0.10983  -0.10764  -0.10546  -0.10330  -0.10115  -0.09902  -0.09691  -0.09482  -0.09275  -0.09071  -0.08869  -0.08670  -0.08473  -0.08279  -0.08087  -0.07898  -0.07711  -0.07527  -0.07344  -0.07164  -0.06986  -0.06810  -0.06635  -0.06463  -0.06292  -0.06122  -0.05955  -0.05788  -0.05624  -0.05461  -0.05299  -0.05139  -0.04981  -0.04824  -0.04669  -0.04516  -0.04364  -0.04215  -0.04067  -0.03922  -0.03779  -0.03637  -0.03498  -0.03362  -0.03227  -0.03094  -0.02964  -0.02836  -0.02711  -0.02588  -0.02468  -0.02351  -0.02238  -0.02128  -0.02021  -0.01919  -0.01821  -0.01729  -0.01643  -0.01564  -0.01488  -0.01417  -0.01349  -0.01290  -0.01234  -0.01190  -0.01134  -0.01082  -0.01003  -0.00923  -0.00798  -0.00650  -0.00509  -0.00497  -0.00658  -0.01088  -0.01823  -0.02977  -0.04220  -0.04690  -0.04785  -0.04808  -0.04589  -0.04289  -0.03917  -0.03675  -0.03404  -0.03218  -0.02649  -0.02360  -0.01843  -0.00670   0.00251   0.00000
221.8750   0.00000  -0.00026  -0.00092  -0.00176  -0.00242  -0.00250  -0.00146   0.00069   0.00299   0.00484   0.00624   0.00724   0.00753   0.00725   0.00692   0.00680   0.00690   0.00711   0.00738   0.00764   0.00785   0.00799   0.00806   0.00808   0.00807   0.00804   0.00800   0.00793   0.00785   0.00774   0.00761   0.00746   0.00729   0.00709   0.00687   0.00663   0.00636   0.00607   0.00576   0.00543   0.00508   0.00470   0.00430   0.00386   0.00337   0.00282   0.00220   0.00146   0.00060  -0.00041  -0.00155  -0.00274  -0.00394  -0.00514  -0.00640  -0.00776  -0.00923  -0.01081  -0.01250  -0.01431  -0.01628  -0.01844  -0.02087  -0.02367  -0.02701  -0.03114  -0.03645  -0.04341  -0.05240  -0.06319  -0.07452  -0.08466  -0.09261  -0.09866  -0.10368  -0.10838  -0.11313  -0.11816  -0.12358  -0.12942  -0.13540  -0.14088  -0.14506  -0.14793  -0.15004  -0.15181  -0.15359  -0.15545  -0.15733  -0.15916  -0.16090  -0.16254  -0.16405  -0.16544  -0.16666  -0.16771  -0.16858  -0.16926  -0.16975  -0.17006  -0.17020  -0.17010  -0.16981  -0.16941  -0.16885  -0.16814  -0.16729  -0.16631  -0.16520  -0.16399  -0.16268  -0.16127  -0.15978  -0.15820  -0.15655  -0.15484  -0.15308  -0.15125  -0.14939  -0.14748  -0.14552  -0.14354  -0.14151  -0.13946  -0.13738  -0.13527  -0.13313  -0.13098  -0.12881  -0.12662  -0.12442  -0.12220  -0.11999  -0.11777  -0.11555  -0.11333  -0.11112  -0.10892  -0.10673  -0.10456  -0.10241  -0.10027  -0.09816  -0.09607  -0.09401  -0.09197  -0.08995  -0.08796  -0.08600  -0.08406  -0.08215  -0.08026  -0.07839  -0.07654  -0.07472  -0.07292  -0.07113  -0.06937  -0.06762  -0.06589  -0.06418  -0.06248  -0.06080  -0.05913  -0.05748  -0.05585  -0.05423  -0.05262  -0.05104  -0.04947  -0.04792  -0.04639  -0.04487  -0.04338  -0.04191  -0.04046  -0.03903  -0.03762  -0.03623  -0.03487  -0.03352  -0.03220  -0.03091  -0.02963  -0.02839  -0.02717  -0.02599  -0.02484  -0.02373  -0.02265  -0.02161  -0.02062  -0.01970  -0.01883  -0.01803  -0.01727  -0.01657  -0.01591  -0.01534  -0.01480  -0.01436  -0.01382  -0.01331  -0.01255  -0.01175  -0.01055  -0.00908  -0.00747  -0.00717  -0.00877  -0.01298  -0.02039  -0.03168  -0.04283  -0.04706  -0.04899  -0.05065  -0.04983  -0.04783  -0.04469  -0.04255  -0.03981  -0.03742  -0.03180  -0.02867  -0.02200  -0.00875   0.00148   0.00000
223.1250   0.00000  -0.00024  -0.00082  -0.00147  -0.00187  -0.00163  -0.00040   0.00166   0.00376   0.00540   0.00660   0.00746   0.00773   0.00747   0.00714   0.00703   0.00714   0.00738   0.00769   0.00798   0.00823   0.00840   0.00850   0.00854   0.00854   0.00852   0.00848   0.00842   0.00835   0.00825   0.00813   0.00800   0.00783   0.00765   0.00744   0.00721   0.00696   0.00669   0.00640   0.00609   0.00576   0.00540   0.00502   0.00462   0.00417   0.00368   0.00311   0.00246   0.00168   0.00075  -0.00033  -0.00151  -0.00272  -0.00392  -0.00515  -0.00647  -0.00788  -0.00940  -0.01103  -0.01279  -0.01470  -0.01680  -0.01916  -0.02187  -0.02506  -0.02897  -0.03388  -0.04018  -0.04825  -0.05820  -0.06933  -0.08014  -0.08922  -0.09620  -0.10174  -0.10666  -0.11146  -0.11640  -0.12164  -0.12728  -0.13329  -0.13935  -0.14478  -0.14888  -0.15174  -0.15391  -0.15579  -0.15766  -0.15961  -0.16154  -0.16339  -0.16513  -0.16673  -0.16818  -0.16949  -0.17061  -0.17155  -0.17230  -0.17285  -0.17322  -0.17341  -0.17337  -0.17313  -0.17277  -0.17226  -0.17159  -0.17077  -0.16982  -0.16875  -0.16757  -0.16627  -0.16488  -0.16340  -0.16183  -0.16020  -0.15849  -0.15673  -0.15491  -0.15304  -0.15113  -0.14918  -0.14718  -0.14515  -0.14309  -0.14100  -0.13888  -0.13673  -0.13456  -0.13238  -0.13017  -0.12795  -0.12572  -0.12348  -0.12124  -0.11900  -0.11676  -0.11453  -0.11231  -0.11010  -0.10791  -0.10573  -0.10358  -0.10144  -0.09933  -0.09725  -0.09518  -0.09315  -0.09114  -0.08915  -0.08719  -0.08525  -0.08334  -0.08145  -0.07959  -0.07774  -0.07592  -0.07412  -0.07233  -0.07057  -0.06882  -0.06708  -0.06537  -0.06366  -0.06198  -0.06031  -0.05865  -0.05702  -0.05539  -0.05379  -0.05220  -0.05063  -0.04908  -0.04755  -0.04604  -0.04455  -0.04308  -0.04163  -0.04020  -0.03880  -0.03742  -0.03606  -0.03472  -0.03341  -0.03212  -0.03086  -0.02963  -0.02843  -0.02726  -0.02613  -0.02504  -0.02399  -0.02299  -0.02206  -0.02118  -0.02038  -0.01962  -0.01893  -0.01829  -0.01774  -0.01723  -0.01679  -0.01627  -0.01575  -0.01503  -0.01422  -0.01307  -0.01160  -0.00986  -0.00936  -0.01083  -0.01496  -0.02241  -0.03325  -0.04287  -0.04608  -0.04908  -0.05272  -0.05339  -0.05255  -0.05008  -0.04835  -0.04573  -0.04285  -0.03731  -0.03381  -0.02550  -0.01074   0.00044   0.00000
224.3750   0.00000  -0.00021  -0.00070  -0.00113  -0.00125  -0.00070   0.00072   0.00269   0.00457   0.00596   0.00693   0.00763   0.00786   0.00765   0.00735   0.00725   0.00738   0.00764   0.00797   0.00830   0.00858   0.00879   0.00892   0.00899   0.00901   0.00900   0.00897   0.00892   0.00885   0.00876   0.00865   0.00852   0.00837   0.00820   0.00801   0.00779   0.00756   0.00730   0.00702   0.00673   0.00642   0.00609   0.00574   0.00536   0.00495   0.00450   0.00400   0.00341   0.00272   0.00189   0.00088  -0.00026  -0.00148  -0.00269  -0.00391  -0.00518  -0.00654  -0.00800  -0.00957  -0.01126  -0.01310  -0.01513  -0.01741  -0.02001  -0.02307  -0.02677  -0.03136  -0.03716  -0.04450  -0.05358  -0.06416  -0.07519  -0.08520  -0.09324  -0.09951  -0.10478  -0.10972  -0.11466  -0.11979  -0.12522  -0.13105  -0.13723  -0.14337  -0.14876  -0.15283  -0.15574  -0.15798  -0.15993  -0.16187  -0.16386  -0.16581  -0.16766  -0.16935  -0.17089  -0.17226  -0.17346  -0.17448  -0.17530  -0.17592  -0.17634  -0.17657  -0.17660  -0.17644  -0.17611  -0.17563  -0.17500  -0.17421  -0.17330  -0.17225  -0.17109  -0.16982  -0.16844  -0.16697  -0.16541  -0.16378  -0.16208  -0.16032  -0.15850  -0.15664  -0.15472  -0.15277  -0.15077  -0.14873  -0.14666  -0.14456  -0.14242  -0.14027  -0.13808  -0.13588  -0.13366  -0.13142  -0.12917  -0.12692  -0.12465  -0.12239  -0.12014  -0.11788  -0.11564  -0.11341  -0.11120  -0.10900  -0.10682  -0.10467  -0.10253  -0.10043  -0.09834  -0.09628  -0.09425  -0.09224  -0.09026  -0.08831  -0.08637  -0.08446  -0.08258  -0.08071  -0.07887  -0.07705  -0.07524  -0.07345  -0.07168  -0.06993  -0.06820  -0.06648  -0.06477  -0.06308  -0.06141  -0.05975  -0.05811  -0.05649  -0.05488  -0.05329  -0.05172  -0.05017  -0.04865  -0.04714  -0.04565  -0.04419  -0.04274  -0.04132  -0.03992  -0.03855  -0.03719  -0.03586  -0.03456  -0.03328  -0.03203  -0.03081  -0.02963  -0.02849  -0.02738  -0.02633  -0.02532  -0.02438  -0.02349  -0.02268  -0.02193  -0.02125  -0.02064  -0.02011  -0.01962  -0.01917  -0.01868  -0.01816  -0.01747  -0.01665  -0.01552  -0.01406  -0.01227  -0.01159  -0.01283  -0.01684  -0.02418  -0.03405  -0.04201  -0.04442  -0.04847  -0.05423  -0.05662  -0.05701  -0.05527  -0.05410  -0.05175  -0.04839  -0.04288  -0.03899  -0.02891  -0.01267  -0.00063   0.00000
225.6250   0.00000  -0.00018  -0.00056  -0.00076  -0.00056   0.00030   0.00189   0.00377   0.00538   0.00649   0.00723   0.00775   0.00794   0.00778   0.00754   0.00746   0.00760   0.00788   0.00824   0.00860   0.00892   0.00916   0.00932   0.00942   0.00946   0.00947   0.00945   0.00940   0.00934   0.00926   0.00916   0.00904   0.00890   0.00874   0.00856   0.00836   0.00814   0.00790   0.00764   0.00737   0.00707   0.00676   0.00643   0.00608   0.00571   0.00530   0.00485   0.00433   0.00372   0.00297   0.00206   0.00098  -0.00023  -0.00146  -0.00268  -0.00391  -0.00522  -0.00661  -0.00812  -0.00974  -0.01150  -0.01345  -0.01563  -0.01812  -0.02104  -0.02454  -0.02885  -0.03424  -0.04100  -0.04933  -0.05921  -0.07005  -0.08062  -0.08970  -0.09687  -0.10268  -0.10786  -0.11288  -0.11799  -0.12329  -0.12888  -0.13486  -0.14117  -0.14740  -0.15282  -0.15691  -0.15990  -0.16222  -0.16422  -0.16618  -0.16816  -0.17010  -0.17191  -0.17354  -0.17498  -0.17624  -0.17731  -0.17819  -0.17887  -0.17934  -0.17963  -0.17974  -0.17963  -0.17933  -0.17890  -0.17830  -0.17756  -0.17667  -0.17566  -0.17453  -0.17327  -0.17191  -0.17045  -0.16890  -0.16728  -0.16559  -0.16383  -0.16202  -0.16015  -0.15824  -0.15628  -0.15427  -0.15223  -0.15015  -0.14804  -0.14590  -0.14372  -0.14153  -0.13931  -0.13707  -0.13482  -0.13255  -0.13028  -0.12800  -0.12572  -0.12344  -0.12117  -0.11890  -0.11665  -0.11442  -0.11220  -0.11000  -0.10782  -0.10567  -0.10354  -0.10144  -0.09936  -0.09730  -0.09528  -0.09327  -0.09130  -0.08934  -0.08741  -0.08551  -0.08362  -0.08176  -0.07992  -0.07809  -0.07629  -0.07450  -0.07273  -0.07097  -0.06923  -0.06751  -0.06580  -0.06411  -0.06243  -0.06077  -0.05913  -0.05751  -0.05590  -0.05432  -0.05275  -0.05120  -0.04968  -0.04817  -0.04669  -0.04523  -0.04380  -0.04238  -0.04099  -0.03962  -0.03827  -0.03695  -0.03566  -0.03439  -0.03316  -0.03196  -0.03080  -0.02968  -0.02861  -0.02760  -0.02665  -0.02576  -0.02494  -0.02418  -0.02351  -0.02293  -0.02243  -0.02196  -0.02152  -0.02104  -0.02051  -0.01985  -0.01903  -0.01791  -0.01645  -0.01468  -0.01391  -0.01490  -0.01864  -0.02567  -0.03438  -0.04053  -0.04196  -0.04713  -0.05519  -0.05943  -0.06114  -0.06022  -0.05970  -0.05775  -0.05396  -0.04846  -0.04416  -0.03225  -0.01453  -0.00174   0.00000
226.8750   0.00000  -0.00015  -0.00039  -0.00034   0.00020   0.00138   0.00311   0.00488   0.00619   0.00699   0.00748   0.00779   0.00794   0.00788   0.00771   0.00767   0.00782   0.00812   0.00849   0.00888   0.00923   0.00950   0.00969   0.00983   0.00990   0.00993   0.00992   0.00989   0.00984   0.00977   0.00968   0.00957   0.00944   0.00929   0.00912   0.00893   0.00872   0.00850   0.00825   0.00800   0.00772   0.00743   0.00712   0.00680   0.00645   0.00608   0.00567   0.00520   0.00467   0.00401   0.00320   0.00220   0.00103  -0.00021  -0.00145  -0.00266  -0.00391  -0.00525  -0.00668  -0.00822  -0.00990  -0.01176  -0.01384  -0.01621  -0.01898  -0.02228  -0.02632  -0.03136  -0.03764  -0.04536  -0.05456  -0.06494  -0.07567  -0.08555  -0.09372  -0.10026  -0.10581  -0.11099  -0.11615  -0.12142  -0.12687  -0.13258  -0.13865  -0.14502  -0.15134  -0.15686  -0.16107  -0.16417  -0.16659  -0.16862  -0.17055  -0.17248  -0.17437  -0.17611  -0.17766  -0.17899  -0.18013  -0.18107  -0.18181  -0.18235  -0.18269  -0.18286  -0.18281  -0.18255  -0.18215  -0.18159  -0.18088  -0.18002  -0.17904  -0.17792  -0.17668  -0.17533  -0.17388  -0.17234  -0.17072  -0.16903  -0.16728  -0.16547  -0.16360  -0.16168  -0.15972  -0.15771  -0.15566  -0.15357  -0.15145  -0.14930  -0.14711  -0.14490  -0.14267  -0.14042  -0.13815  -0.13586  -0.13357  -0.13127  -0.12897  -0.12668  -0.12438  -0.12210  -0.11983  -0.11757  -0.11533  -0.11311  -0.11092  -0.10874  -0.10659  -0.10447  -0.10237  -0.10029  -0.09825  -0.09622  -0.09423  -0.09225  -0.09030  -0.08838  -0.08647  -0.08459  -0.08273  -0.08088  -0.07906  -0.07725  -0.07546  -0.07369  -0.07193  -0.07019  -0.06846  -0.06675  -0.06506  -0.06338  -0.06172  -0.06008  -0.05846  -0.05685  -0.05527  -0.05371  -0.05216  -0.05064  -0.04915  -0.04767  -0.04622  -0.04478  -0.04338  -0.04199  -0.04063  -0.03929  -0.03798  -0.03670  -0.03545  -0.03423  -0.03306  -0.03193  -0.03085  -0.02983  -0.02887  -0.02797  -0.02714  -0.02639  -0.02574  -0.02519  -0.02471  -0.02426  -0.02382  -0.02335  -0.02283  -0.02217  -0.02135  -0.02024  -0.01881  -0.01714  -0.01631  -0.01702  -0.02041  -0.02690  -0.03419  -0.03833  -0.03867  -0.04440  -0.05488  -0.06173  -0.06491  -0.06492  -0.06508  -0.06368  -0.05975  -0.05423  -0.04921  -0.03540  -0.01634  -0.00291   0.00000
228.1250   0.00000  -0.00010  -0.00020   0.00012   0.00104   0.00252   0.00437   0.00601   0.00697   0.00745   0.00767   0.00776   0.00787   0.00791   0.00785   0.00786   0.00803   0.00834   0.00873   0.00914   0.00951   0.00981   0.01004   0.01020   0.01031   0.01037   0.01038   0.01037   0.01033   0.01027   0.01019   0.01009   0.00997   0.00983   0.00967   0.00949   0.00930   0.00909   0.00886   0.00862   0.00836   0.00809   0.00780   0.00750   0.00717   0.00683   0.00646   0.00605   0.00557   0.00500   0.00429   0.00338   0.00228   0.00105  -0.00021  -0.00142  -0.00263  -0.00390  -0.00526  -0.00672  -0.00831  -0.01007  -0.01205  -0.01430  -0.01691  -0.02000  -0.02378  -0.02847  -0.03433  -0.04153  -0.05014  -0.05999  -0.07056  -0.08090  -0.08998  -0.09740  -0.10350  -0.10894  -0.11420  -0.11951  -0.12493  -0.13049  -0.13626  -0.14235  -0.14873  -0.15510  -0.16081  -0.16521  -0.16849  -0.17104  -0.17309  -0.17496  -0.17678  -0.17857  -0.18022  -0.18168  -0.18290  -0.18389  -0.18467  -0.18526  -0.18565  -0.18587  -0.18593  -0.18573  -0.18531  -0.18477  -0.18407  -0.18325  -0.18229  -0.18120  -0.17998  -0.17864  -0.17720  -0.17567  -0.17406  -0.17237  -0.17063  -0.16882  -0.16695  -0.16504  -0.16307  -0.16106  -0.15900  -0.15691  -0.15478  -0.15261  -0.15042  -0.14819  -0.14595  -0.14368  -0.14139  -0.13909  -0.13678  -0.13447  -0.13215  -0.12983  -0.12752  -0.12522  -0.12293  -0.12065  -0.11839  -0.11615  -0.11394  -0.11174  -0.10957  -0.10743  -0.10531  -0.10321  -0.10115  -0.09910  -0.09709  -0.09509  -0.09313  -0.09118  -0.08926  -0.08735  -0.08547  -0.08361  -0.08177  -0.07994  -0.07813  -0.07634  -0.07456  -0.07281  -0.07106  -0.06933  -0.06762  -0.06593  -0.06425  -0.06259  -0.06095  -0.05933  -0.05773  -0.05615  -0.05460  -0.05306  -0.05154  -0.05005  -0.04858  -0.04714  -0.04571  -0.04431  -0.04293  -0.04158  -0.04025  -0.03896  -0.03769  -0.03646  -0.03527  -0.03413  -0.03304  -0.03201  -0.03105  -0.03014  -0.02930  -0.02855  -0.02792  -0.02739  -0.02695  -0.02651  -0.02608  -0.02562  -0.02508  -0.02442  -0.02359  -0.02252  -0.02117  -0.01963  -0.01874  -0.01921  -0.02223  -0.02798  -0.03357  -0.03553  -0.03483  -0.04116  -0.05395  -0.06346  -0.06829  -0.06937  -0.07019  -0.06948  -0.06585  -0.06022  -0.05399  -0.03830  -0.01812  -0.00414   0.00000
229.3750   0.00000  -0.00006   0.00001   0.00064   0.00195   0.00371   0.00565   0.00711   0.00770   0.00785   0.00780   0.00768   0.00772   0.00788   0.00796   0.00803   0.00823   0.00856   0.00896   0.00938   0.00977   0.01009   0.01035   0.01055   0.01069   0.01078   0.01082   0.01083   0.01081   0.01076   0.01069   0.01060   0.01049   0.01036   0.01022   0.01005   0.00987   0.00968   0.00946   0.00924   0.00899   0.00874   0.00847   0.00818   0.00789   0.00757   0.00723   0.00686   0.00644   0.00594   0.00532   0.00451   0.00350   0.00231   0.00105  -0.00018  -0.00136  -0.00258  -0.00386  -0.00524  -0.00674  -0.00840  -0.01026  -0.01238  -0.01483  -0.01773  -0.02124  -0.02558  -0.03102  -0.03776  -0.04586  -0.05521  -0.06547  -0.07593  -0.08568  -0.09400  -0.10084  -0.10667  -0.11210  -0.11749  -0.12295  -0.12849  -0.13412  -0.13989  -0.14591  -0.15221  -0.15859  -0.16452  -0.16926  -0.17279  -0.17550  -0.17761  -0.17940  -0.18108  -0.18270  -0.18423  -0.18559  -0.18672  -0.18760  -0.18823  -0.18864  -0.18887  -0.18896  -0.18879  -0.18838  -0.18787  -0.18721  -0.18643  -0.18551  -0.18446  -0.18326  -0.18194  -0.18050  -0.17898  -0.17737  -0.17569  -0.17394  -0.17213  -0.17026  -0.16834  -0.16637  -0.16435  -0.16229  -0.16019  -0.15805  -0.15587  -0.15366  -0.15143  -0.14917  -0.14688  -0.14458  -0.14226  -0.13994  -0.13760  -0.13527  -0.13293  -0.13060  -0.12828  -0.12597  -0.12367  -0.12139  -0.11914  -0.11690  -0.11468  -0.11249  -0.11033  -0.10819  -0.10608  -0.10399  -0.10193  -0.09989  -0.09788  -0.09589  -0.09393  -0.09199  -0.09007  -0.08817  -0.08629  -0.08442  -0.08258  -0.08075  -0.07894  -0.07715  -0.07537  -0.07361  -0.07187  -0.07014  -0.06843  -0.06673  -0.06506  -0.06340  -0.06177  -0.06015  -0.05855  -0.05698  -0.05543  -0.05390  -0.05239  -0.05091  -0.04944  -0.04800  -0.04659  -0.04520  -0.04383  -0.04249  -0.04117  -0.03989  -0.03864  -0.03744  -0.03628  -0.03519  -0.03415  -0.03317  -0.03226  -0.03141  -0.03065  -0.03002  -0.02953  -0.02913  -0.02871  -0.02827  -0.02781  -0.02725  -0.02657  -0.02575  -0.02476  -0.02355  -0.02214  -0.02117  -0.02148  -0.02407  -0.02861  -0.03231  -0.03231  -0.03069  -0.03721  -0.05218  -0.06464  -0.07120  -0.07352  -0.07499  -0.07504  -0.07220  -0.06637  -0.05835  -0.04086  -0.01988  -0.00545   0.00000
230.6250   0.00000  -0.00001   0.00026   0.00121   0.00290   0.00492   0.00693   0.00815   0.00835   0.00821   0.00786   0.00751   0.00749   0.00774   0.00798   0.00818   0.00842   0.00876   0.00917   0.00960   0.01000   0.01034   0.01063   0.01086   0.01103   0.01116   0.01124   0.01127   0.01127   0.01124   0.01119   0.01111   0.01101   0.01090   0.01076   0.01061   0.01044   0.01026   0.01006   0.00985   0.00962   0.00938   0.00913   0.00886   0.00858   0.00829   0.00798   0.00764   0.00726   0.00682   0.00628   0.00558   0.00467   0.00355   0.00230   0.00106  -0.00012  -0.00128  -0.00249  -0.00379  -0.00520  -0.00675  -0.00850  -0.01048  -0.01277  -0.01547  -0.01872  -0.02271  -0.02772  -0.03398  -0.04161  -0.05052  -0.06043  -0.07081  -0.08093  -0.09003  -0.09770  -0.10411  -0.10982  -0.11532  -0.12084  -0.12643  -0.13205  -0.13770  -0.14342  -0.14930  -0.15543  -0.16172  -0.16779  -0.17295  -0.17686  -0.17983  -0.18211  -0.18384  -0.18533  -0.18674  -0.18804  -0.18920  -0.19019  -0.19089  -0.19134  -0.19160  -0.19172  -0.19158  -0.19122  -0.19077  -0.19018  -0.18946  -0.18859  -0.18757  -0.18639  -0.18508  -0.18365  -0.18213  -0.18053  -0.17885  -0.17711  -0.17530  -0.17343  -0.17151  -0.16954  -0.16752  -0.16545  -0.16334  -0.16119  -0.15901  -0.15679  -0.15454  -0.15227  -0.14997  -0.14766  -0.14532  -0.14298  -0.14063  -0.13828  -0.13592  -0.13358  -0.13124  -0.12891  -0.12659  -0.12430  -0.12202  -0.11976  -0.11753  -0.11532  -0.11314  -0.11098  -0.10884  -0.10674  -0.10466  -0.10260  -0.10057  -0.09857  -0.09659  -0.09463  -0.09269  -0.09077  -0.08887  -0.08699  -0.08513  -0.08329  -0.08146  -0.07965  -0.07785  -0.07608  -0.07431  -0.07257  -0.07084  -0.06913  -0.06744  -0.06577  -0.06412  -0.06248  -0.06087  -0.05928  -0.05772  -0.05617  -0.05465  -0.05315  -0.05167  -0.05022  -0.04879  -0.04738  -0.04600  -0.04464  -0.04331  -0.04201  -0.04075  -0.03953  -0.03836  -0.03725  -0.03621  -0.03522  -0.03429  -0.03343  -0.03265  -0.03204  -0.03159  -0.03124  -0.03083  -0.03037  -0.02991  -0.02934  -0.02864  -0.02787  -0.02698  -0.02594  -0.02467  -0.02365  -0.02382  -0.02595  -0.02905  -0.03064  -0.02883  -0.02656  -0.03270  -0.04902  -0.06476  -0.07361  -0.07732  -0.07941  -0.08023  -0.07856  -0.07246  -0.06216  -0.04306  -0.02166  -0.00686   0.00000
231.8750   0.00000   0.00005   0.00052   0.00183   0.00387   0.00613   0.00813   0.00909   0.00896   0.00850   0.00783   0.00725   0.00719   0.00753   0.00790   0.00824   0.00857   0.00895   0.00937   0.00980   0.01020   0.01056   0.01087   0.01113   0.01134   0.01150   0.01161   0.01168   0.01171   0.01170   0.01167   0.01161   0.01153   0.01142   0.01130   0.01116   0.01101   0.01084   0.01065   0.01046   0.01024   0.01002   0.00978   0.00953   0.00926   0.00899   0.00870   0.00838   0.00804   0.00765   0.00717   0.00657   0.00577   0.00474   0.00355   0.00231   0.00112  -0.00001  -0.00116  -0.00237  -0.00368  -0.00513  -0.00676  -0.00861  -0.01073  -0.01324  -0.01623  -0.01988  -0.02446  -0.03022  -0.03734  -0.04581  -0.05539  -0.06563  -0.07590  -0.08554  -0.09400  -0.10114  -0.10729  -0.11297  -0.11857  -0.12420  -0.12988  -0.13555  -0.14119  -0.14681  -0.15248  -0.15830  -0.16432  -0.17036  -0.17596  -0.18050  -0.18384  -0.18638  -0.18830  -0.18965  -0.19071  -0.19174  -0.19268  -0.19339  -0.19391  -0.19437  -0.19473  -0.19488  -0.19464  -0.19413  -0.19349  -0.19271  -0.19179  -0.19072  -0.18951  -0.18818  -0.18674  -0.18520  -0.18359  -0.18191  -0.18016  -0.17836  -0.17649  -0.17457  -0.17259  -0.17057  -0.16849  -0.16638  -0.16422  -0.16203  -0.15980  -0.15754  -0.15526  -0.15295  -0.15062  -0.14827  -0.14591  -0.14355  -0.14118  -0.13881  -0.13644  -0.13408  -0.13174  -0.12940  -0.12709  -0.12479  -0.12252  -0.12027  -0.11804  -0.11584  -0.11366  -0.11151  -0.10938  -0.10729  -0.10521  -0.10317  -0.10114  -0.09914  -0.09716  -0.09521  -0.09327  -0.09136  -0.08946  -0.08758  -0.08572  -0.08388  -0.08205  -0.08024  -0.07845  -0.07667  -0.07491  -0.07317  -0.07144  -0.06973  -0.06804  -0.06638  -0.06473  -0.06310  -0.06150  -0.05992  -0.05836  -0.05682  -0.05531  -0.05382  -0.05235  -0.05090  -0.04948  -0.04809  -0.04671  -0.04537  -0.04405  -0.04277  -0.04154  -0.04037  -0.03925  -0.03821  -0.03723  -0.03631  -0.03547  -0.03474  -0.03418  -0.03375  -0.03337  -0.03292  -0.03246  -0.03199  -0.03140  -0.03071  -0.02998  -0.02922  -0.02836  -0.02725  -0.02622  -0.02633  -0.02784  -0.02926  -0.02851  -0.02510  -0.02269  -0.02786  -0.04507  -0.06428  -0.07551  -0.08067  -0.08336  -0.08490  -0.08453  -0.07809  -0.06526  -0.04492  -0.02350  -0.00839   0.00000
233.1250   0.00000   0.00011   0.00081   0.00248   0.00485   0.00729   0.00924   0.00994   0.00950   0.00871   0.00770   0.00690   0.00682   0.00725   0.00776   0.00823   0.00867   0.00910   0.00954   0.00997   0.01038   0.01075   0.01108   0.01136   0.01160   0.01180   0.01195   0.01205   0.01212   0.01214   0.01212   0.01209   0.01202   0.01193   0.01183   0.01170   0.01156   0.01141   0.01124   0.01105   0.01085   0.01064   0.01042   0.01018   0.00993   0.00966   0.00939   0.00909   0.00877   0.00841   0.00799   0.00746   0.00677   0.00587   0.00475   0.00354   0.00236   0.00124   0.00015  -0.00098  -0.00221  -0.00355  -0.00505  -0.00676  -0.00873  -0.01103  -0.01377  -0.01710  -0.02125  -0.02649  -0.03305  -0.04103  -0.05026  -0.06033  -0.07067  -0.08066  -0.08976  -0.09766  -0.10441  -0.11042  -0.11614  -0.12182  -0.12753  -0.13325  -0.13894  -0.14454  -0.15003  -0.15545  -0.16088  -0.16645  -0.17217  -0.17779  -0.18291  -0.18707  -0.19008  -0.19222  -0.19383  -0.19494  -0.19553  -0.19593  -0.19638  -0.19694  -0.19749  -0.19773  -0.19744  -0.19684  -0.19616  -0.19536  -0.19449  -0.19351  -0.19239  -0.19113  -0.18974  -0.18826  -0.18668  -0.18502  -0.18329  -0.18149  -0.17963  -0.17771  -0.17573  -0.17370  -0.17162  -0.16949  -0.16733  -0.16512  -0.16288  -0.16061  -0.15831  -0.15599  -0.15364  -0.15128  -0.14890  -0.14652  -0.14414  -0.14175  -0.13937  -0.13699  -0.13463  -0.13228  -0.12994  -0.12763  -0.12534  -0.12307  -0.12082  -0.11860  -0.11641  -0.11424  -0.11210  -0.10999  -0.10790  -0.10583  -0.10379  -0.10177  -0.09978  -0.09781  -0.09586  -0.09392  -0.09201  -0.09012  -0.08824  -0.08638  -0.08454  -0.08271  -0.08090  -0.07911  -0.07733  -0.07557  -0.07383  -0.07211  -0.07041  -0.06873  -0.06707  -0.06543  -0.06381  -0.06221  -0.06064  -0.05909  -0.05756  -0.05605  -0.05457  -0.05311  -0.05168  -0.05027  -0.04888  -0.04752  -0.04619  -0.04490  -0.04365  -0.04246  -0.04133  -0.04026  -0.03925  -0.03831  -0.03746  -0.03671  -0.03610  -0.03565  -0.03533  -0.03501  -0.03460  -0.03408  -0.03344  -0.03274  -0.03207  -0.03145  -0.03079  -0.02990  -0.02902  -0.02908  -0.02979  -0.02907  -0.02583  -0.02123  -0.01893  -0.02271  -0.04022  -0.06298  -0.07683  -0.08357  -0.08695  -0.08881  -0.08924  -0.08240  -0.06769  -0.04674  -0.02547  -0.01011   0.00000
234.3750   0.00000   0.00017   0.00111   0.00315   0.00581   0.00843   0.01027   0.01066   0.00993   0.00879   0.00744   0.00647   0.00640   0.00691   0.00755   0.00815   0.00869   0.00920   0.00967   0.01012   0.01053   0.01091   0.01125   0.01155   0.01182   0.01205   0.01223   0.01238   0.01248   0.01253   0.01255   0.01253   0.01249   0.01242   0.01233   0.01222   0.01209   0.01195   0.01180   0.01163   0.01144   0.01124   0.01103   0.01080   0.01056   0.01031   0.01004   0.00975   0.00944   0.00910   0.00871   0.00825   0.00766   0.00688   0.00589   0.00475   0.00359   0.00248   0.00143   0.00037  -0.00077  -0.00201  -0.00339  -0.00496  -0.00676  -0.00887  -0.01137  -0.01439  -0.01812  -0.02284  -0.02879  -0.03618  -0.04496  -0.05481  -0.06518  -0.07544  -0.08505  -0.09363  -0.10107  -0.10756  -0.11351  -0.11927  -0.12501  -0.13075  -0.13647  -0.14213  -0.14767  -0.15304  -0.15823  -0.16328  -0.16830  -0.17340  -0.17859  -0.18369  -0.18840  -0.19239  -0.19544  -0.19743  -0.19871  -0.19978  -0.20061  -0.20101  -0.20071  -0.19999  -0.19930  -0.19863  -0.19802  -0.19748  -0.19695  -0.19627  -0.19535  -0.19419  -0.19284  -0.19136  -0.18978  -0.18811  -0.18637  -0.18456  -0.18268  -0.18075  -0.17875  -0.17671  -0.17462  -0.17248  -0.17030  -0.16808  -0.16583  -0.16354  -0.16123  -0.15889  -0.15652  -0.15414  -0.15175  -0.14935  -0.14695  -0.14454  -0.14214  -0.13975  -0.13737  -0.13500  -0.13265  -0.13031  -0.12800  -0.12571  -0.12345  -0.12121  -0.11900  -0.11681  -0.11465  -0.11252  -0.11041  -0.10833  -0.10627  -0.10423  -0.10222  -0.10023  -0.09826  -0.09631  -0.09439  -0.09247  -0.09058  -0.08870  -0.08685  -0.08500  -0.08318  -0.08137  -0.07958  -0.07780  -0.07605  -0.07431  -0.07259  -0.07089  -0.06922  -0.06756  -0.06593  -0.06432  -0.06273  -0.06116  -0.05962  -0.05810  -0.05661  -0.05514  -0.05369  -0.05226  -0.05086  -0.04949  -0.04815  -0.04684  -0.04558  -0.04436  -0.04320  -0.04210  -0.04105  -0.04003  -0.03904  -0.03813  -0.03742  -0.03705  -0.03702  -0.03685  -0.03632  -0.03580  -0.03523  -0.03456  -0.03399  -0.03354  -0.03315  -0.03256  -0.03192  -0.03194  -0.03107  -0.02785  -0.02273  -0.01721  -0.01484  -0.01722  -0.03468  -0.06040  -0.07715  -0.08594  -0.09014  -0.09212  -0.09259  -0.08523  -0.06966  -0.04865  -0.02761  -0.01206   0.00000
235.6250   0.00000   0.00023   0.00142   0.00382   0.00672   0.00951   0.01119   0.01125   0.01026   0.00875   0.00707   0.00598   0.00594   0.00655   0.00731   0.00803   0.00867   0.00924   0.00976   0.01023   0.01065   0.01103   0.01138   0.01170   0.01199   0.01225   0.01247   0.01264   0.01278   0.01287   0.01293   0.01294   0.01292   0.01287   0.01280   0.01271   0.01260   0.01248   0.01234   0.01218   0.01200   0.01181   0.01161   0.01139   0.01115   0.01090   0.01063   0.01034   0.01002   0.00968   0.00931   0.00890   0.00841   0.00776   0.00692   0.00589   0.00479   0.00371   0.00269   0.00168   0.00063  -0.00051  -0.00178  -0.00321  -0.00485  -0.00676  -0.00903  -0.01174  -0.01508  -0.01928  -0.02461  -0.03132  -0.03952  -0.04901  -0.05932  -0.06983  -0.07989  -0.08907  -0.09719  -0.10428  -0.11061  -0.11655  -0.12233  -0.12807  -0.13379  -0.13946  -0.14504  -0.15049  -0.15573  -0.16074  -0.16549  -0.17003  -0.17443  -0.17881  -0.18323  -0.18761  -0.19172  -0.19541  -0.19863  -0.20123  -0.20292  -0.20359  -0.20334  -0.20305  -0.20308  -0.20298  -0.20263  -0.20201  -0.20105  -0.19980  -0.19834  -0.19677  -0.19513  -0.19344  -0.19172  -0.18995  -0.18815  -0.18630  -0.18442  -0.18248  -0.18050  -0.17848  -0.17640  -0.17428  -0.17212  -0.16991  -0.16767  -0.16540  -0.16309  -0.16076  -0.15840  -0.15602  -0.15363  -0.15123  -0.14882  -0.14641  -0.14400  -0.14160  -0.13920  -0.13682  -0.13446  -0.13212  -0.12979  -0.12749  -0.12522  -0.12297  -0.12074  -0.11854  -0.11637  -0.11422  -0.11210  -0.11001  -0.10794  -0.10589  -0.10386  -0.10186  -0.09988  -0.09792  -0.09598  -0.09405  -0.09215  -0.09026  -0.08839  -0.08653  -0.08470  -0.08287  -0.08107  -0.07928  -0.07752  -0.07577  -0.07404  -0.07233  -0.07064  -0.06898  -0.06733  -0.06571  -0.06411  -0.06254  -0.06099  -0.05946  -0.05796  -0.05648  -0.05502  -0.05359  -0.05217  -0.05078  -0.04942  -0.04810  -0.04683  -0.04564  -0.04453  -0.04352  -0.04262  -0.04181  -0.04111  -0.04056  -0.04021  -0.03996  -0.03950  -0.03865  -0.03777  -0.03733  -0.03679  -0.03613  -0.03572  -0.03543  -0.03533  -0.03516  -0.03496  -0.03488  -0.03198  -0.02616  -0.01939  -0.01298  -0.01033  -0.01146  -0.02857  -0.05684  -0.07676  -0.08768  -0.09289  -0.09504  -0.09418  -0.08630  -0.07146  -0.05075  -0.03004  -0.01432   0.00000
236.8750   0.00000   0.00029   0.00173   0.00447   0.00757   0.01045   0.01197   0.01172   0.01047   0.00860   0.00660   0.00543   0.00546   0.00617   0.00706   0.00788   0.00861   0.00925   0.00981   0.01030   0.01073   0.01111   0.01146   0.01179   0.01210   0.01238   0.01263   0.01284   0.01301   0.01314   0.01323   0.01328   0.01329   0.01327   0.01322   0.01315   0.01306   0.01295   0.01282   0.01268   0.01251   0.01232   0.01212   0.01190   0.01166   0.01140   0.01111   0.01080   0.01047   0.01012   0.00975   0.00938   0.00897   0.00846   0.00779   0.00693   0.00593   0.00491   0.00392   0.00296   0.00198   0.00094  -0.00022  -0.00152  -0.00300  -0.00473  -0.00675  -0.00917  -0.01214  -0.01584  -0.02055  -0.02654  -0.03401  -0.04294  -0.05302  -0.06366  -0.07416  -0.08395  -0.09275  -0.10050  -0.10734  -0.11357  -0.11948  -0.12525  -0.13095  -0.13659  -0.14215  -0.14761  -0.15292  -0.15803  -0.16289  -0.16746  -0.17171  -0.17565  -0.17934  -0.18287  -0.18631  -0.18975  -0.19314  -0.19619  -0.19875  -0.20090  -0.20278  -0.20448  -0.20585  -0.20668  -0.20689  -0.20617  -0.20474  -0.20314  -0.20152  -0.20000  -0.19856  -0.19712  -0.19563  -0.19406  -0.19241  -0.19066  -0.18882  -0.18691  -0.18493  -0.18288  -0.18077  -0.17861  -0.17641  -0.17416  -0.17188  -0.16956  -0.16721  -0.16484  -0.16244  -0.16003  -0.15761  -0.15517  -0.15274  -0.15030  -0.14787  -0.14544  -0.14303  -0.14063  -0.13824  -0.13588  -0.13354  -0.13122  -0.12893  -0.12666  -0.12442  -0.12220  -0.12001  -0.11785  -0.11571  -0.11360  -0.11151  -0.10945  -0.10741  -0.10539  -0.10339  -0.10141  -0.09946  -0.09752  -0.09560  -0.09369  -0.09181  -0.08994  -0.08808  -0.08625  -0.08443  -0.08263  -0.08085  -0.07909  -0.07734  -0.07562  -0.07392  -0.07224  -0.07058  -0.06894  -0.06733  -0.06573  -0.06417  -0.06262  -0.06110  -0.05960  -0.05812  -0.05667  -0.05524  -0.05384  -0.05247  -0.05114  -0.04985  -0.04861  -0.04740  -0.04626  -0.04521  -0.04435  -0.04373  -0.04336  -0.04312  -0.04264  -0.04178  -0.04108  -0.04089  -0.04014  -0.03878  -0.03799  -0.03757  -0.03735  -0.03754  -0.03786  -0.03814  -0.03653  -0.03132  -0.02418  -0.01592  -0.00843  -0.00529  -0.00558  -0.02194  -0.05202  -0.07545  -0.08874  -0.09509  -0.09780  -0.09531  -0.08689  -0.07342  -0.05317  -0.03290  -0.01700   0.00000
238.1250   0.00000   0.00037   0.00204   0.00507   0.00833   0.01122   0.01258   0.01207   0.01049   0.00823   0.00603   0.00486   0.00498   0.00578   0.00679   0.00772   0.00853   0.00922   0.00981   0.01031   0.01075   0.01113   0.01148   0.01181   0.01213   0.01242   0.01268   0.01292   0.01312   0.01329   0.01342   0.01351   0.01357   0.01359   0.01358   0.01353   0.01345   0.01335   0.01323   0.01308   0.01292   0.01273   0.01252   0.01229   0.01203   0.01174   0.01143   0.01108   0.01071   0.01033   0.00996   0.00960   0.00927   0.00892   0.00846   0.00781   0.00698   0.00606   0.00512   0.00421   0.00330   0.00234   0.00128   0.00010  -0.00123  -0.00277  -0.00457  -0.00670  -0.00931  -0.01254  -0.01664  -0.02189  -0.02855  -0.03673  -0.04630  -0.05683  -0.06765  -0.07806  -0.08762  -0.09612  -0.10358  -0.11024  -0.11639  -0.12225  -0.12795  -0.13356  -0.13906  -0.14445  -0.14971  -0.15481  -0.15972  -0.16438  -0.16877  -0.17284  -0.17655  -0.17988  -0.18284  -0.18551  -0.18794  -0.19010  -0.19208  -0.19409  -0.19616  -0.19799  -0.19937  -0.20034  -0.20094  -0.20122  -0.20128  -0.20120  -0.20104  -0.20077  -0.20034  -0.19971  -0.19884  -0.19775  -0.19644  -0.19493  -0.19327  -0.19146  -0.18954  -0.18752  -0.18542  -0.18325  -0.18103  -0.17876  -0.17644  -0.17409  -0.17171  -0.16931  -0.16688  -0.16444  -0.16198  -0.15952  -0.15705  -0.15459  -0.15213  -0.14968  -0.14724  -0.14481  -0.14241  -0.14002  -0.13765  -0.13531  -0.13299  -0.13070  -0.12843  -0.12619  -0.12397  -0.12178  -0.11962  -0.11748  -0.11537  -0.11328  -0.11122  -0.10918  -0.10716  -0.10516  -0.10318  -0.10122  -0.09928  -0.09736  -0.09545  -0.09357  -0.09170  -0.08985  -0.08801  -0.08620  -0.08440  -0.08262  -0.08086  -0.07912  -0.07740  -0.07571  -0.07403  -0.07237  -0.07074  -0.06913  -0.06754  -0.06597  -0.06443  -0.06291  -0.06142  -0.05995  -0.05851  -0.05711  -0.05573  -0.05437  -0.05300  -0.05157  -0.05007  -0.04845  -0.04677  -0.04510  -0.04364  -0.04246  -0.04156  -0.04093  -0.04098  -0.04186  -0.04290  -0.04240  -0.04142  -0.04073  -0.03990  -0.03970  -0.04016  -0.04102  -0.04063  -0.03698  -0.03037  -0.02216  -0.01239  -0.00344   0.00037   0.00024  -0.01498  -0.04576  -0.07267  -0.08871  -0.09650  -0.09995  -0.09752  -0.08900  -0.07584  -0.05612  -0.03645  -0.02022   0.00000
239.3750   0.00000   0.00044   0.00233   0.00560   0.00897   0.01182   0.01303   0.01228   0.01035   0.00771   0.00538   0.00430   0.00451   0.00540   0.00653   0.00756   0.00844   0.00917   0.00978   0.01029   0.01071   0.01108   0.01142   0.01174   0.01205   0.01234   0.01261   0.01286   0.01308   0.01326   0.01342   0.01354   0.01364   0.01370   0.01373   0.01371   0.01365   0.01355   0.01343   0.01328   0.01311   0.01292   0.01270   0.01245   0.01217   0.01186   0.01151   0.01112   0.01072   0.01030   0.00990   0.00954   0.00924   0.00901   0.00878   0.00842   0.00785   0.00711   0.00627   0.00541   0.00457   0.00368   0.00272   0.00166   0.00046  -0.00091  -0.00248  -0.00434  -0.00661  -0.00939  -0.01291  -0.01743  -0.02322  -0.03049  -0.03930  -0.04940  -0.06024  -0.07112  -0.08147  -0.09086  -0.09915  -0.10643  -0.11298  -0.11904  -0.12481  -0.13040  -0.13587  -0.14120  -0.14638  -0.15140  -0.15625  -0.16089  -0.16532  -0.16950  -0.17340  -0.17698  -0.18022  -0.18310  -0.18556  -0.18757  -0.18921  -0.19059  -0.19181  -0.19278  -0.19347  -0.19396  -0.19434  -0.19470  -0.19507  -0.19537  -0.19552  -0.19531  -0.19478  -0.19407  -0.19314  -0.19202  -0.19073  -0.18929  -0.18772  -0.18603  -0.18424  -0.18235  -0.18039  -0.17836  -0.17626  -0.17411  -0.17191  -0.16966  -0.16737  -0.16505  -0.16270  -0.16033  -0.15793  -0.15552  -0.15310  -0.15067  -0.14824  -0.14581  -0.14339  -0.14098  -0.13858  -0.13620  -0.13383  -0.13149  -0.12918  -0.12689  -0.12463  -0.12239  -0.12018  -0.11800  -0.11584  -0.11371  -0.11161  -0.10953  -0.10748  -0.10545  -0.10345  -0.10146  -0.09950  -0.09756  -0.09564  -0.09374  -0.09186  -0.08999  -0.08815  -0.08632  -0.08451  -0.08272  -0.08095  -0.07921  -0.07748  -0.07577  -0.07409  -0.07243  -0.07080  -0.06919  -0.06760  -0.06604  -0.06450  -0.06299  -0.06150  -0.06003  -0.05858  -0.05716  -0.05575  -0.05436  -0.05299  -0.05162  -0.05025  -0.04885  -0.04742  -0.04595  -0.04443  -0.04287  -0.04132  -0.03983  -0.03855  -0.03770  -0.03763  -0.03835  -0.03955  -0.04106  -0.04253  -0.04265  -0.04221  -0.04247  -0.04303  -0.04344  -0.04133  -0.03640  -0.02949  -0.02024  -0.00886   0.00209   0.00668   0.00575  -0.00791  -0.03807  -0.06858  -0.08795  -0.09719  -0.10134  -0.10083  -0.09287  -0.07886  -0.05982  -0.04094  -0.02408   0.00000
240.6250   0.00000   0.00053   0.00262   0.00606   0.00949   0.01226   0.01330   0.01225   0.00992   0.00700   0.00470   0.00378   0.00406   0.00505   0.00628   0.00741   0.00835   0.00910   0.00971   0.01020   0.01060   0.01095   0.01127   0.01157   0.01187   0.01215   0.01241   0.01266   0.01288   0.01307   0.01324   0.01337   0.01347   0.01354   0.01358   0.01358   0.01353   0.01344   0.01333   0.01319   0.01301   0.01281   0.01258   0.01231   0.01200   0.01166   0.01128   0.01086   0.01042   0.00998   0.00956   0.00920   0.00892   0.00875   0.00867   0.00859   0.00838   0.00794   0.00729   0.00655   0.00578   0.00497   0.00410   0.00315   0.00207   0.00086  -0.00050  -0.00211  -0.00406  -0.00641  -0.00937  -0.01319  -0.01810  -0.02438  -0.03220  -0.04153  -0.05198  -0.06297  -0.07390  -0.08422  -0.09355  -0.10176  -0.10898  -0.11546  -0.12142  -0.12706  -0.13248  -0.13773  -0.14282  -0.14773  -0.15245  -0.15695  -0.16123  -0.16528  -0.16909  -0.17265  -0.17594  -0.17894  -0.18158  -0.18386  -0.18580  -0.18744  -0.18878  -0.18976  -0.19035  -0.19063  -0.19067  -0.19051  -0.19021  -0.18983  -0.18928  -0.18855  -0.18764  -0.18659  -0.18541  -0.18413  -0.18275  -0.18128  -0.17972  -0.17809  -0.17638  -0.17460  -0.17274  -0.17082  -0.16883  -0.16679  -0.16469  -0.16254  -0.16035  -0.15812  -0.15585  -0.15356  -0.15124  -0.14890  -0.14654  -0.14418  -0.14180  -0.13942  -0.13705  -0.13468  -0.13232  -0.12997  -0.12765  -0.12534  -0.12306  -0.12081  -0.11858  -0.11638  -0.11420  -0.11206  -0.10994  -0.10785  -0.10578  -0.10374  -0.10173  -0.09974  -0.09777  -0.09583  -0.09391  -0.09201  -0.09013  -0.08827  -0.08643  -0.08461  -0.08280  -0.08102  -0.07926  -0.07751  -0.07579  -0.07409  -0.07241  -0.07075  -0.06912  -0.06752  -0.06594  -0.06439  -0.06287  -0.06137  -0.05990  -0.05845  -0.05702  -0.05562  -0.05423  -0.05286  -0.05150  -0.05015  -0.04880  -0.04747  -0.04615  -0.04486  -0.04362  -0.04243  -0.04131  -0.04022  -0.03913  -0.03800  -0.03687  -0.03582  -0.03498  -0.03443  -0.03486  -0.03693  -0.03954  -0.04170  -0.04332  -0.04442  -0.04528  -0.04424  -0.04084  -0.03607  -0.02881  -0.01848  -0.00538   0.00796   0.01330   0.01076  -0.00108  -0.02903  -0.06260  -0.08622  -0.09746  -0.10190  -0.10304  -0.09621  -0.08225  -0.06454  -0.04659  -0.02856   0.00000
241.8750   0.00000   0.00063   0.00289   0.00643   0.00988   0.01255   0.01340   0.01200   0.00924   0.00611   0.00401   0.00333   0.00364   0.00471   0.00605   0.00725   0.00824   0.00900   0.00959   0.01004   0.01039   0.01071   0.01100   0.01129   0.01157   0.01184   0.01209   0.01232   0.01254   0.01272   0.01288   0.01301   0.01310   0.01316   0.01318   0.01318   0.01314   0.01306   0.01295   0.01280   0.01262   0.01241   0.01216   0.01187   0.01155   0.01118   0.01078   0.01035   0.00990   0.00944   0.00902   0.00867   0.00841   0.00827   0.00827   0.00834   0.00839   0.00831   0.00801   0.00751   0.00688   0.00617   0.00540   0.00456   0.00360   0.00252   0.00137  -0.00001  -0.00167  -0.00360  -0.00605  -0.00922  -0.01328  -0.01850  -0.02520  -0.03346  -0.04310  -0.05371  -0.06478  -0.07573  -0.08605  -0.09543  -0.10374  -0.11106  -0.11758  -0.12351  -0.12903  -0.13427  -0.13928  -0.14412  -0.14876  -0.15318  -0.15738  -0.16132  -0.16501  -0.16846  -0.17167  -0.17461  -0.17725  -0.17962  -0.18173  -0.18358  -0.18512  -0.18631  -0.18713  -0.18762  -0.18786  -0.18791  -0.18773  -0.18736  -0.18684  -0.18612  -0.18523  -0.18417  -0.18297  -0.18165  -0.18022  -0.17870  -0.17708  -0.17537  -0.17359  -0.17174  -0.16982  -0.16783  -0.16579  -0.16370  -0.16155  -0.15937  -0.15714  -0.15489  -0.15260  -0.15030  -0.14798  -0.14564  -0.14330  -0.14095  -0.13860  -0.13624  -0.13390  -0.13156  -0.12923  -0.12692  -0.12463  -0.12236  -0.12011  -0.11789  -0.11570  -0.11353  -0.11139  -0.10927  -0.10719  -0.10513  -0.10309  -0.10109  -0.09910  -0.09714  -0.09520  -0.09329  -0.09140  -0.08952  -0.08767  -0.08584  -0.08402  -0.08223  -0.08045  -0.07869  -0.07695  -0.07523  -0.07353  -0.07185  -0.07019  -0.06856  -0.06695  -0.06536  -0.06380  -0.06227  -0.06076  -0.05928  -0.05783  -0.05640  -0.05500  -0.05362  -0.05225  -0.05091  -0.04958  -0.04827  -0.04696  -0.04567  -0.04438  -0.04310  -0.04184  -0.04062  -0.03944  -0.03833  -0.03726  -0.03622  -0.03522  -0.03429  -0.03347  -0.03284  -0.03248  -0.03333  -0.03552  -0.03862  -0.04202  -0.04463  -0.04603  -0.04468  -0.04112  -0.03629  -0.02840  -0.01688  -0.00202   0.01377   0.01967   0.01511   0.00504  -0.01912  -0.05419  -0.08259  -0.09717  -0.10278  -0.10436  -0.09865  -0.08646  -0.07061  -0.05346  -0.03359   0.00000
243.1250   0.00000   0.00074   0.00316   0.00673   0.01017   0.01271   0.01321   0.01137   0.00826   0.00512   0.00337   0.00293   0.00326   0.00440   0.00582   0.00708   0.00809   0.00884   0.00938   0.00977   0.01007   0.01034   0.01061   0.01087   0.01113   0.01138   0.01161   0.01183   0.01202   0.01219   0.01234   0.01245   0.01253   0.01257   0.01258   0.01257   0.01252   0.01243   0.01231   0.01216   0.01196   0.01174   0.01147   0.01117   0.01083   0.01045   0.01003   0.00958   0.00912   0.00867   0.00826   0.00794   0.00772   0.00765   0.00772   0.00785   0.00802   0.00814   0.00816   0.00800   0.00763   0.00713   0.00653   0.00584   0.00502   0.00411   0.00315   0.00196   0.00057  -0.00098  -0.00294  -0.00552  -0.00879  -0.01296  -0.01844  -0.02544  -0.03391  -0.04362  -0.05423  -0.06524  -0.07612  -0.08646  -0.09596  -0.10452  -0.11211  -0.11885  -0.12488  -0.13036  -0.13544  -0.14021  -0.14470  -0.14894  -0.15295  -0.15671  -0.16021  -0.16345  -0.16642  -0.16911  -0.17154  -0.17372  -0.17570  -0.17744  -0.17890  -0.18007  -0.18095  -0.18159  -0.18201  -0.18226  -0.18236  -0.18220  -0.18179  -0.18121  -0.18044  -0.17950  -0.17840  -0.17718  -0.17584  -0.17439  -0.17284  -0.17121  -0.16949  -0.16770  -0.16583  -0.16390  -0.16191  -0.15986  -0.15776  -0.15562  -0.15343  -0.15121  -0.14896  -0.14669  -0.14440  -0.14210  -0.13979  -0.13747  -0.13515  -0.13284  -0.13053  -0.12823  -0.12593  -0.12365  -0.12139  -0.11915  -0.11694  -0.11475  -0.11258  -0.11044  -0.10833  -0.10624  -0.10418  -0.10215  -0.10014  -0.09816  -0.09620  -0.09427  -0.09235  -0.09046  -0.08860  -0.08675  -0.08492  -0.08311  -0.08132  -0.07955  -0.07779  -0.07606  -0.07434  -0.07264  -0.07096  -0.06931  -0.06767  -0.06606  -0.06447  -0.06290  -0.06136  -0.05985  -0.05836  -0.05690  -0.05547  -0.05407  -0.05268  -0.05133  -0.04999  -0.04867  -0.04736  -0.04607  -0.04479  -0.04353  -0.04227  -0.04102  -0.03977  -0.03854  -0.03731  -0.03612  -0.03497  -0.03389  -0.03292  -0.03209  -0.03142  -0.03085  -0.03043  -0.03083  -0.03243  -0.03523  -0.03898  -0.04267  -0.04522  -0.04502  -0.04189  -0.03663  -0.02812  -0.01543   0.00118   0.01900   0.02506   0.01854   0.00972  -0.00920  -0.04310  -0.07674  -0.09619  -0.10363  -0.10583  -0.10147  -0.09154  -0.07785  -0.06129  -0.03901   0.00000
244.3750   0.00000   0.00085   0.00341   0.00696   0.01046   0.01269   0.01262   0.01035   0.00695   0.00408   0.00281   0.00255   0.00289   0.00410   0.00557   0.00687   0.00788   0.00858   0.00905   0.00936   0.00959   0.00981   0.01003   0.01025   0.01047   0.01069   0.01089   0.01108   0.01124   0.01138   0.01150   0.01159   0.01164   0.01167   0.01166   0.01162   0.01156   0.01146   0.01132   0.01115   0.01095   0.01071   0.01043   0.01012   0.00976   0.00937   0.00895   0.00850   0.00804   0.00760   0.00723   0.00694   0.00680   0.00683   0.00699   0.00722   0.00745   0.00765   0.00780   0.00783   0.00772   0.00750   0.00716   0.00672   0.00620   0.00556   0.00478   0.00381   0.00267   0.00145  -0.00006  -0.00213  -0.00469  -0.00784  -0.01208  -0.01768  -0.02471  -0.03307  -0.04262  -0.05300  -0.06373  -0.07441  -0.08467  -0.09429  -0.10314  -0.11116  -0.11837  -0.12484  -0.13062  -0.13583  -0.14058  -0.14496  -0.14904  -0.15282  -0.15632  -0.15951  -0.16239  -0.16497  -0.16728  -0.16934  -0.17117  -0.17273  -0.17402  -0.17505  -0.17585  -0.17645  -0.17685  -0.17708  -0.17715  -0.17696  -0.17653  -0.17594  -0.17517  -0.17424  -0.17317  -0.17198  -0.17067  -0.16926  -0.16775  -0.16616  -0.16448  -0.16272  -0.16090  -0.15900  -0.15705  -0.15503  -0.15297  -0.15085  -0.14870  -0.14650  -0.14428  -0.14203  -0.13976  -0.13748  -0.13519  -0.13289  -0.13060  -0.12831  -0.12603  -0.12375  -0.12149  -0.11924  -0.11701  -0.11480  -0.11261  -0.11045  -0.10831  -0.10620  -0.10411  -0.10206  -0.10003  -0.09802  -0.09604  -0.09409  -0.09216  -0.09026  -0.08838  -0.08652  -0.08468  -0.08287  -0.08107  -0.07929  -0.07753  -0.07579  -0.07407  -0.07237  -0.07068  -0.06902  -0.06738  -0.06575  -0.06415  -0.06257  -0.06101  -0.05948  -0.05797  -0.05649  -0.05504  -0.05362  -0.05222  -0.05085  -0.04951  -0.04819  -0.04689  -0.04560  -0.04433  -0.04307  -0.04183  -0.04059  -0.03938  -0.03819  -0.03703  -0.03588  -0.03474  -0.03362  -0.03251  -0.03145  -0.03047  -0.02961  -0.02889  -0.02830  -0.02796  -0.02817  -0.02944  -0.03201  -0.03570  -0.03985  -0.04336  -0.04513  -0.04289  -0.03701  -0.02797  -0.01409   0.00417   0.02341   0.02907   0.02058   0.01220  -0.00043  -0.02942  -0.06663  -0.09302  -0.10439  -0.10789  -0.10543  -0.09771  -0.08586  -0.06942  -0.04445   0.00000
245.6250   0.00000   0.00096   0.00362   0.00708   0.01054   0.01233   0.01154   0.00882   0.00534   0.00309   0.00237   0.00217   0.00252   0.00375   0.00524   0.00652   0.00748   0.00810   0.00847   0.00867   0.00881   0.00896   0.00912   0.00929   0.00946   0.00962   0.00978   0.00991   0.01003   0.01013   0.01021   0.01026   0.01029   0.01029   0.01025   0.01020   0.01011   0.00999   0.00984   0.00966   0.00945   0.00921   0.00893   0.00862   0.00827   0.00789   0.00749   0.00706   0.00663   0.00624   0.00592   0.00570   0.00565   0.00577   0.00602   0.00636   0.00669   0.00697   0.00714   0.00721   0.00720   0.00711   0.00696   0.00678   0.00662   0.00637   0.00592   0.00537   0.00461   0.00365   0.00252   0.00097  -0.00095  -0.00322  -0.00627  -0.01042  -0.01581  -0.02243  -0.03035  -0.03938  -0.04914  -0.05927  -0.06943  -0.07934  -0.08880  -0.09771  -0.10599  -0.11361  -0.12057  -0.12686  -0.13248  -0.13751  -0.14205  -0.14617  -0.14989  -0.15321  -0.15617  -0.15876  -0.16103  -0.16300  -0.16467  -0.16604  -0.16715  -0.16805  -0.16879  -0.16937  -0.16978  -0.17002  -0.17008  -0.16987  -0.16942  -0.16884  -0.16808  -0.16718  -0.16614  -0.16498  -0.16371  -0.16234  -0.16088  -0.15933  -0.15769  -0.15599  -0.15421  -0.15236  -0.15046  -0.14849  -0.14648  -0.14441  -0.14231  -0.14017  -0.13799  -0.13579  -0.13357  -0.13133  -0.12908  -0.12683  -0.12457  -0.12233  -0.12010  -0.11788  -0.11568  -0.11350  -0.11134  -0.10920  -0.10708  -0.10499  -0.10292  -0.10087  -0.09886  -0.09686  -0.09490  -0.09296  -0.09104  -0.08915  -0.08728  -0.08544  -0.08361  -0.08181  -0.08003  -0.07827  -0.07653  -0.07480  -0.07310  -0.07141  -0.06974  -0.06809  -0.06646  -0.06485  -0.06326  -0.06168  -0.06013  -0.05860  -0.05709  -0.05561  -0.05415  -0.05272  -0.05131  -0.04993  -0.04859  -0.04727  -0.04597  -0.04470  -0.04345  -0.04222  -0.04100  -0.03979  -0.03859  -0.03741  -0.03625  -0.03511  -0.03401  -0.03293  -0.03189  -0.03086  -0.02984  -0.02886  -0.02792  -0.02706  -0.02627  -0.02561  -0.02522  -0.02524  -0.02624  -0.02861  -0.03217  -0.03656  -0.04086  -0.04386  -0.04298  -0.03753  -0.02786  -0.01285   0.00684   0.02666   0.03132   0.01987   0.01142   0.00601  -0.01478  -0.05165  -0.08511  -0.10277  -0.10886  -0.10877  -0.10343  -0.09311  -0.07687  -0.04950   0.00000
246.8750   0.00000   0.00104   0.00370   0.00700   0.01008   0.01122   0.00978   0.00667   0.00360   0.00223   0.00195   0.00174   0.00207   0.00328   0.00469   0.00585   0.00667   0.00716   0.00737   0.00743   0.00749   0.00757   0.00766   0.00777   0.00788   0.00798   0.00808   0.00816   0.00823   0.00828   0.00832   0.00833   0.00832   0.00829   0.00823   0.00816   0.00806   0.00793   0.00778   0.00761   0.00741   0.00719   0.00694   0.00666   0.00635   0.00602   0.00567   0.00530   0.00495   0.00464   0.00440   0.00427   0.00429   0.00447   0.00478   0.00518   0.00559   0.00593   0.00615   0.00626   0.00626   0.00619   0.00612   0.00605   0.00602   0.00602   0.00592   0.00585   0.00565   0.00507   0.00436   0.00354   0.00234   0.00073  -0.00129  -0.00397  -0.00760  -0.01223  -0.01803  -0.02502  -0.03292  -0.04150  -0.05048  -0.05959  -0.06863  -0.07745  -0.08595  -0.09406  -0.10176  -0.10904  -0.11588  -0.12223  -0.12802  -0.13325  -0.13794  -0.14214  -0.14587  -0.14916  -0.15203  -0.15451  -0.15662  -0.15837  -0.15982  -0.16103  -0.16201  -0.16276  -0.16328  -0.16357  -0.16366  -0.16348  -0.16307  -0.16252  -0.16181  -0.16095  -0.15995  -0.15883  -0.15759  -0.15625  -0.15480  -0.15327  -0.15166  -0.14996  -0.14820  -0.14637  -0.14447  -0.14252  -0.14052  -0.13847  -0.13638  -0.13425  -0.13209  -0.12991  -0.12770  -0.12548  -0.12324  -0.12100  -0.11877  -0.11654  -0.11432  -0.11213  -0.10997  -0.10783  -0.10572  -0.10363  -0.10157  -0.09953  -0.09751  -0.09552  -0.09355  -0.09161  -0.08969  -0.08780  -0.08594  -0.08409  -0.08228  -0.08048  -0.07870  -0.07695  -0.07522  -0.07350  -0.07181  -0.07013  -0.06847  -0.06683  -0.06521  -0.06361  -0.06202  -0.06046  -0.05891  -0.05738  -0.05588  -0.05439  -0.05293  -0.05149  -0.05007  -0.04868  -0.04732  -0.04598  -0.04467  -0.04339  -0.04215  -0.04093  -0.03974  -0.03856  -0.03740  -0.03625  -0.03511  -0.03398  -0.03287  -0.03178  -0.03072  -0.02970  -0.02870  -0.02773  -0.02678  -0.02588  -0.02503  -0.02422  -0.02343  -0.02270  -0.02224  -0.02211  -0.02280  -0.02478  -0.02800  -0.03233  -0.03704  -0.04081  -0.04258  -0.03843  -0.02760  -0.01168   0.00907   0.02863   0.03085   0.01606   0.00814   0.00896  -0.00159  -0.03167  -0.06925  -0.09624  -0.10801  -0.11149  -0.10866  -0.09914  -0.08310  -0.05391   0.00000
248.1250   0.00000   0.00096   0.00337   0.00638   0.00853   0.00861   0.00684   0.00399   0.00197   0.00150   0.00141   0.00120   0.00145   0.00248   0.00361   0.00450   0.00506   0.00532   0.00538   0.00535   0.00535   0.00537   0.00542   0.00546   0.00551   0.00556   0.00560   0.00563   0.00566   0.00567   0.00567   0.00565   0.00562   0.00557   0.00551   0.00544   0.00535   0.00524   0.00512   0.00498   0.00483   0.00466   0.00448   0.00427   0.00405   0.00381   0.00357   0.00332   0.00309   0.00289   0.00276   0.00271   0.00278   0.00296   0.00325   0.00362   0.00399   0.00430   0.00452   0.00464   0.00469   0.00468   0.00468   0.00468   0.00467   0.00474   0.00479   0.00485   0.00493   0.00483   0.00460   0.00447   0.00412   0.00325   0.00218   0.00092  -0.00082  -0.00336  -0.00678  -0.01106  -0.01615  -0.02199  -0.02840  -0.03521  -0.04224  -0.04934  -0.05640  -0.06331  -0.07002  -0.07649  -0.08267  -0.08853  -0.09406  -0.09924  -0.10407  -0.10855  -0.11268  -0.11647  -0.11990  -0.12301  -0.12577  -0.12816  -0.13024  -0.13204  -0.13358  -0.13484  -0.13582  -0.13653  -0.13700  -0.13728  -0.13741  -0.13734  -0.13708  -0.13670  -0.13617  -0.13551  -0.13473  -0.13384  -0.13284  -0.13175  -0.13056  -0.12929  -0.12795  -0.12653  -0.12504  -0.12349  -0.12189  -0.12023  -0.11853  -0.11678  -0.11500  -0.11319  -0.11135  -0.10949  -0.10761  -0.10573  -0.10384  -0.10195  -0.10007  -0.09820  -0.09634  -0.09450  -0.09267  -0.09086  -0.08907  -0.08730  -0.08555  -0.08381  -0.08210  -0.08041  -0.07873  -0.07708  -0.07545  -0.07384  -0.07225  -0.07068  -0.06913  -0.06759  -0.06607  -0.06457  -0.06308  -0.06161  -0.06015  -0.05871  -0.05729  -0.05587  -0.05448  -0.05309  -0.05173  -0.05038  -0.04904  -0.04772  -0.04642  -0.04514  -0.04388  -0.04264  -0.04142  -0.04022  -0.03905  -0.03791  -0.03679  -0.03570  -0.03464  -0.03359  -0.03255  -0.03152  -0.03049  -0.02948  -0.02848  -0.02750  -0.02655  -0.02563  -0.02474  -0.02385  -0.02299  -0.02218  -0.02144  -0.02072  -0.01994  -0.01917  -0.01862  -0.01836  -0.01857  -0.01967  -0.02194  -0.02576  -0.03095  -0.03605  -0.03940  -0.03669  -0.02644  -0.01028   0.01052   0.02784   0.02516   0.00846   0.00320   0.00814   0.00665  -0.01013  -0.04180  -0.07478  -0.09552  -0.10460  -0.10786  -0.10141  -0.08433  -0.05450   0.00000
249.3750   0.00000   0.00051   0.00190   0.00361   0.00432   0.00376   0.00258   0.00119   0.00054   0.00056   0.00056   0.00041   0.00049   0.00101   0.00154   0.00192   0.00213   0.00218   0.00217   0.00213   0.00211   0.00211   0.00212   0.00213   0.00214   0.00215   0.00215   0.00215   0.00215   0.00215   0.00214   0.00212   0.00210   0.00207   0.00204   0.00201   0.00197   0.00193   0.00188   0.00183   0.00177   0.00171   0.00164   0.00157   0.00149   0.00140   0.00131   0.00122   0.00114   0.00108   0.00104   0.00105   0.00110   0.00119   0.00134   0.00151   0.00168   0.00182   0.00192   0.00198   0.00202   0.00206   0.00211   0.00217   0.00222   0.00230   0.00237   0.00240   0.00248   0.00259   0.00262   0.00269   0.00275   0.00268   0.00257   0.00248   0.00238   0.00184   0.00076  -0.00054  -0.00214  -0.00414  -0.00653  -0.00926  -0.01228  -0.01552  -0.01891  -0.02240  -0.02593  -0.02948  -0.03301  -0.03651  -0.03994  -0.04328  -0.04650  -0.04958  -0.05252  -0.05528  -0.05788  -0.06030  -0.06254  -0.06453  -0.06631  -0.06790  -0.06933  -0.07057  -0.07160  -0.07242  -0.07303  -0.07349  -0.07383  -0.07404  -0.07416  -0.07416  -0.07405  -0.07385  -0.07356  -0.07320  -0.07276  -0.07225  -0.07168  -0.07105  -0.07037  -0.06964  -0.06886  -0.06804  -0.06718  -0.06628  -0.06536  -0.06440  -0.06343  -0.06243  -0.06142  -0.06039  -0.05936  -0.05832  -0.05727  -0.05623  -0.05519  -0.05415  -0.05310  -0.05207  -0.05103  -0.05001  -0.04900  -0.04800  -0.04702  -0.04606  -0.04511  -0.04417  -0.04325  -0.04234  -0.04145  -0.04057  -0.03971  -0.03886  -0.03802  -0.03719  -0.03638  -0.03558  -0.03479  -0.03400  -0.03323  -0.03246  -0.03171  -0.03096  -0.03022  -0.02949  -0.02877  -0.02806  -0.02735  -0.02666  -0.02597  -0.02529  -0.02463  -0.02397  -0.02333  -0.02270  -0.02208  -0.02147  -0.02088  -0.02030  -0.01973  -0.01917  -0.01861  -0.01806  -0.01751  -0.01697  -0.01643  -0.01591  -0.01540  -0.01491  -0.01441  -0.01389  -0.01339  -0.01290  -0.01245  -0.01198  -0.01141  -0.01078  -0.01026  -0.00992  -0.00972  -0.00972  -0.01014  -0.01174  -0.01508  -0.01943  -0.02289  -0.02421  -0.01917  -0.00682   0.00986   0.01830   0.01033   0.00007  -0.00057   0.00439   0.00646   0.00418  -0.00807  -0.03036  -0.05371  -0.07085  -0.07956  -0.08257  -0.07274  -0.04633   0.00000
